{"type":"FeatureCollection", "features": [
{"type":"Feature","geometry":{"type":"Polygon","coordinates":[[[150.8648,-33.8834],[150.8693,-33.875],[150.87,-33.8724],[150.8704,-33.8654],[150.8766,-33.8511],[150.8759,-33.8484],[150.8727,-33.8465],[150.8684,-33.8493],[150.8708,-33.8569],[150.8678,-33.86],[150.8641,-33.8621],[150.8634,-33.8645],[150.8537,-33.8631],[150.8524,-33.8696],[150.8425,-33.8762],[150.8505,-33.8823],[150.8539,-33.8838],[150.8646,-33.8835],[150.8648,-33.8834]]]},"properties":{"SAL_CODE21":"10002","SAL_NAME21":"Abbotsbury","STE_CODE21":"1","STE_NAME21":"New South Wales","AUS_CODE21":"AUS","AUS_NAME21":"Australia","AREASQKM21":4.9788,"LOCI_URI21":"http://linked.data.gov.au/dataset/asgsed3/SAL/10002","SHAPE_Leng":0.123050586753,"SHAPE_Area":0.000485101612911}},
{"type":"Feature","geometry":{"type":"Polygon","coordinates":[[[151.1278,-33.8573],[151.1305,-33.8556],[151.1366,-33.8549],[151.1376,-33.8538],[151.1317,-33.8516],[151.1334,-33.8494],[151.13,-33.8437],[151.1222,-33.8481],[151.1257,-33.8505],[151.1258,-33.8542],[151.1278,-33.8573]]]},"properties":{"SAL_CODE21":"10003","SAL_NAME21":"Abbotsford (NSW)","STE_CODE21":"1","STE_NAME21":"New South Wales","AUS_CODE21":"AUS","AUS_NAME21":"Australia","AREASQKM21":1.018,"LOCI_URI21":"http://linked.data.gov.au/dataset/asgsed3/SAL/10003","SHAPE_Leng":0.0534228593618,"SHAPE_Area":0.0000991574913106}},
{"type":"Feature","geometry":{"type":"Polygon","coordinates":[[[150.9214,-33.7312],[150.914,-33.7297],[150.9065,-33.7301],[150.9081,-33.7338],[150.9061,-33.7365],[150.9179,-33.7385],[150.9214,-33.7312]]]},"properties":{"SAL_CODE21":"10014","SAL_NAME21":"Acacia Gardens","STE_CODE21":"1","STE_NAME21":"New South Wales","AUS_CODE21":"AUS","AUS_NAME21":"Australia","AREASQKM21":1.0013,"LOCI_URI21":"http://linked.data.gov.au/dataset/asgsed3/SAL/10014","SHAPE_Leng":0.0445578450037,"SHAPE_Area":0.0000974072546732}},
{"type":"Feature","geometry":{"type":"Polygon","coordinates":[[[150.7092,-33.6482],[150.7132,-33.6281],[150.7192,-33.6289],[150.7214,-33.618],[150.7205,-33.6175],[150.718,-33.6033],[150.7251,-33.5956],[150.7239,-33.5924],[150.7198,-33.5883],[150.7246,-33.5848],[150.7118,-33.5921],[150.7093,-33.5927],[150.7046,-33.5959],[150.7055,-33.5995],[150.7008,-33.6049],[150.6966,-33.6068],[150.6958,-33.6096],[150.6961,-33.6182],[150.6915,-33.6217],[150.6852,-33.622],[150.6815,-33.6251],[150.6772,-33.6308],[150.6731,-33.6398],[150.6801,-33.6411],[150.679,-33.6428],[150.6917,-33.6458],[150.7092,-33.6482]]]},"properties":{"SAL_CODE21":"10021","SAL_NAME21":"Agnes Banks","STE_CODE21":"1","STE_NAME21":"New South Wales","AUS_CODE21":"AUS","AUS_NAME21":"Australia","AREASQKM21":15.475,"LOCI_URI21":"http://linked.data.gov.au/dataset/asgsed3/SAL/10021","SHAPE_Leng":0.215383472111,"SHAPE_Area":0.00150359462929}},
{"type":"Feature","geometry":{"type":"Polygon","coordinates":[[[150.8443,-34.0827],[150.8455,-34.077],[150.8364,-34.079],[150.8314,-34.0786],[150.8214,-34.0913],[150.8206,-34.0931],[150.8322,-34.0948],[150.8343,-34.094],[150.8382,-34.0881],[150.8443,-34.0827]]]},"properties":{"SAL_CODE21":"10022","SAL_NAME21":"Airds","STE_CODE21":"1","STE_NAME21":"New South Wales","AUS_CODE21":"AUS","AUS_NAME21":"Australia","AREASQKM21":2.3806,"LOCI_URI21":"http://linked.data.gov.au/dataset/asgsed3/SAL/10022","SHAPE_Leng":0.0718919744322,"SHAPE_Area":0.000232558195976}},
{"type":"Feature","geometry":{"type":"Polygon","coordinates":[[[151.1975,-33.895],[151.1975,-33.8971],[151.1894,-33.8981],[151.1922,-33.9019],[151.187,-33.9076],[151.1816,-33.9071],[151.1812,-33.9133],[151.186,-33.9173],[151.1808,-33.9192],[151.1964,-33.9214],[151.1994,-33.9186],[151.2008,-33.9146],[151.1988,-33.912],[151.2002,-33.9084],[151.2028,-33.9087],[151.2028,-33.9055],[151.1991,-33.8952],[151.1975,-33.895]]]},"properties":{"SAL_CODE21":"10030","SAL_NAME21":"Alexandria","STE_CODE21":"1","STE_NAME21":"New South Wales","AUS_CODE21":"AUS","AUS_NAME21":"Australia","AREASQKM21":3.537,"LOCI_URI21":"http://linked.data.gov.au/dataset/asgsed3/SAL/10030","SHAPE_Leng":0.102839039103,"SHAPE_Area":0.000344775561688}},
{"type":"Feature","geometry":{"type":"Polygon","coordinates":[[[151.0261,-33.9985],[151.0276,-33.9893],[151.0295,-33.9882],[151.0302,-33.984],[151.0331,-33.9823],[151.0371,-33.9821],[151.0346,-33.9775],[151.0251,-33.9787],[151.021,-33.9776],[151.0158,-33.9829],[151.0184,-33.9889],[151.0179,-33.9928],[151.0141,-33.996],[151.0261,-33.9985]]]},"properties":{"SAL_CODE21":"10031","SAL_NAME21":"Alfords Point","STE_CODE21":"1","STE_NAME21":"New South Wales","AUS_CODE21":"AUS","AUS_NAME21":"Australia","AREASQKM21":2.5665,"LOCI_URI21":"http://linked.data.gov.au/dataset/asgsed3/SAL/10031","SHAPE_Leng":0.0827868662045,"SHAPE_Area":0.000250411733665}},
{"type":"Feature","geometry":{"type":"Polygon","coordinates":[[[151.3936,-33.268],[151.3972,-33.2679],[151.4001,-33.271],[151.4009,-33.2756],[151.4013,-33.2791],[151.4053,-33.2787],[151.4051,-33.2694],[151.4036,-33.2657],[151.3992,-33.2624],[151.3899,-33.2595],[151.3901,-33.2654],[151.3936,-33.268]]]},"properties":{"SAL_CODE21":"10034","SAL_NAME21":"Alison (Central Coast - NSW)","STE_CODE21":"1","STE_NAME21":"New South Wales","AUS_CODE21":"AUS","AUS_NAME21":"Australia","AREASQKM21":1.3958,"LOCI_URI21":"http://linked.data.gov.au/dataset/asgsed3/SAL/10034","SHAPE_Leng":0.0731432207083,"SHAPE_Area":0.00013507309623}},
{"type":"Feature","geometry":{"type":"Polygon","coordinates":[[[151.2556,-33.7838],[151.256,-33.7791],[151.261,-33.777],[151.2643,-33.7785],[151.2667,-33.7764],[151.266,-33.7703],[151.2586,-33.7685],[151.2603,-33.7603],[151.2537,-33.7591],[151.2509,-33.7597],[151.2491,-33.7567],[151.2394,-33.7554],[151.2351,-33.7557],[151.2324,-33.7626],[151.2335,-33.7659],[151.2378,-33.7759],[151.2383,-33.7787],[151.2432,-33.7816],[151.2556,-33.7838]]]},"properties":{"SAL_CODE21":"10036","SAL_NAME21":"Allambie Heights","STE_CODE21":"1","STE_NAME21":"New South Wales","AUS_CODE21":"AUS","AUS_NAME21":"Australia","AREASQKM21":6.6746,"LOCI_URI21":"http://linked.data.gov.au/dataset/asgsed3/SAL/10036","SHAPE_Leng":0.130941437996,"SHAPE_Area":0.000649607603648}},
{"type":"Feature","geometry":{"type":"Polygon","coordinates":[[[151.1143,-33.9767],[151.1168,-33.9762],[151.1203,-33.972],[151.1191,-33.9696],[151.1157,-33.9701],[151.1131,-33.9696],[151.1083,-33.972],[151.1143,-33.9767]]]},"properties":{"SAL_CODE21":"10038","SAL_NAME21":"Allawah","STE_CODE21":"1","STE_NAME21":"New South Wales","AUS_CODE21":"AUS","AUS_NAME21":"Australia","AREASQKM21":0.5837,"LOCI_URI21":"http://linked.data.gov.au/dataset/asgsed3/SAL/10038","SHAPE_Leng":0.0398588416931,"SHAPE_Area":0.0000569672032819}},
{"type":"Feature","geometry":{"type":"Polygon","coordinates":[[[150.7803,-34.0979],[150.7876,-34.0982],[150.7929,-34.0959],[150.8044,-34.0959],[150.8047,-34.0947],[150.8063,-34.086],[150.8079,-34.0812],[150.7993,-34.0797],[150.7944,-34.0823],[150.7887,-34.0866],[150.7875,-34.093],[150.7803,-34.0979]]]},"properties":{"SAL_CODE21":"10049","SAL_NAME21":"Ambarvale","STE_CODE21":"1","STE_NAME21":"New South Wales","AUS_CODE21":"AUS","AUS_NAME21":"Australia","AREASQKM21":2.848,"LOCI_URI21":"http://linked.data.gov.au/dataset/asgsed3/SAL/10049","SHAPE_Leng":0.0800850044385,"SHAPE_Area":0.000278188687071}},
{"type":"Feature","geometry":{"type":"Polygon","coordinates":[[[150.8518,-33.6849],[150.8544,-33.681],[150.8535,-33.6774],[150.8508,-33.6761],[150.8136,-33.671],[150.8148,-33.6733],[150.8191,-33.6758],[150.8124,-33.6776],[150.8211,-33.6854],[150.8243,-33.6889],[150.8322,-33.6978],[150.8332,-33.6937],[150.8355,-33.6919],[150.8472,-33.6901],[150.8513,-33.6868],[150.8518,-33.6849]]]},"properties":{"SAL_CODE21":"10060","SAL_NAME21":"Angus","STE_CODE21":"1","STE_NAME21":"New South Wales","AUS_CODE21":"AUS","AUS_NAME21":"Australia","AREASQKM21":6.0899,"LOCI_URI21":"http://linked.data.gov.au/dataset/asgsed3/SAL/10060","SHAPE_Leng":0.125529032739,"SHAPE_Area":0.000592114684383}},
{"type":"Feature","geometry":{"type":"Polygon","coordinates":[[[151.1727,-33.8875],[151.1765,-33.8867],[151.1762,-33.8827],[151.1769,-33.876],[151.1774,-33.8727],[151.1735,-33.8713],[151.172,-33.8721],[151.1694,-33.8741],[151.1674,-33.8802],[151.1642,-33.8863],[151.1621,-33.8881],[151.1727,-33.8875]]]},"properties":{"SAL_CODE21":"10062","SAL_NAME21":"Annandale (NSW)","STE_CODE21":"1","STE_NAME21":"New South Wales","AUS_CODE21":"AUS","AUS_NAME21":"Australia","AREASQKM21":1.4931,"LOCI_URI21":"http://linked.data.gov.au/dataset/asgsed3/SAL/10062","SHAPE_Leng":0.0568705830684,"SHAPE_Area":0.000145514317188}},
{"type":"Feature","geometry":{"type":"Polygon","coordinates":[[[150.9629,-33.6829],[150.9646,-33.679],[150.9691,-33.6815],[150.9739,-33.6826],[150.9783,-33.6808],[150.9783,-33.6777],[150.973,-33.6767],[150.9706,-33.6752],[150.9716,-33.6705],[150.9694,-33.6702],[150.9706,-33.6641],[150.9681,-33.6647],[150.9627,-33.6681],[150.9612,-33.6655],[150.9561,-33.6618],[150.956,-33.6565],[150.9529,-33.6491],[150.9505,-33.6489],[150.9488,-33.6459],[150.9428,-33.6424],[150.9426,-33.6404],[150.939,-33.6385],[150.94,-33.6292],[150.9353,-33.6286],[150.9318,-33.63],[150.9278,-33.6281],[150.9232,-33.6279],[150.9279,-33.6365],[150.9248,-33.6397],[150.9272,-33.6419],[150.9358,-33.6415],[150.9378,-33.6443],[150.9365,-33.6496],[150.9305,-33.6483],[150.928,-33.6491],[150.9272,-33.655],[150.9298,-33.6561],[150.9308,-33.6601],[150.9329,-33.6597],[150.9369,-33.6612],[150.9379,-33.6642],[150.943,-33.6675],[150.9467,-33.668],[150.9491,-33.6739],[150.9563,-33.6761],[150.9621,-33.6798],[150.9629,-33.6829]]]},"properties":{"SAL_CODE21":"10063","SAL_NAME21":"Annangrove","STE_CODE21":"1","STE_NAME21":"New South Wales","AUS_CODE21":"AUS","AUS_NAME21":"Australia","AREASQKM21":10.2464,"LOCI_URI21":"http://linked.data.gov.au/dataset/asgsed3/SAL/10063","SHAPE_Leng":0.262063934883,"SHAPE_Area":0.000995963586442}},
{"type":"Feature","geometry":{"type":"Polygon","coordinates":[[[150.8016,-34.1712],[150.7521,-34.1639],[150.7519,-34.1638],[150.7471,-34.1701],[150.748,-34.1761],[150.7472,-34.1809],[150.7424,-34.1831],[150.7312,-34.1793],[150.729,-34.1811],[150.7221,-34.1898],[150.7199,-34.1948],[150.7235,-34.1956],[150.7235,-34.1992],[150.7218,-34.2031],[150.7245,-34.2051],[150.7245,-34.2098],[150.7324,-34.2165],[150.7317,-34.219],[150.7278,-34.2205],[150.731,-34.223],[150.7407,-34.227],[150.7435,-34.229],[150.7428,-34.2316],[150.7482,-34.2305],[150.7555,-34.2301],[150.7568,-34.2264],[150.7603,-34.228],[150.7628,-34.2318],[150.7737,-34.2288],[150.7768,-34.2309],[150.7825,-34.2281],[150.7853,-34.2279],[150.7914,-34.2304],[150.8023,-34.233],[150.8076,-34.2392],[150.8076,-34.2433],[150.8106,-34.2449],[150.8109,-34.248],[150.8157,-34.2511],[150.8239,-34.2501],[150.8275,-34.2455],[150.8308,-34.2438],[150.8338,-34.238],[150.8381,-34.2398],[150.8449,-34.2448],[150.8482,-34.2457],[150.8532,-34.2493],[150.8612,-34.2505],[150.8665,-34.2526],[150.8705,-34.2563],[150.8762,-34.2597],[150.8808,-34.2585],[150.8826,-34.2515],[150.8863,-34.2427],[150.889,-34.241],[150.8919,-34.2361],[150.8964,-34.2343],[150.8979,-34.2323],[150.8912,-34.2284],[150.8936,-34.221],[150.8905,-34.2141],[150.885,-34.212],[150.8804,-34.2082],[150.8781,-34.2021],[150.8735,-34.1993],[150.8652,-34.2002],[150.8641,-34.193],[150.8591,-34.1937],[150.8575,-34.1925],[150.8578,-34.1818],[150.8595,-34.181],[150.856,-34.1777],[150.8537,-34.1784],[150.855,-34.1841],[150.8491,-34.1821],[150.8513,-34.1786],[150.8457,-34.1788],[150.8446,-34.1757],[150.8409,-34.1765],[150.8166,-34.1732],[150.8016,-34.1712]]]},"properties":{"SAL_CODE21":"10064","SAL_NAME21":"Appin (NSW)","STE_CODE21":"1","STE_NAME21":"New South Wales","AUS_CODE21":"AUS","AUS_NAME21":"Australia","AREASQKM21":102.055,"LOCI_URI21":"http://linked.data.gov.au/dataset/asgsed3/SAL/10064","SHAPE_Leng":0.54675799214,"SHAPE_Area":0.00998311147536}},
{"type":"Feature","geometry":{"type":"Polygon","coordinates":[[[151.1109,-33.5868],[151.1074,-33.5811],[151.1039,-33.5814],[151.094,-33.578],[151.0876,-33.5786],[151.0835,-33.5798],[151.0806,-33.5823],[151.0797,-33.5852],[151.0757,-33.5888],[151.0724,-33.5892],[151.0682,-33.5925],[151.067,-33.5978],[151.0643,-33.6002],[151.0636,-33.6079],[151.0611,-33.6104],[151.056,-33.6083],[151.0547,-33.6105],[151.0503,-33.6088],[151.0493,-33.6054],[151.0424,-33.6043],[151.041,-33.6065],[151.0345,-33.604],[151.0333,-33.6051],[151.035,-33.6115],[151.0318,-33.6124],[151.0316,-33.6182],[151.0286,-33.622],[151.0301,-33.6344],[151.039,-33.6319],[151.0397,-33.6337],[151.0467,-33.6312],[151.0519,-33.6303],[151.052,-33.635],[151.056,-33.634],[151.0632,-33.6341],[151.068,-33.6353],[151.0686,-33.632],[151.0747,-33.6318],[151.0768,-33.6292],[151.0813,-33.6272],[151.0867,-33.6278],[151.0888,-33.6172],[151.0904,-33.6129],[151.0871,-33.6125],[151.0881,-33.6075],[151.0855,-33.6072],[151.0893,-33.6013],[151.0925,-33.5989],[151.0979,-33.5929],[151.101,-33.5876],[151.1038,-33.587],[151.108,-33.5862],[151.1109,-33.5868]]]},"properties":{"SAL_CODE21":"10073","SAL_NAME21":"Arcadia (NSW)","STE_CODE21":"1","STE_NAME21":"New South Wales","AUS_CODE21":"AUS","AUS_NAME21":"Australia","AREASQKM21":22.4088,"LOCI_URI21":"http://linked.data.gov.au/dataset/asgsed3/SAL/10073","SHAPE_Leng":0.295044568893,"SHAPE_Area":0.00217700586222}},
{"type":"Feature","geometry":{"type":"Polygon","coordinates":[[[151.1487,-33.9307],[151.1446,-33.9336],[151.1383,-33.9329],[151.1384,-33.9361],[151.1302,-33.9403],[151.1303,-33.9431],[151.1336,-33.9434],[151.1527,-33.9448],[151.1571,-33.9468],[151.1607,-33.9454],[151.1599,-33.9434],[151.1612,-33.9373],[151.1605,-33.934],[151.1598,-33.9333],[151.1558,-33.9357],[151.1487,-33.9307]]]},"properties":{"SAL_CODE21":"10087","SAL_NAME21":"Arncliffe","STE_CODE21":"1","STE_NAME21":"New South Wales","AUS_CODE21":"AUS","AUS_NAME21":"Australia","AREASQKM21":2.9429,"LOCI_URI21":"http://linked.data.gov.au/dataset/asgsed3/SAL/10087","SHAPE_Leng":0.102650391077,"SHAPE_Area":0.000287053411331}},
{"type":"Feature","geometry":{"type":"Polygon","coordinates":[[[150.8962,-33.7978],[150.8979,-33.7928],[150.8925,-33.7903],[150.8838,-33.788],[150.879,-33.7833],[150.8727,-33.7832],[150.8711,-33.7923],[150.8715,-33.7924],[150.8894,-33.7957],[150.8962,-33.7978]]]},"properties":{"SAL_CODE21":"10088","SAL_NAME21":"Arndell Park","STE_CODE21":"1","STE_NAME21":"New South Wales","AUS_CODE21":"AUS","AUS_NAME21":"Australia","AREASQKM21":2.0008,"LOCI_URI21":"http://linked.data.gov.au/dataset/asgsed3/SAL/10088","SHAPE_Leng":0.0733660759579,"SHAPE_Area":0.000194774578487}},
{"type":"Feature","geometry":{"type":"Polygon","coordinates":[[[151.1934,-33.8176],[151.1938,-33.8126],[151.1927,-33.8081],[151.1938,-33.8027],[151.1915,-33.802],[151.1874,-33.8014],[151.1793,-33.8054],[151.1795,-33.8073],[151.1755,-33.8124],[151.1789,-33.8166],[151.1822,-33.8179],[151.1867,-33.8224],[151.1891,-33.8212],[151.1884,-33.818],[151.1934,-33.8176]]]},"properties":{"SAL_CODE21":"10091","SAL_NAME21":"Artarmon","STE_CODE21":"1","STE_NAME21":"New South Wales","AUS_CODE21":"AUS","AUS_NAME21":"Australia","AREASQKM21":2.5348,"LOCI_URI21":"http://linked.data.gov.au/dataset/asgsed3/SAL/10091","SHAPE_Leng":0.0712488727156,"SHAPE_Area":0.00024688811721}},
{"type":"Feature","geometry":{"type":"Polygon","coordinates":[[[151.1251,-33.9038],[151.1238,-33.9025],[151.1251,-33.8957],[151.1166,-33.8957],[151.1147,-33.8992],[151.1119,-33.8989],[151.11,-33.9032],[151.1114,-33.905],[151.117,-33.9026],[151.123,-33.9045],[151.1235,-33.9067],[151.1251,-33.9038]]]},"properties":{"SAL_CODE21":"10094","SAL_NAME21":"Ashbury","STE_CODE21":"1","STE_NAME21":"New South Wales","AUS_CODE21":"AUS","AUS_NAME21":"Australia","AREASQKM21":1.0312,"LOCI_URI21":"http://linked.data.gov.au/dataset/asgsed3/SAL/10094","SHAPE_Leng":0.0558629346045,"SHAPE_Area":0.000100490484012}},
{"type":"Feature","geometry":{"type":"Polygon","coordinates":[[[150.9005,-33.9231],[150.9056,-33.9193],[150.9041,-33.9152],[150.9077,-33.9141],[150.8996,-33.9096],[150.8942,-33.911],[150.8949,-33.9184],[150.896,-33.9214],[150.9005,-33.9231]]]},"properties":{"SAL_CODE21":"10098","SAL_NAME21":"Ashcroft","STE_CODE21":"1","STE_NAME21":"New South Wales","AUS_CODE21":"AUS","AUS_NAME21":"Australia","AREASQKM21":1.1539,"LOCI_URI21":"http://linked.data.gov.au/dataset/asgsed3/SAL/10098","SHAPE_Leng":0.0593236669726,"SHAPE_Area":0.000112494070122}},
{"type":"Feature","geometry":{"type":"Polygon","coordinates":[[[151.1251,-33.9038],[151.1286,-33.9047],[151.132,-33.9009],[151.1323,-33.8898],[151.139,-33.886],[151.135,-33.8843],[151.1275,-33.8742],[151.1228,-33.8777],[151.1163,-33.8883],[151.1164,-33.8915],[151.1166,-33.8957],[151.1251,-33.8957],[151.1238,-33.9025],[151.1251,-33.9038]]]},"properties":{"SAL_CODE21":"10099","SAL_NAME21":"Ashfield (NSW)","STE_CODE21":"1","STE_NAME21":"New South Wales","AUS_CODE21":"AUS","AUS_NAME21":"Australia","AREASQKM21":3.4144,"LOCI_URI21":"http://linked.data.gov.au/dataset/asgsed3/SAL/10099","SHAPE_Leng":0.101313621015,"SHAPE_Area":0.000332702772386}},
{"type":"Feature","geometry":{"type":"Polygon","coordinates":[[[151.1051,-33.6823],[151.1035,-33.6899],[151.1018,-33.694],[151.1091,-33.6937],[151.1112,-33.6969],[151.1166,-33.6936],[151.12,-33.6941],[151.1214,-33.6923],[151.1237,-33.6889],[151.1291,-33.6895],[151.1349,-33.685],[151.1378,-33.6844],[151.138,-33.6834],[151.1056,-33.6796],[151.1051,-33.6823]]]},"properties":{"SAL_CODE21":"10104","SAL_NAME21":"Asquith","STE_CODE21":"1","STE_NAME21":"New South Wales","AUS_CODE21":"AUS","AUS_NAME21":"Australia","AREASQKM21":3.5033,"LOCI_URI21":"http://linked.data.gov.au/dataset/asgsed3/SAL/10104","SHAPE_Leng":0.105331790208,"SHAPE_Area":0.000340660055939}},
{"type":"Feature","geometry":{"type":"Polygon","coordinates":[[[151.0251,-33.8766],[151.027,-33.8668],[151.0311,-33.8673],[151.0318,-33.8636],[151.0328,-33.8614],[151.0368,-33.862],[151.0383,-33.852],[151.0404,-33.8532],[151.0433,-33.848],[151.0422,-33.845],[151.0444,-33.8424],[151.0301,-33.8352],[151.03,-33.8352],[151.0244,-33.8344],[151.0192,-33.8373],[151.0168,-33.8429],[151.0169,-33.8477],[151.0179,-33.8499],[151.0156,-33.8529],[151.0163,-33.8566],[151.0139,-33.8601],[151.0151,-33.8632],[151.0132,-33.8696],[151.0121,-33.8747],[151.0132,-33.8784],[151.0155,-33.8797],[151.0181,-33.8789],[151.0208,-33.876],[151.0251,-33.8766]]]},"properties":{"SAL_CODE21":"10107","SAL_NAME21":"Auburn (NSW)","STE_CODE21":"1","STE_NAME21":"New South Wales","AUS_CODE21":"AUS","AUS_NAME21":"Australia","AREASQKM21":8.5637,"LOCI_URI21":"http://linked.data.gov.au/dataset/asgsed3/SAL/10107","SHAPE_Leng":0.153584362885,"SHAPE_Area":0.000834290046363}},
{"type":"Feature","geometry":{"type":"Polygon","coordinates":[[[150.8308,-33.9107],[150.8247,-33.9098],[150.8139,-33.8935],[150.8127,-33.8906],[150.8018,-33.8891],[150.8016,-33.8928],[150.7996,-33.8935],[150.8015,-33.8994],[150.8001,-33.9025],[150.7967,-33.905],[150.7948,-33.916],[150.7926,-33.9273],[150.7898,-33.9269],[150.7872,-33.9304],[150.7866,-33.9358],[150.788,-33.9375],[150.7886,-33.9427],[150.7917,-33.9483],[150.8131,-33.9512],[150.823,-33.952],[150.8217,-33.9475],[150.8194,-33.9459],[150.8217,-33.9397],[150.8195,-33.9368],[150.8224,-33.9345],[150.8212,-33.9284],[150.8254,-33.9258],[150.8296,-33.9206],[150.8285,-33.9181],[150.8292,-33.9136],[150.8308,-33.9107]]]},"properties":{"SAL_CODE21":"10110","SAL_NAME21":"Austral","STE_CODE21":"1","STE_NAME21":"New South Wales","AUS_CODE21":"AUS","AUS_NAME21":"Australia","AREASQKM21":17.6611,"LOCI_URI21":"http://linked.data.gov.au/dataset/asgsed3/SAL/10110","SHAPE_Leng":0.199111978644,"SHAPE_Area":0.00172189887154}},
{"type":"Feature","geometry":{"type":"Polygon","coordinates":[[[151.3237,-33.6423],[151.3338,-33.6415],[151.3319,-33.6364],[151.3348,-33.6335],[151.3392,-33.6338],[151.3403,-33.626],[151.3429,-33.6241],[151.34,-33.621],[151.3395,-33.6183],[151.3319,-33.6172],[151.3277,-33.6192],[151.3265,-33.6216],[151.3216,-33.6212],[151.3195,-33.6196],[151.3181,-33.6156],[151.3161,-33.6142],[151.316,-33.6226],[151.3148,-33.63],[151.3169,-33.6322],[151.3124,-33.6353],[151.3123,-33.6383],[151.3153,-33.6406],[151.3228,-33.6384],[151.3237,-33.6423]]]},"properties":{"SAL_CODE21":"10112","SAL_NAME21":"Avalon Beach","STE_CODE21":"1","STE_NAME21":"New South Wales","AUS_CODE21":"AUS","AUS_NAME21":"Australia","AREASQKM21":5.1524,"LOCI_URI21":"http://linked.data.gov.au/dataset/asgsed3/SAL/10112","SHAPE_Leng":0.159631943459,"SHAPE_Area":0.000500627742223}},
{"type":"Feature","geometry":{"type":"Polygon","coordinates":[[[151.4436,-33.4803],[151.4415,-33.4767],[151.441,-33.4719],[151.4368,-33.4702],[151.4355,-33.468],[151.4367,-33.4639],[151.4352,-33.4638],[151.4319,-33.4584],[151.4354,-33.4568],[151.433,-33.4541],[151.4315,-33.4594],[151.4289,-33.4618],[151.4263,-33.4548],[151.4261,-33.4588],[151.4233,-33.4594],[151.4194,-33.4645],[151.414,-33.4637],[151.4136,-33.4656],[151.4148,-33.469],[151.4131,-33.4759],[151.4309,-33.4784],[151.4328,-33.4819],[151.4377,-33.4795],[151.4436,-33.4803]]]},"properties":{"SAL_CODE21":"10115","SAL_NAME21":"Avoca Beach","STE_CODE21":"1","STE_NAME21":"New South Wales","AUS_CODE21":"AUS","AUS_NAME21":"Australia","AREASQKM21":4.4418,"LOCI_URI21":"http://linked.data.gov.au/dataset/asgsed3/SAL/10115","SHAPE_Leng":0.139491662474,"SHAPE_Area":0.000430812306836}},
{"type":"Feature","geometry":{"type":"Polygon","coordinates":[[[150.756,-33.9128],[150.7555,-33.9111],[150.7589,-33.9087],[150.7602,-33.9055],[150.7629,-33.9054],[150.7637,-33.901],[150.7711,-33.8964],[150.7693,-33.8943],[150.7711,-33.8923],[150.7714,-33.8883],[150.7686,-33.8856],[150.7688,-33.8809],[150.7679,-33.8755],[150.7733,-33.8739],[150.776,-33.8708],[150.7732,-33.8678],[150.7696,-33.8667],[150.7711,-33.8616],[150.7683,-33.858],[150.7694,-33.8544],[150.7675,-33.8524],[150.7649,-33.8535],[150.7617,-33.8509],[150.759,-33.8546],[150.7495,-33.8534],[150.7493,-33.8544],[150.7384,-33.8531],[150.7348,-33.8543],[150.7338,-33.8566],[150.7298,-33.8588],[150.7249,-33.8645],[150.7226,-33.8656],[150.7204,-33.87],[150.7216,-33.8753],[150.7213,-33.8825],[150.7234,-33.885],[150.7163,-33.8904],[150.7151,-33.8979],[150.7135,-33.8983],[150.7122,-33.9052],[150.7163,-33.9057],[150.7237,-33.9036],[150.7257,-33.907],[150.746,-33.9099],[150.756,-33.9128]]]},"properties":{"SAL_CODE21":"10133","SAL_NAME21":"Badgerys Creek","STE_CODE21":"1","STE_NAME21":"New South Wales","AUS_CODE21":"AUS","AUS_NAME21":"Australia","AREASQKM21":26.981,"LOCI_URI21":"http://linked.data.gov.au/dataset/asgsed3/SAL/10133","SHAPE_Leng":0.293534429698,"SHAPE_Area":0.00262933692153}},
{"type":"Feature","geometry":{"type":"Polygon","coordinates":[[[151.2701,-33.7871],[151.2667,-33.7866],[151.2643,-33.7889],[151.26,-33.7885],[151.2539,-33.7923],[151.2524,-33.7979],[151.2531,-33.8001],[151.2567,-33.8004],[151.2698,-33.8023],[151.2686,-33.7977],[151.2701,-33.7871]]]},"properties":{"SAL_CODE21":"10154","SAL_NAME21":"Balgowlah","STE_CODE21":"1","STE_NAME21":"New South Wales","AUS_CODE21":"AUS","AUS_NAME21":"Australia","AREASQKM21":1.959,"LOCI_URI21":"http://linked.data.gov.au/dataset/asgsed3/SAL/10154","SHAPE_Leng":0.0722882168257,"SHAPE_Area":0.00019075090403}},
{"type":"Feature","geometry":{"type":"Polygon","coordinates":[[[151.2567,-33.8004],[151.256,-33.8077],[151.2618,-33.8097],[151.2638,-33.8126],[151.2634,-33.8149],[151.2693,-33.8111],[151.2731,-33.8126],[151.2745,-33.8078],[151.2698,-33.8023],[151.2567,-33.8004]]]},"properties":{"SAL_CODE21":"10155","SAL_NAME21":"Balgowlah Heights","STE_CODE21":"1","STE_NAME21":"New South Wales","AUS_CODE21":"AUS","AUS_NAME21":"Australia","AREASQKM21":1.6838,"LOCI_URI21":"http://linked.data.gov.au/dataset/asgsed3/SAL/10155","SHAPE_Leng":0.0628027750254,"SHAPE_Area":0.000163927828418}},
{"type":"Feature","geometry":{"type":"Polygon","coordinates":[[[151.1861,-33.8548],[151.181,-33.8558],[151.1756,-33.8525],[151.1714,-33.8533],[151.1693,-33.8573],[151.1726,-33.8584],[151.1723,-33.8606],[151.1817,-33.8637],[151.1868,-33.8613],[151.1927,-33.8597],[151.1885,-33.8565],[151.1861,-33.8548]]]},"properties":{"SAL_CODE21":"10165","SAL_NAME21":"Balmain","STE_CODE21":"1","STE_NAME21":"New South Wales","AUS_CODE21":"AUS","AUS_NAME21":"Australia","AREASQKM21":1.5378,"LOCI_URI21":"http://linked.data.gov.au/dataset/asgsed3/SAL/10165","SHAPE_Leng":0.0859491155952,"SHAPE_Area":0.000149783521246}},
{"type":"Feature","geometry":{"type":"Polygon","coordinates":[[[151.1927,-33.8597],[151.1966,-33.8594],[151.1929,-33.8542],[151.1885,-33.8565],[151.1927,-33.8597]]]},"properties":{"SAL_CODE21":"10166","SAL_NAME21":"Balmain East","STE_CODE21":"1","STE_NAME21":"New South Wales","AUS_CODE21":"AUS","AUS_NAME21":"Australia","AREASQKM21":0.343,"LOCI_URI21":"http://linked.data.gov.au/dataset/asgsed3/SAL/10166","SHAPE_Leng":0.0398630168621,"SHAPE_Area":0.0000333978674107}},
{"type":"Feature","geometry":{"type":"Polygon","coordinates":[[[151.0288,-34.0256],[151.0345,-34.0237],[151.0407,-34.0245],[151.0441,-34.0229],[151.0416,-34.0172],[151.0456,-34.015],[151.0431,-34.0086],[151.044,-34.0065],[151.0385,-34.0059],[151.0365,-34.009],[151.0336,-34.0095],[151.0265,-34.0058],[151.0241,-34.0059],[151.0225,-34.0139],[151.0224,-34.0203],[151.02,-34.0208],[151.0189,-34.0242],[151.0211,-34.0281],[151.0235,-34.0257],[151.0288,-34.0256]]]},"properties":{"SAL_CODE21":"10178","SAL_NAME21":"Bangor (NSW)","STE_CODE21":"1","STE_NAME21":"New South Wales","AUS_CODE21":"AUS","AUS_NAME21":"Australia","AREASQKM21":3.9221,"LOCI_URI21":"http://linked.data.gov.au/dataset/asgsed3/SAL/10178","SHAPE_Leng":0.115054479723,"SHAPE_Area":0.000382844687711}},
{"type":"Feature","geometry":{"type":"Polygon","coordinates":[[[151.1336,-33.9434],[151.1368,-33.9469],[151.1459,-33.9493],[151.1528,-33.9505],[151.1571,-33.9468],[151.1527,-33.9448],[151.1336,-33.9434]]]},"properties":{"SAL_CODE21":"10179","SAL_NAME21":"Banksia","STE_CODE21":"1","STE_NAME21":"New South Wales","AUS_CODE21":"AUS","AUS_NAME21":"Australia","AREASQKM21":0.9568,"LOCI_URI21":"http://linked.data.gov.au/dataset/asgsed3/SAL/10179","SHAPE_Leng":0.0614924286106,"SHAPE_Area":0.0000933382440011}},
{"type":"Feature","geometry":{"type":"Polygon","coordinates":[[[151.2216,-33.9455],[151.2169,-33.9423],[151.2126,-33.9423],[151.2093,-33.9456],[151.2089,-33.9526],[151.206,-33.9566],[151.2074,-33.9608],[151.2036,-33.9599],[151.1991,-33.9599],[151.2021,-33.9713],[151.2182,-33.9673],[151.2207,-33.9684],[151.2202,-33.9643],[151.2212,-33.9591],[151.2237,-33.9578],[151.2234,-33.9481],[151.2216,-33.9455]]]},"properties":{"SAL_CODE21":"10180","SAL_NAME21":"Banksmeadow","STE_CODE21":"1","STE_NAME21":"New South Wales","AUS_CODE21":"AUS","AUS_NAME21":"Australia","AREASQKM21":4.1582,"LOCI_URI21":"http://linked.data.gov.au/dataset/asgsed3/SAL/10180","SHAPE_Leng":0.129273655795,"SHAPE_Area":0.000405573829974}},
{"type":"Feature","geometry":{"type":"Polygon","coordinates":[[[151.0385,-33.9339],[151.041,-33.9321],[151.0387,-33.9275],[151.0383,-33.9244],[151.0434,-33.9252],[151.044,-33.922],[151.0478,-33.9225],[151.0504,-33.9212],[151.0473,-33.9181],[151.0445,-33.9163],[151.0455,-33.9143],[151.0419,-33.9107],[151.0417,-33.9071],[151.0377,-33.9038],[151.037,-33.906],[151.0324,-33.9072],[151.0268,-33.9122],[151.0138,-33.9104],[151.0116,-33.9159],[151.023,-33.9174],[151.0229,-33.9212],[151.0206,-33.9319],[151.0194,-33.9345],[151.0248,-33.9357],[151.0269,-33.9344],[151.0365,-33.9357],[151.0385,-33.9339]]]},"properties":{"SAL_CODE21":"10181","SAL_NAME21":"Bankstown","STE_CODE21":"1","STE_NAME21":"New South Wales","AUS_CODE21":"AUS","AUS_NAME21":"Australia","AREASQKM21":6.3542,"LOCI_URI21":"http://linked.data.gov.au/dataset/asgsed3/SAL/10181","SHAPE_Leng":0.163821883929,"SHAPE_Area":0.000619531912961}},
{"type":"Feature","geometry":{"type":"Polygon","coordinates":[[[150.9984,-33.9157],[150.9873,-33.9139],[150.9852,-33.9123],[150.9818,-33.9136],[150.9816,-33.9164],[150.9739,-33.9155],[150.9753,-33.9224],[150.979,-33.9293],[150.9875,-33.9285],[150.989,-33.9296],[150.9983,-33.9315],[151.0003,-33.9306],[151.006,-33.9343],[151.0068,-33.9302],[151.0009,-33.9286],[151.001,-33.9246],[150.9966,-33.924],[150.9984,-33.9157]]]},"properties":{"SAL_CODE21":"10182","SAL_NAME21":"Bankstown Aerodrome","STE_CODE21":"1","STE_NAME21":"New South Wales","AUS_CODE21":"AUS","AUS_NAME21":"Australia","AREASQKM21":3.7302,"LOCI_URI21":"http://linked.data.gov.au/dataset/asgsed3/SAL/10182","SHAPE_Leng":0.10402408281,"SHAPE_Area":0.000363687656596}},
{"type":"Feature","geometry":{"type":"Polygon","coordinates":[[[151.1601,-33.4744],[151.1535,-33.4867],[151.1539,-33.4886],[151.16,-33.4885],[151.1628,-33.4943],[151.1625,-33.5006],[151.1605,-33.5032],[151.1598,-33.5109],[151.1623,-33.5147],[151.1652,-33.5147],[151.1657,-33.5111],[151.1683,-33.5047],[151.1704,-33.502],[151.1745,-33.5005],[151.1823,-33.5011],[151.1883,-33.5086],[151.1905,-33.5134],[151.1924,-33.5232],[151.1951,-33.5236],[151.1958,-33.5179],[151.1986,-33.5166],[151.1953,-33.5141],[151.1921,-33.5128],[151.1914,-33.5081],[151.1935,-33.5033],[151.1905,-33.5012],[151.1911,-33.4973],[151.1871,-33.4931],[151.1877,-33.4912],[151.185,-33.4881],[151.1878,-33.4855],[151.1854,-33.48],[151.1916,-33.4759],[151.1772,-33.4738],[151.1689,-33.4728],[151.1636,-33.4748],[151.1601,-33.4744]]]},"properties":{"SAL_CODE21":"10189","SAL_NAME21":"Bar Point","STE_CODE21":"1","STE_NAME21":"New South Wales","AUS_CODE21":"AUS","AUS_NAME21":"Australia","AREASQKM21":10.0358,"LOCI_URI21":"http://linked.data.gov.au/dataset/asgsed3/SAL/10189","SHAPE_Leng":0.215269193606,"SHAPE_Area":0.00097365608992}},
{"type":"Feature","geometry":{"type":"Polygon","coordinates":[[[151.203,-33.8631],[151.2028,-33.8563],[151.2,-33.8571],[151.2011,-33.8658],[151.203,-33.8631]]]},"properties":{"SAL_CODE21":"10192","SAL_NAME21":"Barangaroo","STE_CODE21":"1","STE_NAME21":"New South Wales","AUS_CODE21":"AUS","AUS_NAME21":"Australia","AREASQKM21":0.2227,"LOCI_URI21":"http://linked.data.gov.au/dataset/asgsed3/SAL/10192","SHAPE_Leng":0.0274172562414,"SHAPE_Area":0.0000216934020388}},
{"type":"Feature","geometry":{"type":"Polygon","coordinates":[[[151.0189,-34.0242],[151.0154,-34.025],[151.0081,-34.0239],[151.0035,-34.0249],[151,-34.0233],[150.9957,-34.0256],[150.9913,-34.0244],[150.9884,-34.0286],[150.9909,-34.0305],[150.9904,-34.0358],[150.9871,-34.0383],[150.9943,-34.0429],[150.997,-34.047],[151.0003,-34.046],[151.0031,-34.0425],[151.0058,-34.0464],[151.0136,-34.0433],[151.0139,-34.0409],[151.0163,-34.0379],[151.0201,-34.0358],[151.0181,-34.0327],[151.0211,-34.0281],[151.0189,-34.0242]]]},"properties":{"SAL_CODE21":"10194","SAL_NAME21":"Barden Ridge","STE_CODE21":"1","STE_NAME21":"New South Wales","AUS_CODE21":"AUS","AUS_NAME21":"Australia","AREASQKM21":5.599,"LOCI_URI21":"http://linked.data.gov.au/dataset/asgsed3/SAL/10194","SHAPE_Leng":0.11466912827,"SHAPE_Area":0.000546582083178}},
{"type":"Feature","geometry":{"type":"Polygon","coordinates":[[[150.8569,-33.9856],[150.865,-33.981],[150.8698,-33.9771],[150.8735,-33.9709],[150.8745,-33.9669],[150.8653,-33.9717],[150.8518,-33.9764],[150.8502,-33.9781],[150.8542,-33.9877],[150.8569,-33.9856]]]},"properties":{"SAL_CODE21":"10195","SAL_NAME21":"Bardia","STE_CODE21":"1","STE_NAME21":"New South Wales","AUS_CODE21":"AUS","AUS_NAME21":"Australia","AREASQKM21":2.1106,"LOCI_URI21":"http://linked.data.gov.au/dataset/asgsed3/SAL/10195","SHAPE_Leng":0.0679679299018,"SHAPE_Area":0.000205846307873}},
{"type":"Feature","geometry":{"type":"Polygon","coordinates":[[[151.1233,-33.9407],[151.1283,-33.9371],[151.1328,-33.9354],[151.1335,-33.9322],[151.1333,-33.9317],[151.1255,-33.9306],[151.1199,-33.9332],[151.1171,-33.9357],[151.1229,-33.9412],[151.1233,-33.9407]]]},"properties":{"SAL_CODE21":"10196","SAL_NAME21":"Bardwell Park","STE_CODE21":"1","STE_NAME21":"New South Wales","AUS_CODE21":"AUS","AUS_NAME21":"Australia","AREASQKM21":0.9557,"LOCI_URI21":"http://linked.data.gov.au/dataset/asgsed3/SAL/10196","SHAPE_Leng":0.0486226315609,"SHAPE_Area":0.0000931995090124}},
{"type":"Feature","geometry":{"type":"Polygon","coordinates":[[[151.1383,-33.9329],[151.1335,-33.9322],[151.1328,-33.9354],[151.1283,-33.9371],[151.1233,-33.9407],[151.1271,-33.9399],[151.1299,-33.9433],[151.1303,-33.9431],[151.1302,-33.9403],[151.1384,-33.9361],[151.1383,-33.9329]]]},"properties":{"SAL_CODE21":"10197","SAL_NAME21":"Bardwell Valley","STE_CODE21":"1","STE_NAME21":"New South Wales","AUS_CODE21":"AUS","AUS_NAME21":"Australia","AREASQKM21":0.6271,"LOCI_URI21":"http://linked.data.gov.au/dataset/asgsed3/SAL/10197","SHAPE_Leng":0.0509145404611,"SHAPE_Area":0.000061146908858}},
{"type":"Feature","geometry":{"type":"Polygon","coordinates":[[[150.6346,-34.3196],[150.6111,-34.3159],[150.6013,-34.3098],[150.609,-34.302],[150.6145,-34.2979],[150.6234,-34.2932],[150.6118,-34.2866],[150.616,-34.2811],[150.6157,-34.278],[150.6186,-34.2701],[150.6189,-34.2622],[150.6228,-34.2587],[150.615,-34.2533],[150.6088,-34.2482],[150.6025,-34.2537],[150.6004,-34.249],[150.597,-34.2449],[150.591,-34.2451],[150.5829,-34.2399],[150.5794,-34.2367],[150.5739,-34.2446],[150.5701,-34.2473],[150.5645,-34.25],[150.5571,-34.2515],[150.5524,-34.2534],[150.5501,-34.2556],[150.5495,-34.2587],[150.5472,-34.261],[150.5484,-34.2657],[150.5514,-34.2669],[150.5494,-34.2736],[150.5481,-34.2793],[150.546,-34.2803],[150.546,-34.2834],[150.5396,-34.2885],[150.5418,-34.2945],[150.5631,-34.2975],[150.5617,-34.3048],[150.5637,-34.3063],[150.5651,-34.3109],[150.5776,-34.3087],[150.583,-34.309],[150.5834,-34.3143],[150.581,-34.3175],[150.5944,-34.3193],[150.5981,-34.3227],[150.5965,-34.3265],[150.599,-34.3328],[150.6044,-34.3362],[150.609,-34.3376],[150.6161,-34.3369],[150.6214,-34.3319],[150.6259,-34.3295],[150.6284,-34.3298],[150.6346,-34.3196]]]},"properties":{"SAL_CODE21":"10199","SAL_NAME21":"Bargo","STE_CODE21":"1","STE_NAME21":"New South Wales","AUS_CODE21":"AUS","AUS_NAME21":"Australia","AREASQKM21":49.0897,"LOCI_URI21":"http://linked.data.gov.au/dataset/asgsed3/SAL/10199","SHAPE_Leng":0.407540039842,"SHAPE_Area":0.00480621614626}},
{"type":"Feature","geometry":{"type":"Polygon","coordinates":[[[151.0045,-33.8955],[151.0015,-33.8926],[150.9952,-33.8912],[150.9924,-33.8884],[150.9909,-33.8963],[150.9869,-33.8934],[150.9778,-33.8915],[150.9803,-33.896],[150.986,-33.8998],[150.9906,-33.9006],[150.9953,-33.9037],[150.9947,-33.9058],[151.001,-33.9068],[151,-33.9118],[151.0048,-33.9121],[151.0044,-33.9117],[151.0072,-33.8984],[151.0081,-33.8986],[151.008,-33.8961],[151.0045,-33.8955]]]},"properties":{"SAL_CODE21":"10224","SAL_NAME21":"Bass Hill","STE_CODE21":"1","STE_NAME21":"New South Wales","AUS_CODE21":"AUS","AUS_NAME21":"Australia","AREASQKM21":2.9586,"LOCI_URI21":"http://linked.data.gov.au/dataset/asgsed3/SAL/10224","SHAPE_Leng":0.111874566693,"SHAPE_Area":0.000288329531317}},
{"type":"Feature","geometry":{"type":"Polygon","coordinates":[[[151.485,-33.3987],[151.4845,-33.3948],[151.4872,-33.3928],[151.4869,-33.3899],[151.4839,-33.3836],[151.4887,-33.3818],[151.4861,-33.3791],[151.4874,-33.3744],[151.4863,-33.3766],[151.4817,-33.3737],[151.475,-33.3728],[151.4756,-33.369],[151.4734,-33.3688],[151.4706,-33.3721],[151.4698,-33.376],[151.4608,-33.3781],[151.4561,-33.3755],[151.4539,-33.3771],[151.4564,-33.3814],[151.4598,-33.3842],[151.4576,-33.3873],[151.4629,-33.3958],[151.4623,-33.3989],[151.4645,-33.3998],[151.476,-33.4009],[151.4767,-33.3974],[151.485,-33.3987]]]},"properties":{"SAL_CODE21":"10227","SAL_NAME21":"Bateau Bay","STE_CODE21":"1","STE_NAME21":"New South Wales","AUS_CODE21":"AUS","AUS_NAME21":"Australia","AREASQKM21":6.9381,"LOCI_URI21":"http://linked.data.gov.au/dataset/asgsed3/SAL/10227","SHAPE_Leng":0.144435385438,"SHAPE_Area":0.000672277325124}},
{"type":"Feature","geometry":{"type":"Polygon","coordinates":[[[150.9588,-33.7678],[150.9617,-33.7652],[150.9641,-33.7658],[150.9665,-33.7694],[150.9715,-33.7723],[150.9754,-33.773],[150.9821,-33.7723],[150.9951,-33.769],[150.9976,-33.7723],[151.001,-33.7712],[151.003,-33.7674],[151.0052,-33.7669],[151.0085,-33.7656],[151.0104,-33.7591],[151.0093,-33.7553],[151.0053,-33.7531],[151.004,-33.7505],[150.9998,-33.7502],[150.9937,-33.7475],[150.9946,-33.7463],[150.9857,-33.7416],[150.9826,-33.7365],[150.9734,-33.7344],[150.9724,-33.738],[150.9668,-33.7399],[150.967,-33.7436],[150.9636,-33.7447],[150.9629,-33.7493],[150.9553,-33.7583],[150.9577,-33.7629],[150.9588,-33.7678]]]},"properties":{"SAL_CODE21":"10233","SAL_NAME21":"Baulkham Hills","STE_CODE21":"1","STE_NAME21":"New South Wales","AUS_CODE21":"AUS","AUS_NAME21":"Australia","AREASQKM21":13.6507,"LOCI_URI21":"http://linked.data.gov.au/dataset/asgsed3/SAL/10233","SHAPE_Leng":0.173813779743,"SHAPE_Area":0.00132837988092}},
{"type":"Feature","geometry":{"type":"Polygon","coordinates":[[[151.2851,-33.675],[151.288,-33.6692],[151.294,-33.6715],[151.2988,-33.67],[151.3011,-33.6673],[151.303,-33.6652],[151.3032,-33.6605],[151.2966,-33.6583],[151.2959,-33.656],[151.289,-33.6532],[151.2871,-33.6548],[151.2818,-33.6549],[151.2776,-33.6535],[151.273,-33.6591],[151.279,-33.6599],[151.2833,-33.66],[151.2843,-33.664],[151.2823,-33.6648],[151.2835,-33.6686],[151.2822,-33.6749],[151.2851,-33.675]]]},"properties":{"SAL_CODE21":"10237","SAL_NAME21":"Bayview (NSW)","STE_CODE21":"1","STE_NAME21":"New South Wales","AUS_CODE21":"AUS","AUS_NAME21":"Australia","AREASQKM21":3.7612,"LOCI_URI21":"http://linked.data.gov.au/dataset/asgsed3/SAL/10237","SHAPE_Leng":0.15548393738,"SHAPE_Area":0.000365611805412}},
{"type":"Feature","geometry":{"type":"Polygon","coordinates":[[[151.2603,-33.7603],[151.2691,-33.7613],[151.2661,-33.7573],[151.2682,-33.7545],[151.2697,-33.7511],[151.2659,-33.747],[151.2652,-33.7447],[151.2681,-33.7424],[151.2681,-33.7414],[151.2646,-33.7409],[151.2628,-33.7436],[151.2537,-33.7428],[151.2538,-33.7468],[151.2498,-33.752],[151.2491,-33.7567],[151.2509,-33.7597],[151.2537,-33.7591],[151.2603,-33.7603]]]},"properties":{"SAL_CODE21":"10238","SAL_NAME21":"Beacon Hill","STE_CODE21":"1","STE_NAME21":"New South Wales","AUS_CODE21":"AUS","AUS_NAME21":"Australia","AREASQKM21":2.8862,"LOCI_URI21":"http://linked.data.gov.au/dataset/asgsed3/SAL/10238","SHAPE_Leng":0.105041150542,"SHAPE_Area":0.00028082927041}},
{"type":"Feature","geometry":{"type":"Polygon","coordinates":[[[151.2008,-33.9146],[151.2023,-33.9101],[151.2028,-33.9087],[151.2002,-33.9084],[151.1988,-33.912],[151.2008,-33.9146]]]},"properties":{"SAL_CODE21":"10239","SAL_NAME21":"Beaconsfield (NSW)","STE_CODE21":"1","STE_NAME21":"New South Wales","AUS_CODE21":"AUS","AUS_NAME21":"Australia","AREASQKM21":0.1515,"LOCI_URI21":"http://linked.data.gov.au/dataset/asgsed3/SAL/10239","SHAPE_Leng":0.02066871101,"SHAPE_Area":0.0000147665641839}},
{"type":"Feature","geometry":{"type":"Polygon","coordinates":[[[150.9303,-33.7042],[150.9414,-33.7084],[150.9455,-33.7039],[150.9545,-33.7011],[150.9526,-33.7002],[150.9464,-33.6931],[150.9435,-33.688],[150.9408,-33.6885],[150.9339,-33.6873],[150.9298,-33.6896],[150.9331,-33.6939],[150.9287,-33.7001],[150.9303,-33.7042]]]},"properties":{"SAL_CODE21":"10243","SAL_NAME21":"Beaumont Hills","STE_CODE21":"1","STE_NAME21":"New South Wales","AUS_CODE21":"AUS","AUS_NAME21":"Australia","AREASQKM21":3.1896,"LOCI_URI21":"http://linked.data.gov.au/dataset/asgsed3/SAL/10243","SHAPE_Leng":0.083237451861,"SHAPE_Area":0.000310185407012}},
{"type":"Feature","geometry":{"type":"Polygon","coordinates":[[[151.0801,-33.7501],[151.074,-33.746],[151.0686,-33.7449],[151.0602,-33.7403],[151.0565,-33.7417],[151.0499,-33.748],[151.0477,-33.7542],[151.0489,-33.7586],[151.0496,-33.7637],[151.054,-33.7629],[151.0545,-33.7654],[151.0627,-33.7637],[151.0647,-33.7622],[151.0683,-33.7606],[151.0713,-33.7564],[151.0781,-33.7507],[151.0801,-33.7501]]]},"properties":{"SAL_CODE21":"10249","SAL_NAME21":"Beecroft","STE_CODE21":"1","STE_NAME21":"New South Wales","AUS_CODE21":"AUS","AUS_NAME21":"Australia","AREASQKM21":5.1174,"LOCI_URI21":"http://linked.data.gov.au/dataset/asgsed3/SAL/10249","SHAPE_Leng":0.116939095884,"SHAPE_Area":0.000497943574485}},
{"type":"Feature","geometry":{"type":"Polygon","coordinates":[[[151.089,-33.8998],[151.0846,-33.8971],[151.0795,-33.8981],[151.077,-33.9025],[151.0773,-33.9073],[151.0771,-33.9074],[151.0832,-33.9085],[151.0911,-33.912],[151.0953,-33.9101],[151.0926,-33.9021],[151.089,-33.8998]]]},"properties":{"SAL_CODE21":"10257","SAL_NAME21":"Belfield","STE_CODE21":"1","STE_NAME21":"New South Wales","AUS_CODE21":"AUS","AUS_NAME21":"Australia","AREASQKM21":1.7826,"LOCI_URI21":"http://linked.data.gov.au/dataset/asgsed3/SAL/10257","SHAPE_Leng":0.0574880193869,"SHAPE_Area":0.000173774719301}},
{"type":"Feature","geometry":{"type":"Polygon","coordinates":[[[150.5302,-34.0926],[150.5466,-34.0948],[150.5503,-34.0735],[150.5394,-34.0721],[150.539,-34.0753],[150.5359,-34.0769],[150.5338,-34.0741],[150.5318,-34.0835],[150.5275,-34.0878],[150.5267,-34.0922],[150.5302,-34.0926]]]},"properties":{"SAL_CODE21":"10261","SAL_NAME21":"Belimbla Park","STE_CODE21":"1","STE_NAME21":"New South Wales","AUS_CODE21":"AUS","AUS_NAME21":"Australia","AREASQKM21":3.6613,"LOCI_URI21":"http://linked.data.gov.au/dataset/asgsed3/SAL/10261","SHAPE_Leng":0.0859416337715,"SHAPE_Area":0.000357623559187}},
{"type":"Feature","geometry":{"type":"Polygon","coordinates":[[[150.2616,-33.5457],[150.2611,-33.5409],[150.2638,-33.5349],[150.2676,-33.5319],[150.2723,-33.5333],[150.2763,-33.5396],[150.2804,-33.5383],[150.2866,-33.5405],[150.2877,-33.5331],[150.2688,-33.5312],[150.2739,-33.5288],[150.2734,-33.5194],[150.2752,-33.5173],[150.2815,-33.5133],[150.2853,-33.5118],[150.2928,-33.5158],[150.295,-33.519],[150.2987,-33.5192],[150.2993,-33.5145],[150.2922,-33.5127],[150.291,-33.5099],[150.2842,-33.509],[150.2848,-33.5054],[150.2814,-33.505],[150.282,-33.5014],[150.2766,-33.5007],[150.2768,-33.4992],[150.3017,-33.5022],[150.3147,-33.5044],[150.3119,-33.5201],[150.3308,-33.5225],[150.3321,-33.5222],[150.3356,-33.5119],[150.3422,-33.512],[150.3445,-33.5095],[150.3483,-33.5088],[150.3492,-33.505],[150.347,-33.5021],[150.3558,-33.4959],[150.3545,-33.4939],[150.3506,-33.4925],[150.3544,-33.4894],[150.349,-33.4885],[150.3452,-33.4846],[150.3408,-33.4859],[150.338,-33.4855],[150.3367,-33.4885],[150.331,-33.4868],[150.3285,-33.49],[150.3243,-33.4903],[150.3176,-33.4851],[150.3212,-33.4824],[150.3201,-33.4796],[150.3169,-33.4787],[150.3172,-33.475],[150.3118,-33.4741],[150.309,-33.4763],[150.3065,-33.476],[150.3024,-33.472],[150.302,-33.47],[150.2985,-33.4682],[150.2949,-33.4693],[150.2913,-33.4686],[150.288,-33.4663],[150.2821,-33.4676],[150.2779,-33.4675],[150.2765,-33.4644],[150.2732,-33.4662],[150.2709,-33.4647],[150.2682,-33.4673],[150.2647,-33.4638],[150.2607,-33.4664],[150.2583,-33.4612],[150.2538,-33.4549],[150.2507,-33.457],[150.2544,-33.4576],[150.2535,-33.462],[150.2514,-33.4617],[150.2494,-33.4711],[150.2505,-33.4719],[150.2557,-33.474],[150.2551,-33.4777],[150.2571,-33.4804],[150.2613,-33.4809],[150.261,-33.4829],[150.2655,-33.4835],[150.2647,-33.4883],[150.2737,-33.4891],[150.2724,-33.4993],[150.2707,-33.4976],[150.2608,-33.4963],[150.2568,-33.4943],[150.2547,-33.5053],[150.2557,-33.5055],[150.2533,-33.5182],[150.2577,-33.5187],[150.2532,-33.5446],[150.2616,-33.5457]]]},"properties":{"SAL_CODE21":"10262","SAL_NAME21":"Bell (NSW)","STE_CODE21":"1","STE_NAME21":"New South Wales","AUS_CODE21":"AUS","AUS_NAME21":"Australia","AREASQKM21":40.5065,"LOCI_URI21":"http://linked.data.gov.au/dataset/asgsed3/SAL/10262","SHAPE_Leng":0.662717200434,"SHAPE_Area":0.00393011253622}},
{"type":"Feature","geometry":{"type":"Polygon","coordinates":[[[150.9668,-33.7399],[150.9658,-33.7367],[150.9616,-33.7379],[150.9556,-33.7371],[150.9553,-33.7319],[150.9536,-33.7279],[150.9512,-33.7224],[150.9401,-33.7255],[150.9478,-33.742],[150.9532,-33.7546],[150.9553,-33.7583],[150.9629,-33.7493],[150.9636,-33.7447],[150.967,-33.7436],[150.9668,-33.7399]]]},"properties":{"SAL_CODE21":"10263","SAL_NAME21":"Bella Vista","STE_CODE21":"1","STE_NAME21":"New South Wales","AUS_CODE21":"AUS","AUS_NAME21":"Australia","AREASQKM21":4.3891,"LOCI_URI21":"http://linked.data.gov.au/dataset/asgsed3/SAL/10263","SHAPE_Leng":0.107293135686,"SHAPE_Area":0.000427013529579}},
{"type":"Feature","geometry":{"type":"Polygon","coordinates":[[[151.2595,-33.8894],[151.2621,-33.888],[151.2643,-33.888],[151.2678,-33.8852],[151.2623,-33.8796],[151.2603,-33.8754],[151.2567,-33.8758],[151.2555,-33.872],[151.2524,-33.8701],[151.2488,-33.8726],[151.2454,-33.878],[151.2479,-33.8798],[151.2476,-33.886],[151.2564,-33.8876],[151.2562,-33.8894],[151.2595,-33.8894]]]},"properties":{"SAL_CODE21":"10271","SAL_NAME21":"Bellevue Hill","STE_CODE21":"1","STE_NAME21":"New South Wales","AUS_CODE21":"AUS","AUS_NAME21":"Australia","AREASQKM21":2.3731,"LOCI_URI21":"http://linked.data.gov.au/dataset/asgsed3/SAL/10271","SHAPE_Leng":0.083099706766,"SHAPE_Area":0.000231248528813}},
{"type":"Feature","geometry":{"type":"Polygon","coordinates":[[[151.0771,-33.9074],[151.0765,-33.9078],[151.0869,-33.9254],[151.0904,-33.9314],[151.0989,-33.9288],[151.0977,-33.9273],[151.099,-33.9251],[151.0982,-33.9208],[151.096,-33.9169],[151.0963,-33.9143],[151.0911,-33.912],[151.0832,-33.9085],[151.0771,-33.9074]]]},"properties":{"SAL_CODE21":"10279","SAL_NAME21":"Belmore","STE_CODE21":"1","STE_NAME21":"New South Wales","AUS_CODE21":"AUS","AUS_NAME21":"Australia","AREASQKM21":2.731,"LOCI_URI21":"http://linked.data.gov.au/dataset/asgsed3/SAL/10279","SHAPE_Leng":0.0796375040124,"SHAPE_Area":0.000266226359123}},
{"type":"Feature","geometry":{"type":"Polygon","coordinates":[[[151.2295,-33.7094],[151.2167,-33.7077],[151.2126,-33.7008],[151.2101,-33.702],[151.2069,-33.7034],[151.2012,-33.7083],[151.1953,-33.7097],[151.1903,-33.709],[151.1887,-33.7135],[151.1878,-33.7206],[151.1888,-33.7251],[151.1855,-33.7299],[151.1919,-33.731],[151.1944,-33.736],[151.1987,-33.7374],[151.2017,-33.7367],[151.2048,-33.7369],[151.2081,-33.7402],[151.2118,-33.7393],[151.2206,-33.7416],[151.2232,-33.7391],[151.2271,-33.739],[151.23,-33.7368],[151.2281,-33.734],[151.2282,-33.7285],[151.231,-33.7259],[151.2288,-33.7221],[151.2329,-33.7203],[151.2339,-33.7167],[151.2379,-33.7147],[151.2366,-33.7104],[151.2295,-33.7094]]]},"properties":{"SAL_CODE21":"10283","SAL_NAME21":"Belrose","STE_CODE21":"1","STE_NAME21":"New South Wales","AUS_CODE21":"AUS","AUS_NAME21":"Australia","AREASQKM21":13.533,"LOCI_URI21":"http://linked.data.gov.au/dataset/asgsed3/SAL/10283","SHAPE_Leng":0.194941997508,"SHAPE_Area":0.00131638107279}},
{"type":"Feature","geometry":{"type":"Polygon","coordinates":[[[151.3872,-33.4867],[151.3853,-33.4907],[151.3821,-33.4904],[151.3818,-33.4935],[151.3792,-33.4958],[151.3779,-33.4992],[151.3748,-33.5005],[151.3734,-33.5067],[151.3793,-33.5046],[151.3846,-33.5053],[151.3908,-33.5062],[151.3903,-33.5083],[151.4004,-33.5112],[151.4017,-33.5084],[151.4044,-33.5075],[151.4075,-33.4938],[151.3928,-33.4918],[151.3934,-33.4879],[151.3872,-33.4867]]]},"properties":{"SAL_CODE21":"10297","SAL_NAME21":"Bensville","STE_CODE21":"1","STE_NAME21":"New South Wales","AUS_CODE21":"AUS","AUS_NAME21":"Australia","AREASQKM21":4.9266,"LOCI_URI21":"http://linked.data.gov.au/dataset/asgsed3/SAL/10297","SHAPE_Leng":0.109839773401,"SHAPE_Area":0.000478015640876}},
{"type":"Feature","geometry":{"type":"Polygon","coordinates":[[[151.0251,-33.8766],[151.0288,-33.8801],[151.0365,-33.8812],[151.0357,-33.8851],[151.0399,-33.885],[151.0421,-33.8721],[151.036,-33.8714],[151.0353,-33.8685],[151.0361,-33.8642],[151.0318,-33.8636],[151.0311,-33.8673],[151.027,-33.8668],[151.0251,-33.8766]]]},"properties":{"SAL_CODE21":"10299","SAL_NAME21":"Berala","STE_CODE21":"1","STE_NAME21":"New South Wales","AUS_CODE21":"AUS","AUS_NAME21":"Australia","AREASQKM21":2.1278,"LOCI_URI21":"http://linked.data.gov.au/dataset/asgsed3/SAL/10299","SHAPE_Leng":0.0769026656505,"SHAPE_Area":0.000207339845424}},
{"type":"Feature","geometry":{"type":"Polygon","coordinates":[[[150.4449,-33.5251],[150.4446,-33.5268],[150.4387,-33.526],[150.4372,-33.5335],[150.4403,-33.5339],[150.4396,-33.5371],[150.4302,-33.5379],[150.4352,-33.5422],[150.4401,-33.541],[150.4661,-33.5444],[150.4675,-33.5373],[150.4556,-33.5357],[150.4544,-33.5296],[150.4524,-33.5255],[150.454,-33.5232],[150.4486,-33.5209],[150.4449,-33.5251]]]},"properties":{"SAL_CODE21":"10300","SAL_NAME21":"Berambing","STE_CODE21":"1","STE_NAME21":"New South Wales","AUS_CODE21":"AUS","AUS_NAME21":"Australia","AREASQKM21":4.1001,"LOCI_URI21":"http://linked.data.gov.au/dataset/asgsed3/SAL/10300","SHAPE_Leng":0.116925932562,"SHAPE_Area":0.000397982333679}},
{"type":"Feature","geometry":{"type":"Polygon","coordinates":[[[151.4324,-33.3546],[151.4385,-33.3564],[151.4444,-33.3621],[151.4473,-33.3589],[151.4493,-33.3578],[151.4489,-33.3547],[151.4406,-33.3453],[151.4389,-33.3408],[151.4403,-33.3323],[151.4414,-33.3307],[151.429,-33.3287],[151.4278,-33.3253],[151.426,-33.3228],[151.419,-33.3224],[151.4142,-33.3205],[151.4043,-33.3298],[151.4007,-33.3322],[151.4067,-33.3298],[151.4117,-33.3305],[151.4114,-33.3324],[151.4139,-33.3382],[151.4193,-33.3396],[151.4275,-33.3344],[151.4268,-33.3323],[151.4302,-33.3305],[151.432,-33.3347],[151.429,-33.3389],[151.4289,-33.3428],[151.4314,-33.3488],[151.4347,-33.3526],[151.4324,-33.3546]]]},"properties":{"SAL_CODE21":"10304","SAL_NAME21":"Berkeley Vale","STE_CODE21":"1","STE_NAME21":"New South Wales","AUS_CODE21":"AUS","AUS_NAME21":"Australia","AREASQKM21":6.1417,"LOCI_URI21":"http://linked.data.gov.au/dataset/asgsed3/SAL/10304","SHAPE_Leng":0.184567219933,"SHAPE_Area":0.00059484382331}},
{"type":"Feature","geometry":{"type":"Polygon","coordinates":[[[150.7843,-33.6939],[150.7862,-33.691],[150.7898,-33.6899],[150.7904,-33.6867],[150.7951,-33.685],[150.7968,-33.6791],[150.7993,-33.6756],[150.805,-33.6748],[150.8075,-33.6781],[150.8124,-33.6776],[150.8085,-33.6736],[150.7964,-33.6602],[150.7917,-33.6492],[150.786,-33.6416],[150.7692,-33.6573],[150.7649,-33.6591],[150.7392,-33.683],[150.7402,-33.687],[150.7465,-33.6859],[150.7449,-33.6937],[150.7571,-33.6953],[150.758,-33.6909],[150.7622,-33.6915],[150.7631,-33.6874],[150.7773,-33.6895],[150.7744,-33.6925],[150.7843,-33.6939]]]},"properties":{"SAL_CODE21":"10305","SAL_NAME21":"Berkshire Park","STE_CODE21":"1","STE_NAME21":"New South Wales","AUS_CODE21":"AUS","AUS_NAME21":"Australia","AREASQKM21":19.2666,"LOCI_URI21":"http://linked.data.gov.au/dataset/asgsed3/SAL/10305","SHAPE_Leng":0.228910030094,"SHAPE_Area":0.00187307471108}},
{"type":"Feature","geometry":{"type":"Polygon","coordinates":[[[151.1534,-33.6115],[151.1518,-33.6131],[151.1429,-33.6154],[151.1407,-33.6176],[151.1365,-33.6175],[151.1297,-33.6217],[151.1311,-33.6296],[151.1324,-33.6321],[151.1371,-33.6333],[151.137,-33.6389],[151.1412,-33.6362],[151.1451,-33.6382],[151.1406,-33.6425],[151.1447,-33.6446],[151.1501,-33.6422],[151.1533,-33.6434],[151.1585,-33.6411],[151.1611,-33.6404],[151.17,-33.6304],[151.1704,-33.6244],[151.1606,-33.6222],[151.1599,-33.6187],[151.1534,-33.6115]]]},"properties":{"SAL_CODE21":"10308","SAL_NAME21":"Berowra","STE_CODE21":"1","STE_NAME21":"New South Wales","AUS_CODE21":"AUS","AUS_NAME21":"Australia","AREASQKM21":8.2969,"LOCI_URI21":"http://linked.data.gov.au/dataset/asgsed3/SAL/10308","SHAPE_Leng":0.165824856658,"SHAPE_Area":0.000806206132233}},
{"type":"Feature","geometry":{"type":"Polygon","coordinates":[[[151.1534,-33.6115],[151.1532,-33.601],[151.1488,-33.5959],[151.1324,-33.5914],[151.131,-33.589],[151.1329,-33.5815],[151.1301,-33.584],[151.1231,-33.5861],[151.1189,-33.5913],[151.1223,-33.5924],[151.1251,-33.5963],[151.1237,-33.6],[151.1209,-33.6066],[151.124,-33.6094],[151.1232,-33.6143],[151.1241,-33.6184],[151.1297,-33.6217],[151.1365,-33.6175],[151.1407,-33.6176],[151.1429,-33.6154],[151.1518,-33.6131],[151.1534,-33.6115]]]},"properties":{"SAL_CODE21":"10309","SAL_NAME21":"Berowra Heights","STE_CODE21":"1","STE_NAME21":"New South Wales","AUS_CODE21":"AUS","AUS_NAME21":"Australia","AREASQKM21":8.0038,"LOCI_URI21":"http://linked.data.gov.au/dataset/asgsed3/SAL/10309","SHAPE_Leng":0.153753147805,"SHAPE_Area":0.000777491687294}},
{"type":"Feature","geometry":{"type":"MultiPolygon","coordinates":[[[[151.1237,-33.6],[151.1199,-33.5984],[151.1173,-33.6027],[151.1194,-33.6049],[151.1206,-33.6089],[151.124,-33.6094],[151.1209,-33.6066],[151.1237,-33.6]]],[[[151.1145,-33.5874],[151.1155,-33.5908],[151.1188,-33.5948],[151.1206,-33.5944],[151.1185,-33.5942],[151.1145,-33.5874]]],[[[151.1291,-33.5791],[151.1305,-33.5736],[151.1286,-33.5718],[151.1257,-33.5717],[151.1247,-33.5784],[151.1291,-33.5791]]],[[[151.1532,-33.5142],[151.149,-33.5135],[151.1481,-33.5172],[151.1497,-33.5209],[151.1529,-33.523],[151.1545,-33.5198],[151.1523,-33.5163],[151.1532,-33.5142]]],[[[151.1367,-33.5259],[151.1355,-33.5315],[151.1395,-33.532],[151.1402,-33.5288],[151.1367,-33.5259]]],[[[151.1474,-33.5456],[151.1477,-33.544],[151.1437,-33.542],[151.1408,-33.5448],[151.1474,-33.5456]]],[[[151.1552,-33.5338],[151.1544,-33.5377],[151.1588,-33.5384],[151.1596,-33.5344],[151.1552,-33.5338]]]]},"properties":{"SAL_CODE21":"10310","SAL_NAME21":"Berowra Waters","STE_CODE21":"1","STE_NAME21":"New South Wales","AUS_CODE21":"AUS","AUS_NAME21":"Australia","AREASQKM21":1.6838,"LOCI_URI21":"http://linked.data.gov.au/dataset/asgsed3/SAL/10310","SHAPE_Leng":0.185678429708,"SHAPE_Area":0.000163481142487}},
{"type":"Feature","geometry":{"type":"Polygon","coordinates":[[[151.0867,-33.6278],[151.0881,-33.6265],[151.094,-33.6289],[151.1005,-33.6282],[151.1051,-33.6253],[151.1093,-33.6277],[151.1123,-33.6255],[151.1167,-33.6284],[151.1191,-33.6261],[151.1243,-33.6206],[151.1241,-33.6184],[151.1232,-33.6143],[151.124,-33.6094],[151.1206,-33.6089],[151.1194,-33.6049],[151.1173,-33.6027],[151.1199,-33.5984],[151.1225,-33.5978],[151.1206,-33.5944],[151.1188,-33.5948],[151.1155,-33.5908],[151.1145,-33.5874],[151.1098,-33.5886],[151.1038,-33.587],[151.101,-33.5876],[151.0979,-33.5929],[151.0925,-33.5989],[151.0893,-33.6013],[151.0855,-33.6072],[151.0881,-33.6075],[151.0871,-33.6125],[151.0904,-33.6129],[151.0888,-33.6172],[151.0867,-33.6278]]]},"properties":{"SAL_CODE21":"10318","SAL_NAME21":"Berrilee","STE_CODE21":"1","STE_NAME21":"New South Wales","AUS_CODE21":"AUS","AUS_NAME21":"Australia","AREASQKM21":12.0651,"LOCI_URI21":"http://linked.data.gov.au/dataset/asgsed3/SAL/10318","SHAPE_Leng":0.181460914131,"SHAPE_Area":0.00117210528669}},
{"type":"Feature","geometry":{"type":"Polygon","coordinates":[[[151.1367,-33.9798],[151.1365,-33.975],[151.1336,-33.9713],[151.1312,-33.9726],[151.1243,-33.9773],[151.1285,-33.9827],[151.1303,-33.983],[151.1352,-33.984],[151.1367,-33.9798]]]},"properties":{"SAL_CODE21":"10329","SAL_NAME21":"Beverley Park","STE_CODE21":"1","STE_NAME21":"New South Wales","AUS_CODE21":"AUS","AUS_NAME21":"Australia","AREASQKM21":1.0055,"LOCI_URI21":"http://linked.data.gov.au/dataset/asgsed3/SAL/10329","SHAPE_Leng":0.0458459880716,"SHAPE_Area":0.0000980820324336}},
{"type":"Feature","geometry":{"type":"Polygon","coordinates":[[[151.0852,-33.9545],[151.0848,-33.9523],[151.0914,-33.9513],[151.0875,-33.9411],[151.0895,-33.9382],[151.085,-33.9358],[151.0756,-33.9397],[151.0735,-33.9412],[151.0746,-33.9478],[151.0759,-33.9492],[151.0726,-33.9539],[151.0689,-33.9506],[151.0654,-33.9521],[151.0649,-33.9521],[151.0695,-33.9556],[151.0691,-33.9582],[151.0737,-33.9607],[151.0715,-33.9582],[151.0759,-33.9569],[151.0829,-33.9529],[151.0852,-33.9545]]]},"properties":{"SAL_CODE21":"10330","SAL_NAME21":"Beverly Hills","STE_CODE21":"1","STE_NAME21":"New South Wales","AUS_CODE21":"AUS","AUS_NAME21":"Australia","AREASQKM21":3.023,"LOCI_URI21":"http://linked.data.gov.au/dataset/asgsed3/SAL/10330","SHAPE_Leng":0.124909358982,"SHAPE_Area":0.000294853986542}},
{"type":"Feature","geometry":{"type":"Polygon","coordinates":[[[151.1229,-33.9412],[151.1202,-33.9446],[151.1105,-33.949],[151.1021,-33.9498],[151.1127,-33.9623],[151.1144,-33.9642],[151.1187,-33.9617],[151.1207,-33.964],[151.1264,-33.9629],[151.1305,-33.9607],[151.1307,-33.959],[151.1345,-33.9561],[151.1315,-33.9524],[151.1321,-33.9503],[151.1281,-33.9466],[151.1299,-33.9433],[151.1271,-33.9399],[151.1233,-33.9407],[151.1229,-33.9412]]]},"properties":{"SAL_CODE21":"10333","SAL_NAME21":"Bexley","STE_CODE21":"1","STE_NAME21":"New South Wales","AUS_CODE21":"AUS","AUS_NAME21":"Australia","AREASQKM21":4.3754,"LOCI_URI21":"http://linked.data.gov.au/dataset/asgsed3/SAL/10333","SHAPE_Leng":0.109174677379,"SHAPE_Area":0.000426751400563}},
{"type":"Feature","geometry":{"type":"Polygon","coordinates":[[[151.1171,-33.9357],[151.1129,-33.9368],[151.1077,-33.9383],[151.1105,-33.949],[151.1202,-33.9446],[151.1229,-33.9412],[151.1171,-33.9357]]]},"properties":{"SAL_CODE21":"10334","SAL_NAME21":"Bexley North","STE_CODE21":"1","STE_NAME21":"New South Wales","AUS_CODE21":"AUS","AUS_NAME21":"Australia","AREASQKM21":1.2315,"LOCI_URI21":"http://linked.data.gov.au/dataset/asgsed3/SAL/10334","SHAPE_Leng":0.0586269766865,"SHAPE_Area":0.000120104347261}},
{"type":"Feature","geometry":{"type":"Polygon","coordinates":[[[150.8303,-33.731],[150.831,-33.7261],[150.8189,-33.7245],[150.8111,-33.7324],[150.8113,-33.7333],[150.822,-33.7342],[150.8291,-33.7355],[150.8303,-33.731]]]},"properties":{"SAL_CODE21":"10339","SAL_NAME21":"Bidwill (NSW)","STE_CODE21":"1","STE_NAME21":"New South Wales","AUS_CODE21":"AUS","AUS_NAME21":"Australia","AREASQKM21":1.5129,"LOCI_URI21":"http://linked.data.gov.au/dataset/asgsed3/SAL/10339","SHAPE_Leng":0.0555988304422,"SHAPE_Area":0.000147168550213}},
{"type":"Feature","geometry":{"type":"Polygon","coordinates":[[[151.3237,-33.6423],[151.323,-33.6447],[151.3278,-33.648],[151.3298,-33.6438],[151.3343,-33.6439],[151.3338,-33.6415],[151.3237,-33.6423]]]},"properties":{"SAL_CODE21":"10349","SAL_NAME21":"Bilgola Beach","STE_CODE21":"1","STE_NAME21":"New South Wales","AUS_CODE21":"AUS","AUS_NAME21":"Australia","AREASQKM21":0.3298,"LOCI_URI21":"http://linked.data.gov.au/dataset/asgsed3/SAL/10349","SHAPE_Leng":0.0442344834852,"SHAPE_Area":0.000032066948794}},
{"type":"Feature","geometry":{"type":"Polygon","coordinates":[[[151.3123,-33.6383],[151.3087,-33.6409],[151.3076,-33.644],[151.3102,-33.6478],[151.3087,-33.6519],[151.3132,-33.6521],[151.3151,-33.6503],[151.3157,-33.6463],[151.3205,-33.6471],[151.323,-33.6447],[151.3237,-33.6423],[151.3228,-33.6384],[151.3153,-33.6406],[151.3123,-33.6383]]]},"properties":{"SAL_CODE21":"10350","SAL_NAME21":"Bilgola Plateau","STE_CODE21":"1","STE_NAME21":"New South Wales","AUS_CODE21":"AUS","AUS_NAME21":"Australia","AREASQKM21":1.3922,"LOCI_URI21":"http://linked.data.gov.au/dataset/asgsed3/SAL/10350","SHAPE_Leng":0.0809397631264,"SHAPE_Area":0.000135328932047}},
{"type":"Feature","geometry":{"type":"Polygon","coordinates":[[[150.4675,-33.5373],[150.4763,-33.5384],[150.4783,-33.5286],[150.484,-33.5294],[150.4846,-33.5264],[150.479,-33.5248],[150.4799,-33.5207],[150.4858,-33.5201],[150.4977,-33.5217],[150.4962,-33.5181],[150.5134,-33.5204],[150.5159,-33.5062],[150.5207,-33.5067],[150.5201,-33.5097],[150.5236,-33.5102],[150.5225,-33.5164],[150.5469,-33.5194],[150.548,-33.5159],[150.5733,-33.5193],[150.5743,-33.5137],[150.576,-33.5138],[150.577,-33.5078],[150.5888,-33.5093],[150.5898,-33.5125],[150.5891,-33.5163],[150.5962,-33.5162],[150.597,-33.5119],[150.6017,-33.5125],[150.6018,-33.5065],[150.6008,-33.5014],[150.6011,-33.4964],[150.6085,-33.4923],[150.6107,-33.4927],[150.615,-33.4888],[150.6245,-33.4892],[150.633,-33.4878],[150.6326,-33.4857],[150.6291,-33.4859],[150.6264,-33.4807],[150.6218,-33.4811],[150.6132,-33.4779],[150.6136,-33.4743],[150.6108,-33.4738],[150.6054,-33.4668],[150.6022,-33.4638],[150.5864,-33.4603],[150.5814,-33.4581],[150.5759,-33.4583],[150.5743,-33.4554],[150.5759,-33.4476],[150.5782,-33.4418],[150.5821,-33.4403],[150.5843,-33.4356],[150.5887,-33.435],[150.592,-33.429],[150.597,-33.4252],[150.6001,-33.4213],[150.5984,-33.4161],[150.6006,-33.411],[150.5998,-33.4083],[150.603,-33.4061],[150.6095,-33.4077],[150.6116,-33.4102],[150.6156,-33.4105],[150.619,-33.4091],[150.6216,-33.4026],[150.6272,-33.3982],[150.627,-33.3947],[150.6331,-33.3915],[150.635,-33.3895],[150.6384,-33.3896],[150.6442,-33.3924],[150.6499,-33.3922],[150.6573,-33.3897],[150.6626,-33.3906],[150.6621,-33.3863],[150.6603,-33.3807],[150.6653,-33.3753],[150.6644,-33.3734],[150.6601,-33.3731],[150.6424,-33.3807],[150.6377,-33.3832],[150.6349,-33.3834],[150.6308,-33.3816],[150.6274,-33.3781],[150.6258,-33.3744],[150.6172,-33.3738],[150.611,-33.3718],[150.6004,-33.3659],[150.5923,-33.3628],[150.5893,-33.3605],[150.581,-33.3514],[150.577,-33.3521],[150.5741,-33.358],[150.5674,-33.3556],[150.5665,-33.3599],[150.5601,-33.3616],[150.5591,-33.366],[150.5551,-33.366],[150.5494,-33.3687],[150.5471,-33.3688],[150.5426,-33.373],[150.5417,-33.3762],[150.5377,-33.3762],[150.5347,-33.3796],[150.5339,-33.3823],[150.5262,-33.3875],[150.5289,-33.3911],[150.5227,-33.3922],[150.5192,-33.4001],[150.5198,-33.4056],[150.5184,-33.4091],[150.5106,-33.4164],[150.5019,-33.4204],[150.4992,-33.426],[150.5005,-33.428],[150.4946,-33.4346],[150.4926,-33.4407],[150.4883,-33.444],[150.4855,-33.444],[150.4851,-33.4519],[150.4864,-33.4538],[150.4854,-33.4587],[150.4831,-33.462],[150.4841,-33.4648],[150.4831,-33.4684],[150.4854,-33.4748],[150.4846,-33.4806],[150.4863,-33.4812],[150.4858,-33.4862],[150.4783,-33.4925],[150.4773,-33.4967],[150.4729,-33.4983],[150.4652,-33.5006],[150.4623,-33.5029],[150.4615,-33.5061],[150.4559,-33.5081],[150.4539,-33.5118],[150.4474,-33.5117],[150.4449,-33.5251],[150.4486,-33.5209],[150.454,-33.5232],[150.4524,-33.5255],[150.4544,-33.5296],[150.4556,-33.5357],[150.4675,-33.5373]]]},"properties":{"SAL_CODE21":"10357","SAL_NAME21":"Bilpin","STE_CODE21":"1","STE_NAME21":"New South Wales","AUS_CODE21":"AUS","AUS_NAME21":"Australia","AREASQKM21":179.912,"LOCI_URI21":"http://linked.data.gov.au/dataset/asgsed3/SAL/10357","SHAPE_Leng":0.931066370838,"SHAPE_Area":0.0174462410556}},
{"type":"Feature","geometry":{"type":"Polygon","coordinates":[[[151.1861,-33.8548],[151.1886,-33.8532],[151.1808,-33.8477],[151.1756,-33.8525],[151.181,-33.8558],[151.1861,-33.8548]]]},"properties":{"SAL_CODE21":"10373","SAL_NAME21":"Birchgrove","STE_CODE21":"1","STE_NAME21":"New South Wales","AUS_CODE21":"AUS","AUS_NAME21":"Australia","AREASQKM21":0.5858,"LOCI_URI21":"http://linked.data.gov.au/dataset/asgsed3/SAL/10373","SHAPE_Leng":0.0560040625589,"SHAPE_Area":0.0000570766162394}},
{"type":"Feature","geometry":{"type":"Polygon","coordinates":[[[151.0261,-33.8976],[151.0275,-33.8881],[151.0221,-33.8888],[151.016,-33.8861],[151.0138,-33.8966],[151.0204,-33.8976],[151.0261,-33.8976]]]},"properties":{"SAL_CODE21":"10378","SAL_NAME21":"Birrong","STE_CODE21":"1","STE_NAME21":"New South Wales","AUS_CODE21":"AUS","AUS_NAME21":"Australia","AREASQKM21":1.1958,"LOCI_URI21":"http://linked.data.gov.au/dataset/asgsed3/SAL/10378","SHAPE_Leng":0.0480689609517,"SHAPE_Area":0.000116557337847}},
{"type":"Feature","geometry":{"type":"Polygon","coordinates":[[[150.8113,-33.7333],[150.8096,-33.7351],[150.8087,-33.7389],[150.8108,-33.743],[150.82,-33.7434],[150.822,-33.7342],[150.8113,-33.7333]]]},"properties":{"SAL_CODE21":"10391","SAL_NAME21":"Blackett","STE_CODE21":"1","STE_NAME21":"New South Wales","AUS_CODE21":"AUS","AUS_NAME21":"Australia","AREASQKM21":1.0632,"LOCI_URI21":"http://linked.data.gov.au/dataset/asgsed3/SAL/10391","SHAPE_Leng":0.0435096661035,"SHAPE_Area":0.000103439440896}},
{"type":"Feature","geometry":{"type":"Polygon","coordinates":[[[150.28,-33.6692],[150.28,-33.6654],[150.2781,-33.6628],[150.2784,-33.6595],[150.2814,-33.6547],[150.2851,-33.6505],[150.2949,-33.6501],[150.2991,-33.6515],[150.3019,-33.6504],[150.3097,-33.6522],[150.3138,-33.6508],[150.3158,-33.652],[150.3143,-33.657],[150.3163,-33.6592],[150.3191,-33.6579],[150.318,-33.6525],[150.32,-33.6487],[150.2988,-33.6456],[150.2938,-33.6444],[150.2936,-33.6421],[150.3009,-33.6412],[150.3095,-33.6359],[150.3018,-33.6271],[150.31,-33.6199],[150.317,-33.6209],[150.3174,-33.6186],[150.3286,-33.6184],[150.3318,-33.6144],[150.3305,-33.6097],[150.3265,-33.6081],[150.3167,-33.6067],[150.3118,-33.6101],[150.3052,-33.6101],[150.3033,-33.6149],[150.2966,-33.616],[150.2978,-33.6103],[150.2891,-33.6091],[150.288,-33.6111],[150.2776,-33.6096],[150.2795,-33.6078],[150.2803,-33.6039],[150.2714,-33.6026],[150.2694,-33.603],[150.2664,-33.6001],[150.2645,-33.6019],[150.2676,-33.6061],[150.2672,-33.6098],[150.2606,-33.6089],[150.2603,-33.6107],[150.259,-33.6175],[150.2715,-33.6191],[150.2708,-33.6229],[150.2665,-33.6223],[150.266,-33.6265],[150.2675,-33.6293],[150.2641,-33.6312],[150.2619,-33.6417],[150.2405,-33.6386],[150.2378,-33.6512],[150.2416,-33.6545],[150.2468,-33.6562],[150.2483,-33.6583],[150.2483,-33.6636],[150.2443,-33.6654],[150.241,-33.666],[150.237,-33.669],[150.2398,-33.6728],[150.2437,-33.6741],[150.2524,-33.6731],[150.2638,-33.6753],[150.2645,-33.6714],[150.2709,-33.6721],[150.2742,-33.6724],[150.275,-33.6685],[150.28,-33.6692]]]},"properties":{"SAL_CODE21":"10392","SAL_NAME21":"Blackheath","STE_CODE21":"1","STE_NAME21":"New South Wales","AUS_CODE21":"AUS","AUS_NAME21":"Australia","AREASQKM21":32.5755,"LOCI_URI21":"http://linked.data.gov.au/dataset/asgsed3/SAL/10392","SHAPE_Leng":0.531200320774,"SHAPE_Area":0.00316567115829}},
{"type":"Feature","geometry":{"type":"Polygon","coordinates":[[[150.8962,-33.7978],[150.896,-33.8016],[150.8961,-33.8029],[150.916,-33.8054],[150.9161,-33.8024],[150.9069,-33.8014],[150.9036,-33.8005],[150.9054,-33.791],[150.9191,-33.7926],[150.9191,-33.7897],[150.921,-33.7855],[150.9202,-33.7784],[150.9227,-33.7753],[150.9228,-33.7728],[150.9193,-33.7725],[150.9196,-33.767],[150.9206,-33.7616],[150.9201,-33.7576],[150.922,-33.7546],[150.9269,-33.7555],[150.9277,-33.753],[150.9263,-33.7507],[150.9205,-33.7479],[150.9163,-33.7477],[150.9129,-33.7509],[150.9054,-33.7518],[150.9018,-33.7514],[150.9003,-33.7537],[150.8984,-33.7609],[150.8873,-33.7522],[150.8851,-33.7646],[150.8821,-33.781],[150.879,-33.7833],[150.8838,-33.788],[150.8925,-33.7903],[150.8979,-33.7928],[150.8962,-33.7978]]]},"properties":{"SAL_CODE21":"10396","SAL_NAME21":"Blacktown","STE_CODE21":"1","STE_NAME21":"New South Wales","AUS_CODE21":"AUS","AUS_NAME21":"Australia","AREASQKM21":16.0646,"LOCI_URI21":"http://linked.data.gov.au/dataset/asgsed3/SAL/10396","SHAPE_Leng":0.265185075485,"SHAPE_Area":0.0015636326468}},
{"type":"Feature","geometry":{"type":"Polygon","coordinates":[[[151.3318,-33.5006],[151.326,-33.5009],[151.3245,-33.5069],[151.327,-33.5077],[151.3296,-33.5075],[151.3325,-33.5097],[151.3373,-33.5087],[151.3432,-33.5091],[151.346,-33.5076],[151.343,-33.5072],[151.3318,-33.5006]]]},"properties":{"SAL_CODE21":"10398","SAL_NAME21":"Blackwall (NSW)","STE_CODE21":"1","STE_NAME21":"New South Wales","AUS_CODE21":"AUS","AUS_NAME21":"Australia","AREASQKM21":1.1433,"LOCI_URI21":"http://linked.data.gov.au/dataset/asgsed3/SAL/10398","SHAPE_Leng":0.0551922674159,"SHAPE_Area":0.000110920892653}},
{"type":"Feature","geometry":{"type":"Polygon","coordinates":[[[150.7937,-34.0576],[150.8005,-34.0664],[150.8052,-34.0661],[150.8095,-34.0614],[150.8076,-34.0592],[150.8017,-34.0614],[150.7989,-34.0559],[150.7937,-34.0576]]]},"properties":{"SAL_CODE21":"10399","SAL_NAME21":"Blair Athol (NSW)","STE_CODE21":"1","STE_NAME21":"New South Wales","AUS_CODE21":"AUS","AUS_NAME21":"Australia","AREASQKM21":0.9009,"LOCI_URI21":"http://linked.data.gov.au/dataset/asgsed3/SAL/10399","SHAPE_Leng":0.052840198603,"SHAPE_Area":0.0000879955157351}},
{"type":"Feature","geometry":{"type":"Polygon","coordinates":[[[150.7989,-34.0559],[150.8079,-34.0531],[150.8025,-34.047],[150.7984,-34.0449],[150.7965,-34.044],[150.7933,-34.0456],[150.7888,-34.0405],[150.7856,-34.0444],[150.7866,-34.0463],[150.7842,-34.0508],[150.781,-34.0541],[150.7829,-34.0573],[150.7814,-34.0598],[150.7845,-34.0612],[150.7937,-34.0576],[150.7989,-34.0559]]]},"properties":{"SAL_CODE21":"10400","SAL_NAME21":"Blairmount","STE_CODE21":"1","STE_NAME21":"New South Wales","AUS_CODE21":"AUS","AUS_NAME21":"Australia","AREASQKM21":2.9291,"LOCI_URI21":"http://linked.data.gov.au/dataset/asgsed3/SAL/10400","SHAPE_Leng":0.0779771291772,"SHAPE_Area":0.000285999717426}},
{"type":"Feature","geometry":{"type":"Polygon","coordinates":[[[151.104,-33.9898],[151.1048,-33.9965],[151.1038,-33.999],[151.1091,-34.0006],[151.1155,-33.9974],[151.1177,-33.9952],[151.1177,-33.992],[151.1121,-33.9872],[151.1152,-33.9824],[151.1181,-33.9816],[151.1134,-33.9779],[151.1077,-33.9806],[151.1077,-33.9823],[151.1023,-33.983],[151.102,-33.9852],[151.104,-33.9898]]]},"properties":{"SAL_CODE21":"10402","SAL_NAME21":"Blakehurst","STE_CODE21":"1","STE_NAME21":"New South Wales","AUS_CODE21":"AUS","AUS_NAME21":"Australia","AREASQKM21":2.3046,"LOCI_URI21":"http://linked.data.gov.au/dataset/asgsed3/SAL/10402","SHAPE_Leng":0.116252757846,"SHAPE_Area":0.000224840011087}},
{"type":"Feature","geometry":{"type":"Polygon","coordinates":[[[150.6428,-33.7492],[150.6406,-33.748],[150.6425,-33.7419],[150.6441,-33.7342],[150.6359,-33.7332],[150.6346,-33.7404],[150.6237,-33.7391],[150.6243,-33.7354],[150.6271,-33.7322],[150.6106,-33.73],[150.6095,-33.7351],[150.6025,-33.7336],[150.5955,-33.7337],[150.5922,-33.7505],[150.6022,-33.7519],[150.6012,-33.7569],[150.607,-33.7579],[150.6082,-33.7595],[150.6122,-33.7578],[150.6141,-33.754],[150.6257,-33.7511],[150.6288,-33.7514],[150.6331,-33.7535],[150.6411,-33.7521],[150.6428,-33.7492]]]},"properties":{"SAL_CODE21":"10406","SAL_NAME21":"Blaxland (NSW)","STE_CODE21":"1","STE_NAME21":"New South Wales","AUS_CODE21":"AUS","AUS_NAME21":"Australia","AREASQKM21":9.6779,"LOCI_URI21":"http://linked.data.gov.au/dataset/asgsed3/SAL/10406","SHAPE_Leng":0.187032715828,"SHAPE_Area":0.000941627824243}},
{"type":"Feature","geometry":{"type":"Polygon","coordinates":[[[150.7291,-33.5056],[150.7324,-33.5054],[150.7375,-33.5068],[150.7443,-33.507],[150.7486,-33.5089],[150.7561,-33.5089],[150.7584,-33.5072],[150.7614,-33.5083],[150.7637,-33.5067],[150.7691,-33.5074],[150.7719,-33.506],[150.7727,-33.5035],[150.7756,-33.5017],[150.7795,-33.5032],[150.7801,-33.4999],[150.7852,-33.5005],[150.786,-33.4967],[150.7947,-33.4979],[150.7955,-33.4941],[150.7997,-33.4912],[150.8028,-33.4904],[150.8047,-33.4871],[150.809,-33.4848],[150.813,-33.4843],[150.8135,-33.4818],[150.8337,-33.4845],[150.8341,-33.4826],[150.8456,-33.4816],[150.847,-33.4743],[150.8438,-33.4746],[150.8458,-33.4641],[150.8398,-33.464],[150.8371,-33.4627],[150.8379,-33.4552],[150.8427,-33.4535],[150.8446,-33.4494],[150.8526,-33.448],[150.8563,-33.444],[150.8523,-33.4432],[150.8481,-33.4399],[150.8426,-33.4394],[150.8415,-33.4368],[150.8309,-33.4333],[150.8286,-33.4357],[150.8252,-33.4344],[150.817,-33.4321],[150.8152,-33.4382],[150.812,-33.4383],[150.8104,-33.4464],[150.8073,-33.446],[150.8045,-33.4599],[150.7926,-33.4583],[150.7921,-33.4607],[150.7855,-33.4597],[150.767,-33.4726],[150.7601,-33.4717],[150.7586,-33.4684],[150.755,-33.4694],[150.753,-33.4731],[150.7547,-33.4758],[150.7508,-33.4771],[150.7515,-33.479],[150.7492,-33.4821],[150.7448,-33.4929],[150.7404,-33.4922],[150.739,-33.4994],[150.7368,-33.4998],[150.7295,-33.4973],[150.727,-33.4995],[150.7304,-33.5026],[150.7291,-33.5056]]]},"properties":{"SAL_CODE21":"10408","SAL_NAME21":"Blaxlands Ridge","STE_CODE21":"1","STE_NAME21":"New South Wales","AUS_CODE21":"AUS","AUS_NAME21":"Australia","AREASQKM21":42.0129,"LOCI_URI21":"http://linked.data.gov.au/dataset/asgsed3/SAL/10408","SHAPE_Leng":0.434408190046,"SHAPE_Area":0.00407519636798}},
{"type":"Feature","geometry":{"type":"Polygon","coordinates":[[[150.8075,-33.6454],[150.813,-33.6418],[150.8082,-33.6369],[150.8033,-33.6362],[150.7955,-33.6315],[150.7915,-33.6316],[150.7853,-33.6384],[150.7883,-33.6394],[150.8075,-33.6454]]]},"properties":{"SAL_CODE21":"10410","SAL_NAME21":"Bligh Park","STE_CODE21":"1","STE_NAME21":"New South Wales","AUS_CODE21":"AUS","AUS_NAME21":"Australia","AREASQKM21":2.1151,"LOCI_URI21":"http://linked.data.gov.au/dataset/asgsed3/SAL/10410","SHAPE_Leng":0.0728812987255,"SHAPE_Area":0.000205555169588}},
{"type":"Feature","geometry":{"type":"Polygon","coordinates":[[[151.5046,-33.3511],[151.4972,-33.3511],[151.4966,-33.3576],[151.5005,-33.3585],[151.5023,-33.3571],[151.5046,-33.3511]]]},"properties":{"SAL_CODE21":"10413","SAL_NAME21":"Blue Bay","STE_CODE21":"1","STE_NAME21":"New South Wales","AUS_CODE21":"AUS","AUS_NAME21":"Australia","AREASQKM21":0.4734,"LOCI_URI21":"http://linked.data.gov.au/dataset/asgsed3/SAL/10413","SHAPE_Leng":0.0354132284334,"SHAPE_Area":0.0000458606738946}},
{"type":"Feature","geometry":{"type":"Polygon","coordinates":[[[151.5166,-33.2069],[151.5055,-33.2049],[151.5008,-33.2052],[151.4903,-33.2079],[151.4936,-33.2093],[151.4947,-33.214],[151.4921,-33.2168],[151.4968,-33.2177],[151.5045,-33.2171],[151.5076,-33.218],[151.5143,-33.2121],[151.5166,-33.2069]]]},"properties":{"SAL_CODE21":"10414","SAL_NAME21":"Blue Haven","STE_CODE21":"1","STE_NAME21":"New South Wales","AUS_CODE21":"AUS","AUS_NAME21":"Australia","AREASQKM21":2.5245,"LOCI_URI21":"http://linked.data.gov.au/dataset/asgsed3/SAL/10414","SHAPE_Leng":0.0798455217211,"SHAPE_Area":0.000244193121183}},
{"type":"Feature","geometry":{"type":"MultiPolygon","coordinates":[[[[150.5955,-33.7337],[150.5946,-33.7275],[150.589,-33.7268],[150.5898,-33.723],[150.5852,-33.7224],[150.5843,-33.7269],[150.576,-33.7258],[150.5754,-33.7287],[150.5708,-33.7281],[150.5729,-33.7177],[150.5702,-33.7173],[150.5689,-33.7243],[150.557,-33.722],[150.5561,-33.719],[150.5508,-33.7157],[150.5517,-33.7112],[150.5427,-33.7077],[150.5399,-33.7081],[150.539,-33.7128],[150.5407,-33.716],[150.5268,-33.7147],[150.5235,-33.7308],[150.5105,-33.729],[150.5119,-33.7219],[150.5077,-33.7213],[150.5032,-33.7224],[150.5025,-33.7259],[150.4984,-33.7254],[150.4977,-33.7288],[150.4941,-33.7304],[150.4926,-33.7343],[150.4892,-33.7505],[150.4862,-33.7501],[150.4859,-33.7536],[150.4807,-33.7529],[150.4812,-33.7493],[150.4744,-33.7483],[150.4715,-33.7489],[150.4707,-33.7525],[150.4668,-33.7519],[150.4627,-33.7511],[150.4616,-33.757],[150.4578,-33.7574],[150.4526,-33.7561],[150.4526,-33.7538],[150.4478,-33.7536],[150.4456,-33.7556],[150.4394,-33.7528],[150.4409,-33.7457],[150.4381,-33.7445],[150.4364,-33.747],[150.4316,-33.7461],[150.4292,-33.7423],[150.4204,-33.7417],[150.4155,-33.7352],[150.4071,-33.7332],[150.4078,-33.7294],[150.4013,-33.7285],[150.4009,-33.7306],[150.3964,-33.7302],[150.392,-33.7437],[150.3861,-33.7429],[150.3855,-33.7412],[150.3801,-33.7413],[150.381,-33.7455],[150.3797,-33.7525],[150.3959,-33.7546],[150.4014,-33.7538],[150.3999,-33.7618],[150.3841,-33.7597],[150.3818,-33.7716],[150.371,-33.7702],[150.3733,-33.7583],[150.3684,-33.7577],[150.3709,-33.744],[150.3782,-33.7451],[150.3793,-33.7428],[150.3709,-33.7417],[150.3705,-33.7357],[150.3792,-33.7369],[150.3799,-33.7284],[150.3687,-33.7247],[150.3691,-33.7227],[150.3638,-33.722],[150.362,-33.7179],[150.364,-33.7138],[150.3589,-33.7115],[150.3571,-33.7146],[150.3521,-33.7138],[150.3502,-33.7135],[150.3486,-33.7198],[150.3519,-33.7195],[150.3572,-33.7239],[150.3476,-33.7227],[150.3491,-33.7266],[150.3451,-33.7299],[150.343,-33.7296],[150.3404,-33.7361],[150.3372,-33.7348],[150.339,-33.7317],[150.34,-33.7262],[150.337,-33.7258],[150.3366,-33.72],[150.3322,-33.7194],[150.3316,-33.7265],[150.3258,-33.7254],[150.3252,-33.7211],[150.3202,-33.7206],[150.317,-33.721],[150.3182,-33.7251],[150.3155,-33.7293],[150.3155,-33.7317],[150.3114,-33.7313],[150.3072,-33.7295],[150.3053,-33.7263],[150.3019,-33.7266],[150.3019,-33.7306],[150.3001,-33.7361],[150.2908,-33.7349],[150.2882,-33.7331],[150.2822,-33.7323],[150.2798,-33.7346],[150.2731,-33.7336],[150.2761,-33.7311],[150.2652,-33.7299],[150.2626,-33.7426],[150.2593,-33.7441],[150.2513,-33.7431],[150.2507,-33.7461],[150.2462,-33.7454],[150.246,-33.7507],[150.2442,-33.7595],[150.2393,-33.7588],[150.2349,-33.7803],[150.2362,-33.7839],[150.2348,-33.7905],[150.2308,-33.7907],[150.2264,-33.7889],[150.2216,-33.7898],[150.22,-33.7976],[150.2038,-33.7953],[150.1989,-33.7966],[150.195,-33.796],[150.1923,-33.7926],[150.1876,-33.7917],[150.1792,-33.7916],[150.171,-33.7891],[150.172,-33.7929],[150.1687,-33.7951],[150.172,-33.7987],[150.1794,-33.7969],[150.1811,-33.8026],[150.1804,-33.8058],[150.1735,-33.8172],[150.1743,-33.8212],[150.1692,-33.8266],[150.1721,-33.8312],[150.1762,-33.8343],[150.1786,-33.8304],[150.1827,-33.8299],[150.1853,-33.8381],[150.1823,-33.8417],[150.1818,-33.8479],[150.1756,-33.8528],[150.1761,-33.8605],[150.1743,-33.8623],[150.1688,-33.8629],[150.166,-33.8645],[150.1705,-33.8723],[150.1736,-33.8717],[150.1792,-33.8731],[150.1852,-33.8804],[150.1812,-33.8809],[150.1759,-33.8857],[150.1686,-33.889],[150.1653,-33.8884],[150.1644,-33.8863],[150.1589,-33.8879],[150.1559,-33.8931],[150.1592,-33.8974],[150.1657,-33.8976],[150.1701,-33.9024],[150.168,-33.9084],[150.1651,-33.9124],[150.1652,-33.9154],[150.1679,-33.9175],[150.1713,-33.93],[150.1706,-33.9343],[150.1752,-33.939],[150.1756,-33.9452],[150.1803,-33.9455],[150.1824,-33.9498],[150.1891,-33.9506],[150.1982,-33.947],[150.2033,-33.9438],[150.21,-33.9374],[150.2148,-33.9363],[150.2188,-33.9384],[150.217,-33.9478],[150.2377,-33.9505],[150.2412,-33.952],[150.2355,-33.9599],[150.2333,-33.9621],[150.2372,-33.9655],[150.2321,-33.968],[150.2322,-33.9713],[150.2283,-33.9739],[150.2285,-33.9787],[150.2241,-33.9795],[150.2184,-33.9843],[150.2166,-33.9874],[150.2115,-33.9893],[150.2088,-33.9937],[150.209,-33.9978],[150.2045,-34.0005],[150.2024,-34.0004],[150.201,-34.0053],[150.1951,-34.0048],[150.1915,-34.0073],[150.1905,-34.0103],[150.1863,-34.0103],[150.183,-34.0119],[150.183,-34.0163],[150.1809,-34.0183],[150.1764,-34.0163],[150.1721,-34.02],[150.1671,-34.0213],[150.1652,-34.0235],[150.1693,-34.0258],[150.1683,-34.028],[150.1608,-34.0298],[150.1596,-34.0325],[150.1682,-34.0352],[150.1621,-34.0377],[150.1584,-34.0346],[150.1548,-34.0351],[150.1552,-34.0408],[150.1531,-34.0431],[150.147,-34.043],[150.1467,-34.0477],[150.1424,-34.0489],[150.1408,-34.0512],[150.1434,-34.0582],[150.1427,-34.0641],[150.1453,-34.0676],[150.1457,-34.0714],[150.1423,-34.0733],[150.1374,-34.0715],[150.1372,-34.0743],[150.1317,-34.0728],[150.1277,-34.0756],[150.129,-34.0779],[150.1337,-34.0804],[150.1321,-34.0821],[150.1275,-34.0799],[150.1228,-34.0756],[150.1167,-34.0781],[150.1159,-34.0803],[150.1185,-34.091],[150.1149,-34.0904],[150.115,-34.0862],[150.112,-34.0844],[150.109,-34.0849],[150.1122,-34.0899],[150.107,-34.0901],[150.1077,-34.093],[150.111,-34.0961],[150.1129,-34.1026],[150.1104,-34.1058],[150.1085,-34.1056],[150.1048,-34.1094],[150.1042,-34.1136],[150.1053,-34.1183],[150.1101,-34.1244],[150.1128,-34.1268],[150.1102,-34.1307],[150.1146,-34.1405],[150.1219,-34.1408],[150.1251,-34.1492],[150.1171,-34.1501],[150.1149,-34.151],[150.1125,-34.1478],[150.1077,-34.1463],[150.1045,-34.1418],[150.1052,-34.1385],[150.0952,-34.1373],[150.0905,-34.1334],[150.0887,-34.1296],[150.0895,-34.1256],[150.0855,-34.1206],[150.0821,-34.1211],[150.0782,-34.1264],[150.0712,-34.1316],[150.0644,-34.1291],[150.0597,-34.129],[150.0548,-34.1276],[150.0544,-34.1261],[150.0472,-34.124],[150.044,-34.1208],[150.0376,-34.1208],[150.0331,-34.1266],[150.0302,-34.1282],[150.0216,-34.1292],[150.019,-34.1388],[150.0155,-34.1417],[150.0172,-34.1455],[150.0224,-34.1442],[150.0243,-34.1461],[150.0311,-34.1447],[150.034,-34.1487],[150.0367,-34.1472],[150.042,-34.1482],[150.0466,-34.15],[150.0447,-34.1521],[150.0463,-34.1546],[150.0473,-34.1609],[150.0501,-34.1615],[150.051,-34.1656],[150.0538,-34.1693],[150.055,-34.1734],[150.061,-34.174],[150.0593,-34.1774],[150.0634,-34.1831],[150.0628,-34.1893],[150.066,-34.1953],[150.0631,-34.2005],[150.0639,-34.2061],[150.0602,-34.2066],[150.0575,-34.21],[150.0597,-34.2174],[150.0562,-34.2221],[150.0515,-34.2254],[150.0529,-34.2312],[150.0504,-34.2352],[150.0576,-34.2348],[150.0615,-34.2387],[150.06,-34.2424],[150.0577,-34.2435],[150.058,-34.2469],[150.054,-34.2476],[150.0529,-34.2501],[150.0579,-34.252],[150.0601,-34.2581],[150.0566,-34.2622],[150.0593,-34.267],[150.0612,-34.2688],[150.072,-34.2681],[150.0802,-34.2721],[150.0864,-34.271],[150.0913,-34.2664],[150.0962,-34.2664],[150.0982,-34.2684],[150.0962,-34.277],[150.0984,-34.2788],[150.1023,-34.2787],[150.1091,-34.28],[150.1172,-34.2828],[150.1222,-34.2855],[150.1247,-34.2881],[150.1265,-34.2931],[150.1342,-34.2929],[150.1362,-34.2943],[150.1372,-34.2985],[150.1409,-34.2993],[150.1468,-34.2954],[150.1499,-34.2955],[150.1531,-34.2975],[150.157,-34.3058],[150.1647,-34.3081],[150.1715,-34.3071],[150.1781,-34.3078],[150.1874,-34.3033],[150.197,-34.3041],[150.1985,-34.3033],[150.208,-34.2944],[150.2109,-34.2894],[150.2114,-34.2814],[150.213,-34.2792],[150.2227,-34.2746],[150.225,-34.2712],[150.2256,-34.2615],[150.2307,-34.2469],[150.231,-34.2398],[150.2299,-34.2318],[150.2327,-34.229],[150.2441,-34.2261],[150.2471,-34.2259],[150.2427,-34.2249],[150.2424,-34.2204],[150.2443,-34.2111],[150.2354,-34.2099],[150.2378,-34.1963],[150.2308,-34.1954],[150.2291,-34.1977],[150.2186,-34.1963],[150.2197,-34.1909],[150.2236,-34.1887],[150.2057,-34.1864],[150.2068,-34.1805],[150.2037,-34.1789],[150.2014,-34.1801],[150.1933,-34.1791],[150.1913,-34.1757],[150.1873,-34.1766],[150.1853,-34.1739],[150.1862,-34.1705],[150.1894,-34.1686],[150.192,-34.1651],[150.1925,-34.1606],[150.1884,-34.1555],[150.192,-34.153],[150.1964,-34.1357],[150.1948,-34.133],[150.1971,-34.1314],[150.1963,-34.1291],[150.2116,-34.1287],[150.2117,-34.1258],[150.2092,-34.1224],[150.21,-34.1189],[150.2041,-34.1179],[150.2017,-34.1191],[150.2032,-34.1099],[150.2061,-34.1097],[150.2089,-34.1061],[150.2136,-34.1056],[150.2237,-34.0963],[150.2264,-34.0955],[150.2256,-34.0916],[150.2287,-34.0889],[150.2331,-34.09],[150.2388,-34.0842],[150.2427,-34.0867],[150.246,-34.086],[150.2468,-34.0833],[150.2522,-34.0864],[150.2637,-34.0908],[150.2695,-34.0915],[150.269,-34.0942],[150.2759,-34.0951],[150.2773,-34.0874],[150.2857,-34.0884],[150.2892,-34.0926],[150.3015,-34.0987],[150.3003,-34.1051],[150.3333,-34.1096],[150.3361,-34.0971],[150.3598,-34.1005],[150.3574,-34.1014],[150.3595,-34.105],[150.3647,-34.1018],[150.3667,-34.1042],[150.3642,-34.1127],[150.3612,-34.1166],[150.3547,-34.1193],[150.3512,-34.1193],[150.3457,-34.1251],[150.3399,-34.1229],[150.3395,-34.1258],[150.3349,-34.1243],[150.3311,-34.1213],[150.3287,-34.1241],[150.3292,-34.1268],[150.3331,-34.1298],[150.337,-34.1308],[150.345,-34.1285],[150.3394,-34.1351],[150.3341,-34.1371],[150.3283,-34.1408],[150.3188,-34.1532],[150.3199,-34.1566],[150.3205,-34.1686],[150.3221,-34.1738],[150.3277,-34.1696],[150.3265,-34.1666],[150.3263,-34.1592],[150.3407,-34.1611],[150.3371,-34.1793],[150.3389,-34.1795],[150.335,-34.198],[150.3412,-34.1989],[150.3405,-34.2078],[150.3377,-34.2096],[150.3229,-34.2074],[150.3198,-34.2114],[150.2999,-34.2085],[150.2974,-34.2206],[150.2927,-34.2199],[150.2918,-34.224],[150.287,-34.2233],[150.2865,-34.2257],[150.3313,-34.2322],[150.3304,-34.2369],[150.3345,-34.2367],[150.3412,-34.2343],[150.3453,-34.2351],[150.347,-34.2339],[150.3529,-34.2347],[150.3518,-34.239],[150.3567,-34.2397],[150.3572,-34.2369],[150.4421,-34.2484],[150.5005,-34.2579],[150.503,-34.254],[150.5025,-34.2521],[150.504,-34.2434],[150.501,-34.2439],[150.4966,-34.2416],[150.4944,-34.2427],[150.4886,-34.2427],[150.4882,-34.2406],[150.4827,-34.2384],[150.4814,-34.2364],[150.4756,-34.2315],[150.4756,-34.2291],[150.4712,-34.2282],[150.4722,-34.2229],[150.4738,-34.2206],[150.4705,-34.2189],[150.4723,-34.2169],[150.4706,-34.2138],[150.4716,-34.2044],[150.4688,-34.2014],[150.4661,-34.1957],[150.4648,-34.1879],[150.46,-34.1873],[150.4557,-34.1822],[150.4561,-34.1776],[150.4504,-34.1737],[150.4498,-34.1677],[150.4462,-34.1637],[150.4468,-34.1588],[150.445,-34.1561],[150.4466,-34.1521],[150.4501,-34.1504],[150.4462,-34.1461],[150.4476,-34.1398],[150.4518,-34.1337],[150.4566,-34.1253],[150.4585,-34.1254],[150.4544,-34.1217],[150.4523,-34.1172],[150.4507,-34.1106],[150.448,-34.1089],[150.4464,-34.1058],[150.4472,-34.0989],[150.4462,-34.0944],[150.4415,-34.0889],[150.4403,-34.085],[150.4265,-34.0809],[150.4095,-34.0784],[150.4138,-34.0714],[150.4104,-34.0676],[150.4103,-34.0651],[150.4013,-34.0602],[150.4071,-34.0562],[150.4109,-34.0509],[150.4135,-34.0392],[150.416,-34.0364],[150.4206,-34.0253],[150.4191,-34.0234],[150.4224,-34.0203],[150.4236,-34.0168],[150.4285,-34.0113],[150.4312,-34.0094],[150.431,-34.0054],[150.444,-34.0079],[150.4509,-34.0056],[150.4566,-34.0061],[150.4597,-34.0075],[150.4605,-34.0172],[150.4666,-34.0248],[150.4696,-34.0234],[150.4735,-34.0239],[150.4787,-34.0231],[150.4829,-34.0212],[150.4873,-34.0175],[150.4946,-34.0131],[150.4971,-34.0146],[150.5022,-34.015],[150.5021,-34.0114],[150.5058,-34.0103],[150.5034,-34.0056],[150.5045,-34.0022],[150.5086,-34.0027],[150.5094,-34.0064],[150.5086,-34.0109],[150.5291,-34.0144],[150.5263,-34.0172],[150.5255,-34.0209],[150.5305,-34.0254],[150.5387,-34.0226],[150.5396,-34.0203],[150.5437,-34.0172],[150.5486,-34.0176],[150.5518,-34.0158],[150.5495,-34.0168],[150.5404,-34.0151],[150.5384,-34.012],[150.5413,-34.0049],[150.541,-34.003],[150.5469,-34.0008],[150.5455,-33.9988],[150.5481,-33.9954],[150.5487,-33.9873],[150.5538,-33.9853],[150.5588,-33.981],[150.5542,-33.9778],[150.5579,-33.9733],[150.556,-33.9705],[150.5504,-33.9685],[150.5484,-33.9657],[150.5491,-33.9608],[150.546,-33.9582],[150.5503,-33.9547],[150.5532,-33.9546],[150.5564,-33.95],[150.556,-33.9477],[150.5529,-33.9469],[150.5487,-33.9429],[150.5477,-33.9363],[150.5452,-33.9383],[150.5402,-33.9369],[150.5361,-33.9376],[150.5351,-33.9327],[150.5407,-33.9304],[150.5479,-33.9296],[150.5556,-33.9271],[150.5694,-33.9211],[150.5699,-33.9187],[150.567,-33.9171],[150.5685,-33.9119],[150.5645,-33.9116],[150.5576,-33.9053],[150.5801,-33.8933],[150.5965,-33.8841],[150.5988,-33.8808],[150.6072,-33.8765],[150.6117,-33.8727],[150.6133,-33.8644],[150.6128,-33.8618],[150.6091,-33.8571],[150.5973,-33.8573],[150.592,-33.8546],[150.5894,-33.8499],[150.588,-33.8449],[150.5913,-33.835],[150.5945,-33.8302],[150.5998,-33.826],[150.6091,-33.8226],[150.6197,-33.8141],[150.6281,-33.8016],[150.6331,-33.7956],[150.6365,-33.7887],[150.6407,-33.7819],[150.6426,-33.7805],[150.6396,-33.7791],[150.6315,-33.7794],[150.6282,-33.7826],[150.6261,-33.7794],[150.6221,-33.7766],[150.6205,-33.774],[150.6146,-33.7756],[150.6092,-33.7756],[150.6072,-33.7678],[150.6161,-33.769],[150.6121,-33.7659],[150.6083,-33.7614],[150.6082,-33.7595],[150.607,-33.7579],[150.6012,-33.7569],[150.6022,-33.7519],[150.5922,-33.7505],[150.5955,-33.7337]]],[[[150.2616,-33.5457],[150.2641,-33.5534],[150.261,-33.561],[150.2613,-33.5641],[150.2591,-33.5684],[150.2618,-33.5744],[150.2586,-33.5797],[150.2627,-33.5803],[150.2603,-33.5922],[150.2668,-33.5928],[150.2653,-33.5964],[150.2688,-33.5969],[150.2664,-33.6001],[150.2694,-33.603],[150.2714,-33.6026],[150.2803,-33.6039],[150.2795,-33.6078],[150.2776,-33.6096],[150.288,-33.6111],[150.2891,-33.6091],[150.2978,-33.6103],[150.2966,-33.616],[150.3033,-33.6149],[150.3052,-33.6101],[150.3118,-33.6101],[150.3167,-33.6067],[150.3265,-33.6081],[150.3305,-33.6097],[150.3318,-33.6144],[150.3286,-33.6184],[150.3174,-33.6186],[150.317,-33.6209],[150.31,-33.6199],[150.3018,-33.6271],[150.3095,-33.6359],[150.3009,-33.6412],[150.2936,-33.6421],[150.2938,-33.6444],[150.2988,-33.6456],[150.32,-33.6487],[150.318,-33.6525],[150.3191,-33.6579],[150.3163,-33.6592],[150.3143,-33.657],[150.3158,-33.652],[150.3138,-33.6508],[150.3097,-33.6522],[150.3019,-33.6504],[150.2991,-33.6515],[150.2949,-33.6501],[150.2851,-33.6505],[150.2814,-33.6547],[150.2784,-33.6595],[150.2781,-33.6628],[150.28,-33.6654],[150.28,-33.6692],[150.2844,-33.6695],[150.289,-33.6779],[150.297,-33.6753],[150.3036,-33.6692],[150.3095,-33.6671],[150.3086,-33.6718],[150.3086,-33.6746],[150.3146,-33.6758],[150.3163,-33.6751],[150.3209,-33.6768],[150.3221,-33.6797],[150.3289,-33.6784],[150.3269,-33.6856],[150.3373,-33.6871],[150.3384,-33.6817],[150.3472,-33.6829],[150.3499,-33.6853],[150.3461,-33.6884],[150.3465,-33.6926],[150.3453,-33.6974],[150.3546,-33.7],[150.3571,-33.6941],[150.3597,-33.6944],[150.3613,-33.6868],[150.3655,-33.6891],[150.372,-33.69],[150.3715,-33.6922],[150.3763,-33.6929],[150.3756,-33.6963],[150.3787,-33.6983],[150.3855,-33.6993],[150.3866,-33.6939],[150.3897,-33.6944],[150.3913,-33.6869],[150.3972,-33.6878],[150.3966,-33.6905],[150.4027,-33.6915],[150.4055,-33.691],[150.404,-33.7016],[150.4012,-33.7036],[150.396,-33.7029],[150.3951,-33.7072],[150.3842,-33.7057],[150.3822,-33.7076],[150.389,-33.7094],[150.3881,-33.7138],[150.3995,-33.7155],[150.3994,-33.7172],[150.405,-33.718],[150.4054,-33.7164],[150.4119,-33.7174],[150.4149,-33.7147],[150.4169,-33.7085],[150.4228,-33.7093],[150.4231,-33.7079],[150.4359,-33.7097],[150.4375,-33.7035],[150.4446,-33.7045],[150.4466,-33.7035],[150.4481,-33.6993],[150.4522,-33.6999],[150.4517,-33.7027],[150.4576,-33.7028],[150.4662,-33.7004],[150.4756,-33.7008],[150.4746,-33.7032],[150.4704,-33.7048],[150.4657,-33.7103],[150.4685,-33.712],[150.4682,-33.7194],[150.472,-33.7219],[150.4775,-33.7227],[150.4761,-33.7291],[150.4781,-33.7307],[150.482,-33.7307],[150.4825,-33.7285],[150.4877,-33.7293],[150.4899,-33.7274],[150.483,-33.7264],[150.4861,-33.7231],[150.4888,-33.7235],[150.4895,-33.7199],[150.4929,-33.7194],[150.4942,-33.7134],[150.491,-33.713],[150.492,-33.708],[150.4944,-33.7044],[150.497,-33.7073],[150.5022,-33.708],[150.5016,-33.711],[150.4983,-33.7109],[150.4972,-33.7166],[150.5019,-33.7148],[150.5027,-33.7111],[150.5095,-33.7121],[150.51,-33.7096],[150.5142,-33.7101],[150.515,-33.7063],[150.5128,-33.706],[150.5136,-33.7015],[150.523,-33.7035],[150.5238,-33.6993],[150.5286,-33.7],[150.5304,-33.6935],[150.5261,-33.6929],[150.5278,-33.6845],[150.533,-33.6852],[150.5349,-33.6761],[150.5417,-33.6771],[150.5425,-33.6731],[150.5477,-33.6739],[150.5476,-33.6688],[150.5543,-33.6675],[150.5566,-33.6707],[150.5558,-33.6749],[150.5604,-33.6775],[150.561,-33.6713],[150.5635,-33.6667],[150.5689,-33.6655],[150.5714,-33.6617],[150.5721,-33.6582],[150.5755,-33.6566],[150.5772,-33.6543],[150.5824,-33.6551],[150.5851,-33.6582],[150.5842,-33.6624],[150.5868,-33.6626],[150.5889,-33.6601],[150.5884,-33.6554],[150.6052,-33.6578],[150.6068,-33.6594],[150.616,-33.6141],[150.6079,-33.6175],[150.6022,-33.6143],[150.5926,-33.6179],[150.5879,-33.618],[150.5844,-33.6218],[150.5804,-33.6203],[150.5799,-33.613],[150.575,-33.6132],[150.5669,-33.6118],[150.5621,-33.609],[150.5585,-33.5987],[150.5599,-33.5944],[150.5635,-33.5919],[150.5646,-33.5891],[150.5627,-33.5865],[150.5623,-33.58],[150.565,-33.5764],[150.5623,-33.5716],[150.5579,-33.571],[150.5503,-33.573],[150.5471,-33.5715],[150.5474,-33.5691],[150.5502,-33.5655],[150.5451,-33.5614],[150.5444,-33.5573],[150.5359,-33.5563],[150.5332,-33.5603],[150.5351,-33.5651],[150.5311,-33.5691],[150.5224,-33.5705],[150.5162,-33.5771],[150.5152,-33.5818],[150.5097,-33.5827],[150.5057,-33.5813],[150.4985,-33.5801],[150.495,-33.5817],[150.4879,-33.5831],[150.4854,-33.5799],[150.4825,-33.5794],[150.4763,-33.5828],[150.4686,-33.5838],[150.4678,-33.5806],[150.4623,-33.5758],[150.4581,-33.5731],[150.4507,-33.574],[150.448,-33.5723],[150.4487,-33.5697],[150.4469,-33.5643],[150.4407,-33.5561],[150.4389,-33.5551],[150.4287,-33.5535],[150.4263,-33.5646],[150.4155,-33.563],[150.4169,-33.5564],[150.4148,-33.5561],[150.4151,-33.5484],[150.4103,-33.5482],[150.4069,-33.5419],[150.4066,-33.5388],[150.4101,-33.533],[150.4094,-33.531],[150.4122,-33.5282],[150.4167,-33.5283],[150.4253,-33.5214],[150.4276,-33.5206],[150.4341,-33.5277],[150.4307,-33.5305],[150.4294,-33.5332],[150.4302,-33.5379],[150.4396,-33.5371],[150.4403,-33.5339],[150.4372,-33.5335],[150.4387,-33.526],[150.4446,-33.5268],[150.4449,-33.5251],[150.4474,-33.5117],[150.4539,-33.5118],[150.4559,-33.5081],[150.4615,-33.5061],[150.4623,-33.5029],[150.4652,-33.5006],[150.4729,-33.4983],[150.461,-33.4968],[150.4615,-33.4941],[150.4472,-33.4922],[150.4452,-33.5019],[150.423,-33.4995],[150.4261,-33.5019],[150.4253,-33.5064],[150.4204,-33.5065],[150.4195,-33.501],[150.4097,-33.5],[150.4062,-33.5018],[150.4039,-33.5011],[150.3975,-33.5053],[150.3986,-33.5094],[150.3952,-33.5115],[150.3922,-33.5117],[150.376,-33.5181],[150.3742,-33.518],[150.3716,-33.5221],[150.3684,-33.5195],[150.368,-33.5167],[150.3636,-33.5184],[150.3567,-33.5185],[150.3588,-33.5086],[150.3625,-33.5091],[150.3623,-33.5047],[150.3651,-33.5025],[150.3608,-33.4953],[150.3675,-33.4925],[150.371,-33.4982],[150.3738,-33.4992],[150.3861,-33.501],[150.3866,-33.4985],[150.3897,-33.4975],[150.3865,-33.4946],[150.3865,-33.4928],[150.3921,-33.4936],[150.394,-33.4959],[150.4048,-33.494],[150.4094,-33.494],[150.4117,-33.492],[150.4153,-33.4927],[150.4149,-33.4953],[150.4182,-33.4958],[150.4207,-33.4926],[150.4201,-33.4895],[150.4243,-33.4861],[150.4301,-33.4876],[150.4299,-33.4906],[150.4269,-33.4927],[150.4365,-33.4944],[150.4432,-33.4895],[150.4456,-33.4849],[150.45,-33.4856],[150.4541,-33.4833],[150.4553,-33.4774],[150.459,-33.4717],[150.4566,-33.4714],[150.4575,-33.467],[150.4624,-33.4676],[150.4685,-33.4609],[150.4719,-33.4613],[150.4709,-33.4668],[150.473,-33.4673],[150.4758,-33.472],[150.4747,-33.474],[150.4746,-33.4813],[150.4722,-33.4846],[150.4858,-33.4862],[150.4863,-33.4812],[150.4846,-33.4806],[150.4854,-33.4748],[150.4831,-33.4684],[150.4841,-33.4648],[150.4831,-33.462],[150.4854,-33.4587],[150.4864,-33.4538],[150.4851,-33.4519],[150.4855,-33.444],[150.4883,-33.444],[150.4926,-33.4407],[150.4946,-33.4346],[150.5005,-33.428],[150.4992,-33.426],[150.5019,-33.4204],[150.5106,-33.4164],[150.5184,-33.4091],[150.5198,-33.4056],[150.5192,-33.4001],[150.5227,-33.3922],[150.5289,-33.3911],[150.5262,-33.3875],[150.5339,-33.3823],[150.5347,-33.3796],[150.5377,-33.3762],[150.5417,-33.3762],[150.5426,-33.373],[150.5471,-33.3688],[150.5494,-33.3687],[150.5494,-33.3648],[150.5458,-33.3663],[150.5425,-33.364],[150.5388,-33.3677],[150.5361,-33.3663],[150.5341,-33.3689],[150.5282,-33.3707],[150.5262,-33.3753],[150.5211,-33.3738],[150.5157,-33.3775],[150.5117,-33.3754],[150.5091,-33.3791],[150.5044,-33.3757],[150.5012,-33.3783],[150.4964,-33.3771],[150.4939,-33.3792],[150.4898,-33.3775],[150.4875,-33.3819],[150.4836,-33.3822],[150.4822,-33.3838],[150.4877,-33.3863],[150.4844,-33.3892],[150.4832,-33.3928],[150.4852,-33.3954],[150.4838,-33.3978],[150.4801,-33.3967],[150.4759,-33.3994],[150.4791,-33.4019],[150.4776,-33.4047],[150.4802,-33.4085],[150.4788,-33.4125],[150.4804,-33.4149],[150.4782,-33.4188],[150.477,-33.4275],[150.479,-33.43],[150.4737,-33.4329],[150.4728,-33.4386],[150.4603,-33.4491],[150.4658,-33.4513],[150.4684,-33.4541],[150.4654,-33.4565],[150.4618,-33.456],[150.4596,-33.4576],[150.4556,-33.4572],[150.4512,-33.459],[150.4508,-33.4666],[150.4488,-33.4683],[150.4498,-33.4708],[150.4478,-33.4734],[150.4483,-33.4773],[150.4454,-33.4777],[150.4474,-33.4814],[150.4418,-33.4827],[150.4405,-33.4809],[150.4367,-33.4807],[150.432,-33.482],[150.4287,-33.4811],[150.423,-33.4823],[150.4192,-33.4865],[150.4136,-33.483],[150.4103,-33.483],[150.4086,-33.4809],[150.411,-33.4785],[150.4094,-33.4739],[150.4025,-33.4769],[150.3976,-33.4825],[150.4004,-33.4873],[150.3931,-33.4871],[150.3894,-33.4815],[150.3868,-33.4795],[150.3842,-33.4799],[150.3818,-33.4877],[150.3758,-33.4863],[150.3693,-33.4886],[150.3694,-33.4911],[150.3651,-33.4912],[150.364,-33.4892],[150.3549,-33.4858],[150.3544,-33.4894],[150.3506,-33.4925],[150.3545,-33.4939],[150.3558,-33.4959],[150.347,-33.5021],[150.3492,-33.505],[150.3483,-33.5088],[150.3445,-33.5095],[150.3422,-33.512],[150.3356,-33.5119],[150.3321,-33.5222],[150.3308,-33.5225],[150.3119,-33.5201],[150.3147,-33.5044],[150.3017,-33.5022],[150.2768,-33.4992],[150.2766,-33.5007],[150.282,-33.5014],[150.2814,-33.505],[150.2848,-33.5054],[150.2842,-33.509],[150.291,-33.5099],[150.2922,-33.5127],[150.2993,-33.5145],[150.2987,-33.5192],[150.295,-33.519],[150.2928,-33.5158],[150.2853,-33.5118],[150.2815,-33.5133],[150.2752,-33.5173],[150.2734,-33.5194],[150.2739,-33.5288],[150.2688,-33.5312],[150.2877,-33.5331],[150.2866,-33.5405],[150.2804,-33.5383],[150.2763,-33.5396],[150.2723,-33.5333],[150.2676,-33.5319],[150.2638,-33.5349],[150.2611,-33.5409],[150.2616,-33.5457]],[[150.329,-33.6663],[150.3277,-33.6698],[150.3222,-33.6683],[150.3176,-33.6699],[150.3184,-33.6662],[150.3236,-33.6652],[150.329,-33.6663]]],[[[150.2916,-33.6923],[150.2903,-33.6956],[150.2915,-33.6985],[150.2914,-33.7031],[150.2952,-33.7059],[150.2995,-33.7053],[150.3003,-33.702],[150.3049,-33.6994],[150.3056,-33.6953],[150.2996,-33.6954],[150.2975,-33.6933],[150.3015,-33.6905],[150.3044,-33.6833],[150.3033,-33.6807],[150.2955,-33.6859],[150.2909,-33.6878],[150.2916,-33.6923]]]]},"properties":{"SAL_CODE21":"10416","SAL_NAME21":"Blue Mountains National Park","STE_CODE21":"1","STE_NAME21":"New South Wales","AUS_CODE21":"AUS","AUS_NAME21":"Australia","AREASQKM21":2358.2867,"LOCI_URI21":"http://linked.data.gov.au/dataset/asgsed3/SAL/10416","SHAPE_Leng":8.10336125514,"SHAPE_Area":0.229857102497}},
{"type":"Feature","geometry":{"type":"Polygon","coordinates":[[[151.2595,-33.8894],[151.259,-33.8971],[151.2611,-33.8974],[151.266,-33.8982],[151.2664,-33.8963],[151.2759,-33.8979],[151.2749,-33.8969],[151.2636,-33.8896],[151.2621,-33.888],[151.2595,-33.8894]]]},"properties":{"SAL_CODE21":"10462","SAL_NAME21":"Bondi","STE_CODE21":"1","STE_NAME21":"New South Wales","AUS_CODE21":"AUS","AUS_NAME21":"Australia","AREASQKM21":0.8647,"LOCI_URI21":"http://linked.data.gov.au/dataset/asgsed3/SAL/10462","SHAPE_Leng":0.0521578654848,"SHAPE_Area":0.0000843487439828}},
{"type":"Feature","geometry":{"type":"Polygon","coordinates":[[[151.2621,-33.888],[151.2636,-33.8896],[151.2749,-33.8969],[151.2744,-33.894],[151.2779,-33.8915],[151.2819,-33.8913],[151.2829,-33.8897],[151.276,-33.8854],[151.268,-33.885],[151.2678,-33.8852],[151.2643,-33.888],[151.2621,-33.888]]]},"properties":{"SAL_CODE21":"10463","SAL_NAME21":"Bondi Beach","STE_CODE21":"1","STE_NAME21":"New South Wales","AUS_CODE21":"AUS","AUS_NAME21":"Australia","AREASQKM21":1.2192,"LOCI_URI21":"http://linked.data.gov.au/dataset/asgsed3/SAL/10463","SHAPE_Leng":0.0590953922104,"SHAPE_Area":0.000118813014114}},
{"type":"Feature","geometry":{"type":"Polygon","coordinates":[[[151.2562,-33.8894],[151.2482,-33.8905],[151.2409,-33.8899],[151.2409,-33.8947],[151.2512,-33.8961],[151.259,-33.8971],[151.2595,-33.8894],[151.2562,-33.8894]]]},"properties":{"SAL_CODE21":"10465","SAL_NAME21":"Bondi Junction","STE_CODE21":"1","STE_NAME21":"New South Wales","AUS_CODE21":"AUS","AUS_NAME21":"Australia","AREASQKM21":1.0793,"LOCI_URI21":"http://linked.data.gov.au/dataset/asgsed3/SAL/10465","SHAPE_Leng":0.054385697924,"SHAPE_Area":0.0001051672366}},
{"type":"Feature","geometry":{"type":"Polygon","coordinates":[[[151.0512,-34.0146],[151.0602,-34.016],[151.0616,-34.0148],[151.0606,-34.008],[151.0588,-34.0076],[151.055,-34.0072],[151.0525,-34.005],[151.0502,-34.0079],[151.0469,-34.007],[151.0467,-34.0109],[151.0512,-34.0146]]]},"properties":{"SAL_CODE21":"10467","SAL_NAME21":"Bonnet Bay","STE_CODE21":"1","STE_NAME21":"New South Wales","AUS_CODE21":"AUS","AUS_NAME21":"Australia","AREASQKM21":1.1299,"LOCI_URI21":"http://linked.data.gov.au/dataset/asgsed3/SAL/10467","SHAPE_Leng":0.0522697878938,"SHAPE_Area":0.000110290350232}},
{"type":"Feature","geometry":{"type":"Polygon","coordinates":[[[150.8878,-33.9041],[150.8956,-33.8966],[150.9008,-33.8945],[150.9029,-33.8911],[150.8904,-33.8825],[150.8868,-33.8861],[150.8824,-33.8889],[150.8795,-33.8936],[150.8745,-33.8986],[150.8846,-33.902],[150.8878,-33.9041]]]},"properties":{"SAL_CODE21":"10469","SAL_NAME21":"Bonnyrigg","STE_CODE21":"1","STE_NAME21":"New South Wales","AUS_CODE21":"AUS","AUS_NAME21":"Australia","AREASQKM21":3.0422,"LOCI_URI21":"http://linked.data.gov.au/dataset/asgsed3/SAL/10469","SHAPE_Leng":0.0759449378397,"SHAPE_Area":0.00029648662701}},
{"type":"Feature","geometry":{"type":"Polygon","coordinates":[[[150.8646,-33.8835],[150.8571,-33.8944],[150.8678,-33.8958],[150.8745,-33.8986],[150.8795,-33.8936],[150.8824,-33.8889],[150.8741,-33.887],[150.8648,-33.8834],[150.8646,-33.8835]]]},"properties":{"SAL_CODE21":"10470","SAL_NAME21":"Bonnyrigg Heights","STE_CODE21":"1","STE_NAME21":"New South Wales","AUS_CODE21":"AUS","AUS_NAME21":"Australia","AREASQKM21":2.1537,"LOCI_URI21":"http://linked.data.gov.au/dataset/asgsed3/SAL/10470","SHAPE_Leng":0.0636882834919,"SHAPE_Area":0.000209876465036}},
{"type":"Feature","geometry":{"type":"Polygon","coordinates":[[[151.3432,-33.5091],[151.3425,-33.5172],[151.3446,-33.5176],[151.3502,-33.5159],[151.3487,-33.5115],[151.3455,-33.5111],[151.346,-33.5076],[151.3432,-33.5091]]]},"properties":{"SAL_CODE21":"10475","SAL_NAME21":"Booker Bay","STE_CODE21":"1","STE_NAME21":"New South Wales","AUS_CODE21":"AUS","AUS_NAME21":"Australia","AREASQKM21":0.4944,"LOCI_URI21":"http://linked.data.gov.au/dataset/asgsed3/SAL/10475","SHAPE_Leng":0.0340702818883,"SHAPE_Area":0.0000479659185019}},
{"type":"Feature","geometry":{"type":"Polygon","coordinates":[[[150.87,-33.8724],[150.8754,-33.8728],[150.8823,-33.8688],[150.8847,-33.8697],[150.8874,-33.8701],[150.8979,-33.8682],[150.8966,-33.8642],[150.8974,-33.8565],[150.8963,-33.8517],[150.8863,-33.8532],[150.8766,-33.8511],[150.8704,-33.8654],[150.87,-33.8724]]]},"properties":{"SAL_CODE21":"10513","SAL_NAME21":"Bossley Park","STE_CODE21":"1","STE_NAME21":"New South Wales","AUS_CODE21":"AUS","AUS_NAME21":"Australia","AREASQKM21":4.5359,"LOCI_URI21":"http://linked.data.gov.au/dataset/asgsed3/SAL/10513","SHAPE_Leng":0.0954615050783,"SHAPE_Area":0.000441898637877}},
{"type":"Feature","geometry":{"type":"Polygon","coordinates":[[[151.2093,-33.9456],[151.2053,-33.9402],[151.197,-33.9373],[151.193,-33.9396],[151.1929,-33.9423],[151.1881,-33.9447],[151.1935,-33.9546],[151.2036,-33.9599],[151.2074,-33.9608],[151.206,-33.9566],[151.2089,-33.9526],[151.2093,-33.9456]]]},"properties":{"SAL_CODE21":"10515","SAL_NAME21":"Botany","STE_CODE21":"1","STE_NAME21":"New South Wales","AUS_CODE21":"AUS","AUS_NAME21":"Australia","AREASQKM21":3.2109,"LOCI_URI21":"http://linked.data.gov.au/dataset/asgsed3/SAL/10515","SHAPE_Leng":0.0753429733265,"SHAPE_Area":0.000313135535065}},
{"type":"Feature","geometry":{"type":"Polygon","coordinates":[[[151.3846,-33.5053],[151.386,-33.5083],[151.3847,-33.5157],[151.3784,-33.5146],[151.3781,-33.5164],[151.3845,-33.5173],[151.3821,-33.527],[151.3793,-33.5274],[151.3787,-33.5314],[151.3821,-33.5324],[151.3875,-33.5243],[151.3946,-33.5236],[151.3968,-33.5265],[151.403,-33.5284],[151.4061,-33.5283],[151.4068,-33.5253],[151.4096,-33.5249],[151.4107,-33.5223],[151.4152,-33.524],[151.4172,-33.5233],[151.4214,-33.5174],[151.4193,-33.5105],[151.4222,-33.5113],[151.424,-33.5085],[151.4284,-33.5065],[151.4294,-33.5038],[151.4275,-33.5018],[151.4201,-33.5006],[151.4241,-33.5043],[151.4215,-33.5065],[151.4129,-33.5055],[151.4103,-33.5081],[151.4063,-33.5093],[151.4029,-33.5135],[151.4004,-33.5112],[151.3903,-33.5083],[151.3908,-33.5062],[151.3846,-33.5053]]]},"properties":{"SAL_CODE21":"10518","SAL_NAME21":"Bouddi","STE_CODE21":"1","STE_NAME21":"New South Wales","AUS_CODE21":"AUS","AUS_NAME21":"Australia","AREASQKM21":7.0456,"LOCI_URI21":"http://linked.data.gov.au/dataset/asgsed3/SAL/10518","SHAPE_Leng":0.228111415261,"SHAPE_Area":0.000683760651162}},
{"type":"Feature","geometry":{"type":"Polygon","coordinates":[[[150.8348,-34.0226],[150.8396,-34.0213],[150.8429,-34.0177],[150.8466,-34.0169],[150.848,-34.0136],[150.837,-34.0121],[150.8348,-34.0226]]]},"properties":{"SAL_CODE21":"10524","SAL_NAME21":"Bow Bowing","STE_CODE21":"1","STE_NAME21":"New South Wales","AUS_CODE21":"AUS","AUS_NAME21":"Australia","AREASQKM21":0.7633,"LOCI_URI21":"http://linked.data.gov.au/dataset/asgsed3/SAL/10524","SHAPE_Leng":0.0396132707114,"SHAPE_Area":0.0000745196206204}},
{"type":"Feature","geometry":{"type":"Polygon","coordinates":[[[150.6289,-33.6115],[150.6333,-33.6091],[150.637,-33.6057],[150.635,-33.6044],[150.6391,-33.6001],[150.6434,-33.6012],[150.6478,-33.5973],[150.6413,-33.5966],[150.6431,-33.5889],[150.6351,-33.5879],[150.636,-33.5834],[150.6376,-33.5831],[150.6389,-33.5759],[150.6348,-33.5729],[150.6324,-33.5697],[150.635,-33.5563],[150.6394,-33.5565],[150.6319,-33.5503],[150.6294,-33.5461],[150.6264,-33.5456],[150.628,-33.5505],[150.6199,-33.5493],[150.6163,-33.5474],[150.6104,-33.5468],[150.6095,-33.5512],[150.5992,-33.5499],[150.5972,-33.5542],[150.5995,-33.5545],[150.5971,-33.567],[150.601,-33.5675],[150.6002,-33.5713],[150.605,-33.572],[150.6038,-33.5779],[150.6083,-33.5814],[150.6094,-33.5852],[150.6076,-33.5894],[150.6106,-33.593],[150.6077,-33.595],[150.6072,-33.5993],[150.613,-33.6033],[150.6182,-33.6044],[150.6166,-33.6078],[150.6189,-33.6109],[150.6239,-33.6106],[150.6289,-33.6115]]]},"properties":{"SAL_CODE21":"10526","SAL_NAME21":"Bowen Mountain","STE_CODE21":"1","STE_NAME21":"New South Wales","AUS_CODE21":"AUS","AUS_NAME21":"Australia","AREASQKM21":20.0171,"LOCI_URI21":"http://linked.data.gov.au/dataset/asgsed3/SAL/10526","SHAPE_Leng":0.263322795495,"SHAPE_Area":0.00194390726047}},
{"type":"Feature","geometry":{"type":"Polygon","coordinates":[[[151.341,-33.5275],[151.3399,-33.5265],[151.3411,-33.5303],[151.3382,-33.5329],[151.3373,-33.5372],[151.3426,-33.5394],[151.3427,-33.5434],[151.3463,-33.5437],[151.3486,-33.5399],[151.353,-33.5368],[151.3587,-33.5352],[151.3593,-33.5332],[151.3572,-33.5315],[151.3589,-33.5274],[151.3581,-33.5292],[151.3485,-33.5324],[151.3439,-33.5318],[151.341,-33.5275]]]},"properties":{"SAL_CODE21":"10536","SAL_NAME21":"Box Head","STE_CODE21":"1","STE_NAME21":"New South Wales","AUS_CODE21":"AUS","AUS_NAME21":"Australia","AREASQKM21":1.9619,"LOCI_URI21":"http://linked.data.gov.au/dataset/asgsed3/SAL/10536","SHAPE_Leng":0.104134055353,"SHAPE_Area":0.000190438296339}},
{"type":"Feature","geometry":{"type":"Polygon","coordinates":[[[150.9201,-33.6606],[150.9141,-33.6607],[150.9133,-33.6561],[150.9092,-33.6511],[150.9088,-33.6456],[150.9086,-33.6404],[150.9016,-33.6386],[150.8961,-33.6355],[150.8896,-33.6335],[150.878,-33.6508],[150.874,-33.6567],[150.8766,-33.6596],[150.886,-33.6603],[150.893,-33.6624],[150.8997,-33.6664],[150.9028,-33.6702],[150.9063,-33.6726],[150.9096,-33.6687],[150.9086,-33.667],[150.9128,-33.6646],[150.9154,-33.6661],[150.9201,-33.6606]]]},"properties":{"SAL_CODE21":"10537","SAL_NAME21":"Box Hill (NSW)","STE_CODE21":"1","STE_NAME21":"New South Wales","AUS_CODE21":"AUS","AUS_NAME21":"Australia","AREASQKM21":9.0582,"LOCI_URI21":"http://linked.data.gov.au/dataset/asgsed3/SAL/10537","SHAPE_Leng":0.13776099364,"SHAPE_Area":0.000880442848695}},
{"type":"Feature","geometry":{"type":"Polygon","coordinates":[[[150.8314,-34.0786],[150.8288,-34.0775],[150.8273,-34.082],[150.8237,-34.0815],[150.8241,-34.0792],[150.8165,-34.0794],[150.814,-34.0767],[150.8154,-34.0742],[150.8119,-34.0708],[150.8082,-34.0752],[150.8079,-34.0812],[150.8063,-34.086],[150.8047,-34.0947],[150.8091,-34.0972],[150.8168,-34.0958],[150.8206,-34.0931],[150.8214,-34.0913],[150.8314,-34.0786]]]},"properties":{"SAL_CODE21":"10540","SAL_NAME21":"Bradbury (NSW)","STE_CODE21":"1","STE_NAME21":"New South Wales","AUS_CODE21":"AUS","AUS_NAME21":"Australia","AREASQKM21":3.5423,"LOCI_URI21":"http://linked.data.gov.au/dataset/asgsed3/SAL/10540","SHAPE_Leng":0.10074141897,"SHAPE_Area":0.000346025028792}},
{"type":"Feature","geometry":{"type":"Polygon","coordinates":[[[151.1119,-33.8472],[151.1151,-33.8435],[151.1117,-33.8378],[151.1068,-33.8381],[151.1081,-33.8466],[151.1119,-33.8472]]]},"properties":{"SAL_CODE21":"10554","SAL_NAME21":"Breakfast Point","STE_CODE21":"1","STE_NAME21":"New South Wales","AUS_CODE21":"AUS","AUS_NAME21":"Australia","AREASQKM21":0.5243,"LOCI_URI21":"http://linked.data.gov.au/dataset/asgsed3/SAL/10554","SHAPE_Leng":0.033056430944,"SHAPE_Area":0.0000510811394195}},
{"type":"Feature","geometry":{"type":"Polygon","coordinates":[[[151.145,-33.9654],[151.1548,-33.9667],[151.1578,-33.9593],[151.1637,-33.9521],[151.1528,-33.9505],[151.1504,-33.9537],[151.1477,-33.9543],[151.1479,-33.9622],[151.145,-33.9654]]]},"properties":{"SAL_CODE21":"10566","SAL_NAME21":"Brighton-Le-Sands","STE_CODE21":"1","STE_NAME21":"New South Wales","AUS_CODE21":"AUS","AUS_NAME21":"Australia","AREASQKM21":1.6004,"LOCI_URI21":"http://linked.data.gov.au/dataset/asgsed3/SAL/10566","SHAPE_Leng":0.0718358060012,"SHAPE_Area":0.000156159632579}},
{"type":"Feature","geometry":{"type":"Polygon","coordinates":[[[150.7163,-33.9057],[150.7121,-33.9061],[150.7101,-33.9167],[150.7053,-33.9146],[150.6938,-33.9268],[150.6917,-33.9397],[150.6955,-33.9393],[150.7013,-33.9404],[150.7002,-33.9466],[150.6967,-33.9539],[150.6973,-33.9616],[150.6986,-33.9642],[150.6953,-33.9815],[150.7231,-33.9853],[150.7229,-33.9865],[150.7321,-33.9891],[150.7336,-33.9871],[150.7335,-33.9835],[150.7355,-33.9794],[150.7356,-33.9749],[150.7372,-33.9721],[150.7388,-33.9615],[150.7526,-33.9633],[150.7542,-33.9587],[150.7544,-33.9547],[150.7526,-33.9489],[150.7539,-33.9473],[150.7539,-33.9425],[150.7522,-33.9364],[150.7553,-33.932],[150.7584,-33.932],[150.7567,-33.9275],[150.7562,-33.92],[150.7579,-33.9162],[150.7557,-33.9132],[150.756,-33.9128],[150.746,-33.9099],[150.7257,-33.907],[150.7237,-33.9036],[150.7163,-33.9057]]]},"properties":{"SAL_CODE21":"10572","SAL_NAME21":"Bringelly","STE_CODE21":"1","STE_NAME21":"New South Wales","AUS_CODE21":"AUS","AUS_NAME21":"Australia","AREASQKM21":40.2134,"LOCI_URI21":"http://linked.data.gov.au/dataset/asgsed3/SAL/10572","SHAPE_Leng":0.305057986525,"SHAPE_Area":0.00392166930444}},
{"type":"Feature","geometry":{"type":"Polygon","coordinates":[[[151.2611,-33.8974],[151.2583,-33.8997],[151.2574,-33.9051],[151.2596,-33.9079],[151.2634,-33.91],[151.2707,-33.911],[151.2704,-33.9064],[151.2686,-33.9042],[151.2706,-33.9009],[151.266,-33.8982],[151.2611,-33.8974]]]},"properties":{"SAL_CODE21":"10591","SAL_NAME21":"Bronte","STE_CODE21":"1","STE_NAME21":"New South Wales","AUS_CODE21":"AUS","AUS_NAME21":"Australia","AREASQKM21":1.3314,"LOCI_URI21":"http://linked.data.gov.au/dataset/asgsed3/SAL/10591","SHAPE_Leng":0.0570436002999,"SHAPE_Area":0.000129739358169}},
{"type":"Feature","geometry":{"type":"Polygon","coordinates":[[[151.1704,-33.6244],[151.1823,-33.6203],[151.1873,-33.6179],[151.1947,-33.6184],[151.1999,-33.6125],[151.2035,-33.6115],[151.2062,-33.609],[151.2084,-33.6105],[151.213,-33.608],[151.2131,-33.6018],[151.2104,-33.6008],[151.2138,-33.5967],[151.2087,-33.5938],[151.1995,-33.5926],[151.2018,-33.5899],[151.2102,-33.5909],[151.2199,-33.5943],[151.2204,-33.5916],[151.2253,-33.5919],[151.2331,-33.5939],[151.2377,-33.5858],[151.242,-33.5849],[151.2432,-33.5812],[151.2468,-33.5781],[151.2441,-33.5763],[151.243,-33.5733],[151.2345,-33.5656],[151.2311,-33.5615],[151.229,-33.5652],[151.2256,-33.5674],[151.2264,-33.5704],[151.2198,-33.5729],[151.2129,-33.5718],[151.2139,-33.5666],[151.2208,-33.5704],[151.2221,-33.5687],[151.2193,-33.5637],[151.2238,-33.5619],[151.2258,-33.5583],[151.2235,-33.5558],[151.2279,-33.5547],[151.229,-33.5513],[151.2313,-33.5499],[151.2308,-33.5464],[151.2273,-33.5464],[151.2313,-33.5389],[151.2297,-33.5377],[151.2236,-33.5393],[151.2185,-33.542],[151.2036,-33.5421],[151.2037,-33.5454],[151.2157,-33.5441],[151.229,-33.5415],[151.2272,-33.5458],[151.2247,-33.5471],[151.2191,-33.5455],[151.2132,-33.5475],[151.2049,-33.5484],[151.1986,-33.55],[151.1997,-33.5469],[151.1984,-33.5448],[151.1989,-33.5413],[151.1969,-33.5476],[151.1975,-33.5495],[151.1939,-33.554],[151.1946,-33.557],[151.1927,-33.5642],[151.1942,-33.5779],[151.1902,-33.5821],[151.1863,-33.5847],[151.1777,-33.5875],[151.1749,-33.5896],[151.1735,-33.596],[151.1703,-33.601],[151.1644,-33.6064],[151.1599,-33.6187],[151.1606,-33.6222],[151.1704,-33.6244]]]},"properties":{"SAL_CODE21":"10596","SAL_NAME21":"Brooklyn (NSW)","STE_CODE21":"1","STE_NAME21":"New South Wales","AUS_CODE21":"AUS","AUS_NAME21":"Australia","AREASQKM21":32.1375,"LOCI_URI21":"http://linked.data.gov.au/dataset/asgsed3/SAL/10596","SHAPE_Leng":0.569176572872,"SHAPE_Area":0.00312120046601}},
{"type":"Feature","geometry":{"type":"Polygon","coordinates":[[[151.266,-33.7703],[151.2681,-33.768],[151.2728,-33.7676],[151.2788,-33.7684],[151.2792,-33.7662],[151.2805,-33.7598],[151.2778,-33.7576],[151.2687,-33.7569],[151.2682,-33.7545],[151.2661,-33.7573],[151.2691,-33.7613],[151.2603,-33.7603],[151.2586,-33.7685],[151.266,-33.7703]]]},"properties":{"SAL_CODE21":"10598","SAL_NAME21":"Brookvale","STE_CODE21":"1","STE_NAME21":"New South Wales","AUS_CODE21":"AUS","AUS_NAME21":"Australia","AREASQKM21":2.1951,"LOCI_URI21":"http://linked.data.gov.au/dataset/asgsed3/SAL/10598","SHAPE_Leng":0.0902119339849,"SHAPE_Area":0.000213623029609}},
{"type":"Feature","geometry":{"type":"Polygon","coordinates":[[[150.666,-34.0406],[150.6661,-34.0376],[150.6689,-34.0358],[150.6694,-34.0317],[150.6721,-34.0292],[150.6705,-34.0263],[150.6672,-34.028],[150.6607,-34.0271],[150.6572,-34.0223],[150.6557,-34.0225],[150.648,-34.0235],[150.6486,-34.0271],[150.6444,-34.0278],[150.6459,-34.0306],[150.6444,-34.0381],[150.646,-34.0425],[150.6447,-34.0439],[150.6437,-34.0497],[150.6402,-34.0547],[150.6412,-34.058],[150.6399,-34.0638],[150.6347,-34.0667],[150.6333,-34.0704],[150.6384,-34.0714],[150.6463,-34.0702],[150.6539,-34.0716],[150.6597,-34.0705],[150.662,-34.0671],[150.6568,-34.0648],[150.6568,-34.0624],[150.6599,-34.0548],[150.6606,-34.0512],[150.666,-34.0406]]]},"properties":{"SAL_CODE21":"10606","SAL_NAME21":"Brownlow Hill","STE_CODE21":"1","STE_NAME21":"New South Wales","AUS_CODE21":"AUS","AUS_NAME21":"Australia","AREASQKM21":9.8142,"LOCI_URI21":"http://linked.data.gov.au/dataset/asgsed3/SAL/10606","SHAPE_Leng":0.189798215421,"SHAPE_Area":0.000958234670415}},
{"type":"Feature","geometry":{"type":"MultiPolygon","coordinates":[[[[151.5464,-33.2332],[151.55,-33.2337],[151.5538,-33.236],[151.5622,-33.239],[151.5618,-33.2334],[151.5563,-33.2301],[151.5536,-33.226],[151.5435,-33.2264],[151.5412,-33.2289],[151.5464,-33.2332]]],[[[151.5729,-33.2356],[151.5702,-33.2344],[151.5711,-33.2308],[151.5665,-33.2339],[151.5624,-33.2338],[151.5642,-33.2433],[151.5613,-33.2475],[151.5575,-33.25],[151.5575,-33.2521],[151.5577,-33.2551],[151.5609,-33.2555],[151.561,-33.2591],[151.5627,-33.2594],[151.5629,-33.2539],[151.5641,-33.2493],[151.5676,-33.2427],[151.5729,-33.2356]]]]},"properties":{"SAL_CODE21":"10639","SAL_NAME21":"Budgewoi","STE_CODE21":"1","STE_NAME21":"New South Wales","AUS_CODE21":"AUS","AUS_NAME21":"Australia","AREASQKM21":2.7903,"LOCI_URI21":"http://linked.data.gov.au/dataset/asgsed3/SAL/10639","SHAPE_Leng":0.139133470343,"SHAPE_Area":0.000269901234505}},
{"type":"Feature","geometry":{"type":"Polygon","coordinates":[[[151.5729,-33.2356],[151.5783,-33.2294],[151.5911,-33.2192],[151.595,-33.2149],[151.602,-33.2092],[151.5912,-33.2076],[151.5858,-33.2081],[151.5814,-33.2117],[151.5768,-33.2201],[151.5745,-33.2272],[151.5711,-33.2308],[151.5702,-33.2344],[151.5729,-33.2356]]]},"properties":{"SAL_CODE21":"10640","SAL_NAME21":"Budgewoi Peninsula","STE_CODE21":"1","STE_NAME21":"New South Wales","AUS_CODE21":"AUS","AUS_NAME21":"Australia","AREASQKM21":3.048,"LOCI_URI21":"http://linked.data.gov.au/dataset/asgsed3/SAL/10640","SHAPE_Leng":0.0945440389623,"SHAPE_Area":0.000294794334227}},
{"type":"Feature","geometry":{"type":"Polygon","coordinates":[[[151.5412,-33.2289],[151.5411,-33.2288],[151.538,-33.2275],[151.5358,-33.2241],[151.5355,-33.219],[151.5334,-33.2163],[151.5275,-33.2204],[151.527,-33.2253],[151.5296,-33.227],[151.5287,-33.2314],[151.5316,-33.2365],[151.5356,-33.2393],[151.5382,-33.2357],[151.5437,-33.236],[151.5464,-33.2332],[151.5412,-33.2289]]]},"properties":{"SAL_CODE21":"10642","SAL_NAME21":"Buff Point","STE_CODE21":"1","STE_NAME21":"New South Wales","AUS_CODE21":"AUS","AUS_NAME21":"Australia","AREASQKM21":2.0942,"LOCI_URI21":"http://linked.data.gov.au/dataset/asgsed3/SAL/10642","SHAPE_Leng":0.0723317886464,"SHAPE_Area":0.000202602654857}},
{"type":"Feature","geometry":{"type":"Polygon","coordinates":[[[150.4409,-33.7457],[150.4426,-33.7371],[150.4241,-33.7349],[150.4251,-33.73],[150.4216,-33.7281],[150.4222,-33.725],[150.4187,-33.7228],[150.4197,-33.7184],[150.4164,-33.718],[150.4173,-33.7135],[150.422,-33.7132],[150.4228,-33.7093],[150.4169,-33.7085],[150.4149,-33.7147],[150.4119,-33.7174],[150.4054,-33.7164],[150.405,-33.718],[150.3994,-33.7172],[150.3975,-33.7201],[150.3964,-33.7302],[150.4009,-33.7306],[150.4013,-33.7285],[150.4078,-33.7294],[150.4071,-33.7332],[150.4155,-33.7352],[150.4204,-33.7417],[150.4292,-33.7423],[150.4316,-33.7461],[150.4364,-33.747],[150.4381,-33.7445],[150.4409,-33.7457]]]},"properties":{"SAL_CODE21":"10653","SAL_NAME21":"Bullaburra","STE_CODE21":"1","STE_NAME21":"New South Wales","AUS_CODE21":"AUS","AUS_NAME21":"Australia","AREASQKM21":6.1389,"LOCI_URI21":"http://linked.data.gov.au/dataset/asgsed3/SAL/10653","SHAPE_Leng":0.183092004744,"SHAPE_Area":0.000597201176705}},
{"type":"Feature","geometry":{"type":"Polygon","coordinates":[[[151.1573,-34.08],[151.1537,-34.0827],[151.1494,-34.0836],[151.1451,-34.0798],[151.142,-34.0808],[151.143,-34.084],[151.1536,-34.0893],[151.1529,-34.0926],[151.1568,-34.0931],[151.1593,-34.0811],[151.1573,-34.08]]]},"properties":{"SAL_CODE21":"10669","SAL_NAME21":"Bundeena","STE_CODE21":"1","STE_NAME21":"New South Wales","AUS_CODE21":"AUS","AUS_NAME21":"Australia","AREASQKM21":1.1786,"LOCI_URI21":"http://linked.data.gov.au/dataset/asgsed3/SAL/10669","SHAPE_Leng":0.0741238832295,"SHAPE_Area":0.000115114439504}},
{"type":"Feature","geometry":{"type":"Polygon","coordinates":[[[150.8727,-33.7832],[150.8743,-33.7729],[150.8702,-33.7672],[150.8648,-33.7701],[150.8629,-33.7684],[150.8535,-33.7742],[150.8547,-33.7751],[150.8633,-33.7709],[150.8653,-33.7764],[150.8632,-33.7786],[150.8626,-33.7835],[150.861,-33.7845],[150.863,-33.7908],[150.8711,-33.7923],[150.8727,-33.7832]]]},"properties":{"SAL_CODE21":"10679","SAL_NAME21":"Bungarribee","STE_CODE21":"1","STE_NAME21":"New South Wales","AUS_CODE21":"AUS","AUS_NAME21":"Australia","AREASQKM21":2.4576,"LOCI_URI21":"http://linked.data.gov.au/dataset/asgsed3/SAL/10679","SHAPE_Leng":0.0951518875971,"SHAPE_Area":0.000239228347572}},
{"type":"Feature","geometry":{"type":"Polygon","coordinates":[[[151.1443,-34.0522],[151.1404,-34.053],[151.1361,-34.0523],[151.1331,-34.0502],[151.131,-34.0551],[151.134,-34.0555],[151.1381,-34.0568],[151.1381,-34.0586],[151.1351,-34.0657],[151.1344,-34.0717],[151.1403,-34.0738],[151.1412,-34.0671],[151.1392,-34.0651],[151.1435,-34.0595],[151.1432,-34.057],[151.1443,-34.0522]]]},"properties":{"SAL_CODE21":"10702","SAL_NAME21":"Burraneer","STE_CODE21":"1","STE_NAME21":"New South Wales","AUS_CODE21":"AUS","AUS_NAME21":"Australia","AREASQKM21":1.4478,"LOCI_URI21":"http://linked.data.gov.au/dataset/asgsed3/SAL/10702","SHAPE_Leng":0.084708514872,"SHAPE_Area":0.000141411885763}},
{"type":"Feature","geometry":{"type":"Polygon","coordinates":[[[151.1017,-33.8876],[151.1071,-33.8867],[151.1099,-33.8822],[151.1122,-33.872],[151.1117,-33.8697],[151.1116,-33.8697],[151.1011,-33.8684],[151.0985,-33.8713],[151.0955,-33.886],[151.1017,-33.8876]]]},"properties":{"SAL_CODE21":"10716","SAL_NAME21":"Burwood (NSW)","STE_CODE21":"1","STE_NAME21":"New South Wales","AUS_CODE21":"AUS","AUS_NAME21":"Australia","AREASQKM21":2.4456,"LOCI_URI21":"http://linked.data.gov.au/dataset/asgsed3/SAL/10716","SHAPE_Leng":0.0731635279531,"SHAPE_Area":0.000238316023949}},
{"type":"Feature","geometry":{"type":"Polygon","coordinates":[[[151.1017,-33.8876],[151.1008,-33.8915],[151.107,-33.891],[151.1071,-33.8867],[151.1017,-33.8876]]]},"properties":{"SAL_CODE21":"10717","SAL_NAME21":"Burwood Heights","STE_CODE21":"1","STE_NAME21":"New South Wales","AUS_CODE21":"AUS","AUS_NAME21":"Australia","AREASQKM21":0.226,"LOCI_URI21":"http://linked.data.gov.au/dataset/asgsed3/SAL/10717","SHAPE_Leng":0.0225638176066,"SHAPE_Area":0.0000220325105516}},
{"type":"Feature","geometry":{"type":"Polygon","coordinates":[[[150.8873,-33.9137],[150.8841,-33.9107],[150.8844,-33.905],[150.8762,-33.9037],[150.8752,-33.9109],[150.8746,-33.9135],[150.8773,-33.9143],[150.8813,-33.9179],[150.8851,-33.9194],[150.8873,-33.9137]]]},"properties":{"SAL_CODE21":"10718","SAL_NAME21":"Busby","STE_CODE21":"1","STE_NAME21":"New South Wales","AUS_CODE21":"AUS","AUS_NAME21":"Australia","AREASQKM21":1.2111,"LOCI_URI21":"http://linked.data.gov.au/dataset/asgsed3/SAL/10718","SHAPE_Leng":0.0481410948995,"SHAPE_Area":0.000118036270521}},
{"type":"Feature","geometry":{"type":"Polygon","coordinates":[[[151.4663,-33.1936],[151.4656,-33.1965],[151.4608,-33.2029],[151.4489,-33.2154],[151.4474,-33.2179],[151.4504,-33.2175],[151.4547,-33.2171],[151.4876,-33.2086],[151.4883,-33.2084],[151.4906,-33.195],[151.4886,-33.1881],[151.4819,-33.1899],[151.4748,-33.1896],[151.4686,-33.1932],[151.4663,-33.1936]]]},"properties":{"SAL_CODE21":"10720","SAL_NAME21":"Bushells Ridge","STE_CODE21":"1","STE_NAME21":"New South Wales","AUS_CODE21":"AUS","AUS_NAME21":"Australia","AREASQKM21":6.8845,"LOCI_URI21":"http://linked.data.gov.au/dataset/asgsed3/SAL/10720","SHAPE_Leng":0.118771045924,"SHAPE_Area":0.000665755380082}},
{"type":"Feature","geometry":{"type":"Polygon","coordinates":[[[150.5494,-34.2736],[150.5514,-34.2669],[150.5484,-34.2657],[150.5472,-34.261],[150.5495,-34.2587],[150.5501,-34.2556],[150.5524,-34.2534],[150.5571,-34.2515],[150.5645,-34.25],[150.5701,-34.2473],[150.56,-34.246],[150.5436,-34.2438],[150.5462,-34.2397],[150.5332,-34.238],[150.5327,-34.2406],[150.5387,-34.2413],[150.5384,-34.243],[150.532,-34.2422],[150.5314,-34.2457],[150.5274,-34.2452],[150.5239,-34.243],[150.5258,-34.2371],[150.5233,-34.2367],[150.515,-34.2458],[150.5109,-34.2596],[150.5076,-34.2591],[150.5094,-34.263],[150.5127,-34.2642],[150.5151,-34.2669],[150.5145,-34.2695],[150.519,-34.2701],[150.5183,-34.2737],[150.5276,-34.275],[150.5351,-34.275],[150.5358,-34.2715],[150.5494,-34.2736]]]},"properties":{"SAL_CODE21":"10724","SAL_NAME21":"Buxton (NSW)","STE_CODE21":"1","STE_NAME21":"New South Wales","AUS_CODE21":"AUS","AUS_NAME21":"Australia","AREASQKM21":12.7921,"LOCI_URI21":"http://linked.data.gov.au/dataset/asgsed3/SAL/10724","SHAPE_Leng":0.222545829795,"SHAPE_Area":0.00125206169081}},
{"type":"Feature","geometry":{"type":"Polygon","coordinates":[[[151.1119,-33.8472],[151.1153,-33.8531],[151.1151,-33.8497],[151.1178,-33.8474],[151.1206,-33.8417],[151.1168,-33.8413],[151.1151,-33.8435],[151.1119,-33.8472]]]},"properties":{"SAL_CODE21":"10734","SAL_NAME21":"Cabarita (NSW)","STE_CODE21":"1","STE_NAME21":"New South Wales","AUS_CODE21":"AUS","AUS_NAME21":"Australia","AREASQKM21":0.4997,"LOCI_URI21":"http://linked.data.gov.au/dataset/asgsed3/SAL/10734","SHAPE_Leng":0.0437249641939,"SHAPE_Area":0.0000486952478642}},
{"type":"Feature","geometry":{"type":"Polygon","coordinates":[[[150.918,-33.9039],[150.9187,-33.9055],[150.9235,-33.9053],[150.9258,-33.9069],[150.93,-33.9072],[150.9342,-33.9048],[150.9415,-33.9029],[150.9432,-33.905],[150.9468,-33.8994],[150.9517,-33.8981],[150.9598,-33.8938],[150.9338,-33.8896],[150.923,-33.8883],[150.922,-33.8959],[150.9192,-33.8994],[150.9144,-33.8977],[150.9124,-33.9082],[150.918,-33.9039]]]},"properties":{"SAL_CODE21":"10738","SAL_NAME21":"Cabramatta","STE_CODE21":"1","STE_NAME21":"New South Wales","AUS_CODE21":"AUS","AUS_NAME21":"Australia","AREASQKM21":5.0415,"LOCI_URI21":"http://linked.data.gov.au/dataset/asgsed3/SAL/10738","SHAPE_Leng":0.15043114279,"SHAPE_Area":0.000491446842978}},
{"type":"Feature","geometry":{"type":"Polygon","coordinates":[[[150.9008,-33.8945],[150.9108,-33.8959],[150.9144,-33.8977],[150.9192,-33.8994],[150.922,-33.8959],[150.923,-33.8883],[150.9095,-33.8864],[150.907,-33.8898],[150.9029,-33.8911],[150.9008,-33.8945]]]},"properties":{"SAL_CODE21":"10739","SAL_NAME21":"Cabramatta West","STE_CODE21":"1","STE_NAME21":"New South Wales","AUS_CODE21":"AUS","AUS_NAME21":"Australia","AREASQKM21":1.8278,"LOCI_URI21":"http://linked.data.gov.au/dataset/asgsed3/SAL/10739","SHAPE_Leng":0.0585167305007,"SHAPE_Area":0.000178182075662}},
{"type":"Feature","geometry":{"type":"Polygon","coordinates":[[[150.7432,-33.7761],[150.7403,-33.7757],[150.7412,-33.7715],[150.7335,-33.7704],[150.733,-33.7726],[150.7274,-33.7718],[150.7256,-33.7699],[150.7212,-33.7748],[150.7407,-33.7776],[150.7432,-33.7761]]]},"properties":{"SAL_CODE21":"10741","SAL_NAME21":"Caddens","STE_CODE21":"1","STE_NAME21":"New South Wales","AUS_CODE21":"AUS","AUS_NAME21":"Australia","AREASQKM21":0.9906,"LOCI_URI21":"http://linked.data.gov.au/dataset/asgsed3/SAL/10741","SHAPE_Leng":0.0621900130076,"SHAPE_Area":0.0000964353126886}},
{"type":"Feature","geometry":{"type":"Polygon","coordinates":[[[151.2143,-33.3755],[151.2131,-33.378],[151.2148,-33.3824],[151.211,-33.3826],[151.209,-33.3873],[151.206,-33.3905],[151.2045,-33.3948],[151.2073,-33.3972],[151.2073,-33.4014],[151.2056,-33.4094],[151.2123,-33.4105],[151.2087,-33.4265],[151.203,-33.4274],[151.2024,-33.4303],[151.2098,-33.4314],[151.2097,-33.4357],[151.2115,-33.4387],[151.2166,-33.4448],[151.2197,-33.4448],[151.2207,-33.4496],[151.2332,-33.4422],[151.244,-33.4303],[151.2503,-33.4274],[151.2482,-33.4228],[151.2449,-33.4199],[151.2457,-33.4173],[151.2415,-33.4118],[151.2341,-33.4159],[151.2285,-33.4141],[151.229,-33.4119],[151.2245,-33.408],[151.2281,-33.3993],[151.2337,-33.3881],[151.2278,-33.3842],[151.2193,-33.3831],[151.2199,-33.3792],[151.2153,-33.3773],[151.2143,-33.3755]]]},"properties":{"SAL_CODE21":"10751","SAL_NAME21":"Calga","STE_CODE21":"1","STE_NAME21":"New South Wales","AUS_CODE21":"AUS","AUS_NAME21":"Australia","AREASQKM21":17.5442,"LOCI_URI21":"http://linked.data.gov.au/dataset/asgsed3/SAL/10751","SHAPE_Leng":0.250181399842,"SHAPE_Area":0.00170064103514}},
{"type":"Feature","geometry":{"type":"Polygon","coordinates":[[[150.7247,-33.7371],[150.7255,-33.7335],[150.7182,-33.7325],[150.7176,-33.7351],[150.7158,-33.7424],[150.7232,-33.7436],[150.7247,-33.7371]]]},"properties":{"SAL_CODE21":"10766","SAL_NAME21":"Cambridge Gardens","STE_CODE21":"1","STE_NAME21":"New South Wales","AUS_CODE21":"AUS","AUS_NAME21":"Australia","AREASQKM21":0.7727,"LOCI_URI21":"http://linked.data.gov.au/dataset/asgsed3/SAL/10766","SHAPE_Leng":0.0354773675659,"SHAPE_Area":0.0000751864759558}},
{"type":"Feature","geometry":{"type":"Polygon","coordinates":[[[150.7158,-33.7424],[150.7144,-33.7469],[150.7148,-33.7488],[150.7209,-33.7554],[150.7332,-33.7572],[150.7386,-33.7542],[150.7377,-33.7529],[150.7384,-33.7458],[150.7232,-33.7436],[150.7158,-33.7424]]]},"properties":{"SAL_CODE21":"10767","SAL_NAME21":"Cambridge Park","STE_CODE21":"1","STE_NAME21":"New South Wales","AUS_CODE21":"AUS","AUS_NAME21":"Australia","AREASQKM21":2.6154,"LOCI_URI21":"http://linked.data.gov.au/dataset/asgsed3/SAL/10767","SHAPE_Leng":0.0709095913897,"SHAPE_Area":0.00025447803326}},
{"type":"Feature","geometry":{"type":"Polygon","coordinates":[[[150.7004,-34.0712],[150.6997,-34.0652],[150.7058,-34.0519],[150.704,-34.0482],[150.6987,-34.0432],[150.6946,-34.0412],[150.688,-34.0483],[150.6858,-34.0497],[150.6888,-34.0529],[150.6824,-34.0533],[150.6835,-34.057],[150.6815,-34.0616],[150.6909,-34.0636],[150.6917,-34.068],[150.6889,-34.0751],[150.6951,-34.0762],[150.697,-34.0732],[150.7004,-34.0712]]]},"properties":{"SAL_CODE21":"10769","SAL_NAME21":"Camden","STE_CODE21":"1","STE_NAME21":"New South Wales","AUS_CODE21":"AUS","AUS_NAME21":"Australia","AREASQKM21":4.6376,"LOCI_URI21":"http://linked.data.gov.au/dataset/asgsed3/SAL/10769","SHAPE_Leng":0.113095655391,"SHAPE_Area":0.000452875890503}},
{"type":"Feature","geometry":{"type":"Polygon","coordinates":[[[150.7066,-34.0776],[150.7155,-34.0837],[150.7149,-34.0893],[150.7094,-34.0934],[150.695,-34.0914],[150.6947,-34.0956],[150.6958,-34.1016],[150.6983,-34.1057],[150.6977,-34.1082],[150.7094,-34.1122],[150.7108,-34.1088],[150.7202,-34.1122],[150.723,-34.1122],[150.7247,-34.1037],[150.7279,-34.1041],[150.7294,-34.0967],[150.7386,-34.0981],[150.7396,-34.0964],[150.741,-34.0833],[150.7421,-34.0807],[150.741,-34.0788],[150.7385,-34.0773],[150.7315,-34.077],[150.7254,-34.0785],[150.7202,-34.0777],[150.7154,-34.0788],[150.7066,-34.0776]]]},"properties":{"SAL_CODE21":"10771","SAL_NAME21":"Camden Park (NSW)","STE_CODE21":"1","STE_NAME21":"New South Wales","AUS_CODE21":"AUS","AUS_NAME21":"Australia","AREASQKM21":10.3728,"LOCI_URI21":"http://linked.data.gov.au/dataset/asgsed3/SAL/10771","SHAPE_Leng":0.172458543988,"SHAPE_Area":0.00101332005077}},
{"type":"Feature","geometry":{"type":"Polygon","coordinates":[[[150.6889,-34.0751],[150.6857,-34.0893],[150.695,-34.0914],[150.7094,-34.0934],[150.7149,-34.0893],[150.7155,-34.0837],[150.7066,-34.0776],[150.7025,-34.0765],[150.7006,-34.0715],[150.7004,-34.0712],[150.697,-34.0732],[150.6951,-34.0762],[150.6889,-34.0751]]]},"properties":{"SAL_CODE21":"10772","SAL_NAME21":"Camden South","STE_CODE21":"1","STE_NAME21":"New South Wales","AUS_CODE21":"AUS","AUS_NAME21":"Australia","AREASQKM21":4.2363,"LOCI_URI21":"http://linked.data.gov.au/dataset/asgsed3/SAL/10772","SHAPE_Leng":0.08871518954,"SHAPE_Area":0.00041377146007}},
{"type":"Feature","geometry":{"type":"Polygon","coordinates":[[[151.0414,-33.8178],[151.0351,-33.8191],[151.0264,-33.817],[151.0261,-33.8147],[151.0226,-33.8143],[151.0221,-33.818],[151.0277,-33.8207],[151.0409,-33.8207],[151.0414,-33.8178]]]},"properties":{"SAL_CODE21":"10773","SAL_NAME21":"Camellia","STE_CODE21":"1","STE_NAME21":"New South Wales","AUS_CODE21":"AUS","AUS_NAME21":"Australia","AREASQKM21":0.5638,"LOCI_URI21":"http://linked.data.gov.au/dataset/asgsed3/SAL/10773","SHAPE_Leng":0.0480055332769,"SHAPE_Area":0.0000548991265482}},
{"type":"Feature","geometry":{"type":"Polygon","coordinates":[[[151.2147,-33.8298],[151.2173,-33.828],[151.2183,-33.8238],[151.224,-33.8214],[151.22,-33.8177],[151.2156,-33.8159],[151.2104,-33.8177],[151.2047,-33.8203],[151.2091,-33.8256],[151.2087,-33.8289],[151.2147,-33.8298]]]},"properties":{"SAL_CODE21":"10777","SAL_NAME21":"Cammeray","STE_CODE21":"1","STE_NAME21":"New South Wales","AUS_CODE21":"AUS","AUS_NAME21":"Australia","AREASQKM21":1.5527,"LOCI_URI21":"http://linked.data.gov.au/dataset/asgsed3/SAL/10777","SHAPE_Leng":0.0720550478062,"SHAPE_Area":0.000151208082876}},
{"type":"Feature","geometry":{"type":"Polygon","coordinates":[[[150.8079,-34.0812],[150.8082,-34.0752],[150.8119,-34.0708],[150.8154,-34.0742],[150.814,-34.0767],[150.8165,-34.0794],[150.8241,-34.0792],[150.8237,-34.0815],[150.8273,-34.082],[150.8288,-34.0775],[150.8365,-34.0689],[150.8375,-34.0654],[150.8328,-34.0627],[150.8249,-34.0604],[150.8242,-34.0523],[150.8286,-34.0475],[150.8259,-34.0484],[150.8208,-34.0523],[150.8183,-34.0553],[150.8116,-34.0571],[150.8082,-34.0533],[150.8079,-34.0531],[150.7989,-34.0559],[150.8017,-34.0614],[150.8076,-34.0592],[150.8095,-34.0614],[150.8052,-34.0661],[150.8005,-34.0664],[150.7937,-34.0576],[150.7845,-34.0612],[150.7854,-34.062],[150.7797,-34.068],[150.7717,-34.0825],[150.7782,-34.0821],[150.7865,-34.0762],[150.7896,-34.0759],[150.7941,-34.0793],[150.7993,-34.0797],[150.8079,-34.0812]]]},"properties":{"SAL_CODE21":"10779","SAL_NAME21":"Campbelltown (NSW)","STE_CODE21":"1","STE_NAME21":"New South Wales","AUS_CODE21":"AUS","AUS_NAME21":"Australia","AREASQKM21":11.1639,"LOCI_URI21":"http://linked.data.gov.au/dataset/asgsed3/SAL/10779","SHAPE_Leng":0.272074646423,"SHAPE_Area":0.00109026567793}},
{"type":"Feature","geometry":{"type":"Polygon","coordinates":[[[151.1727,-33.8875],[151.1718,-33.8948],[151.1801,-33.8931],[151.1815,-33.8915],[151.1884,-33.8913],[151.1932,-33.8877],[151.1949,-33.8844],[151.1872,-33.8847],[151.182,-33.8855],[151.1762,-33.8827],[151.1765,-33.8867],[151.1727,-33.8875]]]},"properties":{"SAL_CODE21":"10780","SAL_NAME21":"Camperdown (NSW)","STE_CODE21":"1","STE_NAME21":"New South Wales","AUS_CODE21":"AUS","AUS_NAME21":"Australia","AREASQKM21":1.5031,"LOCI_URI21":"http://linked.data.gov.au/dataset/asgsed3/SAL/10780","SHAPE_Leng":0.0706544997074,"SHAPE_Area":0.000146477898907}},
{"type":"Feature","geometry":{"type":"Polygon","coordinates":[[[151.11,-33.9032],[151.1045,-33.9019],[151.0967,-33.9036],[151.0926,-33.9021],[151.0953,-33.9101],[151.0911,-33.912],[151.0963,-33.9143],[151.096,-33.9169],[151.0982,-33.9208],[151.099,-33.9251],[151.0977,-33.9273],[151.1016,-33.9267],[151.1024,-33.9237],[151.1073,-33.9227],[151.1088,-33.9226],[151.1104,-33.9203],[151.1083,-33.9166],[151.1113,-33.9154],[151.1097,-33.9093],[151.1124,-33.9071],[151.1114,-33.905],[151.11,-33.9032]]]},"properties":{"SAL_CODE21":"10781","SAL_NAME21":"Campsie","STE_CODE21":"1","STE_NAME21":"New South Wales","AUS_CODE21":"AUS","AUS_NAME21":"Australia","AREASQKM21":3.3734,"LOCI_URI21":"http://linked.data.gov.au/dataset/asgsed3/SAL/10781","SHAPE_Leng":0.106316016097,"SHAPE_Area":0.000328894751273}},
{"type":"Feature","geometry":{"type":"Polygon","coordinates":[[[151.1159,-33.8607],[151.1145,-33.8621],[151.1121,-33.8682],[151.1169,-33.8689],[151.118,-33.8641],[151.1159,-33.8607]]]},"properties":{"SAL_CODE21":"10784","SAL_NAME21":"Canada Bay","STE_CODE21":"1","STE_NAME21":"New South Wales","AUS_CODE21":"AUS","AUS_NAME21":"Australia","AREASQKM21":0.3224,"LOCI_URI21":"http://linked.data.gov.au/dataset/asgsed3/SAL/10784","SHAPE_Leng":0.0257656886447,"SHAPE_Area":0.0000314119724849}},
{"type":"Feature","geometry":{"type":"Polygon","coordinates":[[[150.9338,-33.8896],[150.9353,-33.8814],[150.9291,-33.8775],[150.926,-33.8744],[150.9224,-33.8756],[150.9166,-33.8744],[150.9154,-33.8809],[150.9139,-33.8823],[150.9095,-33.8864],[150.923,-33.8883],[150.9338,-33.8896]]]},"properties":{"SAL_CODE21":"10790","SAL_NAME21":"Canley Heights","STE_CODE21":"1","STE_NAME21":"New South Wales","AUS_CODE21":"AUS","AUS_NAME21":"Australia","AREASQKM21":2.6052,"LOCI_URI21":"http://linked.data.gov.au/dataset/asgsed3/SAL/10790","SHAPE_Leng":0.0787558655053,"SHAPE_Area":0.000253854577478}},
{"type":"Feature","geometry":{"type":"Polygon","coordinates":[[[150.9598,-33.8938],[150.9673,-33.8903],[150.9672,-33.8901],[150.9596,-33.8904],[150.9626,-33.8871],[150.9582,-33.8848],[150.9581,-33.8821],[150.9487,-33.8815],[150.9475,-33.8824],[150.9363,-33.8761],[150.9353,-33.8814],[150.9338,-33.8896],[150.9598,-33.8938]]]},"properties":{"SAL_CODE21":"10791","SAL_NAME21":"Canley Vale","STE_CODE21":"1","STE_NAME21":"New South Wales","AUS_CODE21":"AUS","AUS_NAME21":"Australia","AREASQKM21":2.8866,"LOCI_URI21":"http://linked.data.gov.au/dataset/asgsed3/SAL/10791","SHAPE_Leng":0.108601295196,"SHAPE_Area":0.000281310219281}},
{"type":"Feature","geometry":{"type":"Polygon","coordinates":[[[151.1532,-33.5142],[151.1529,-33.5044],[151.1554,-33.4991],[151.1539,-33.4976],[151.1461,-33.4958],[151.1424,-33.4966],[151.1352,-33.492],[151.1338,-33.4897],[151.1427,-33.4913],[151.146,-33.485],[151.1479,-33.4831],[151.1505,-33.4743],[151.1524,-33.4739],[151.1556,-33.4678],[151.1527,-33.4658],[151.1494,-33.4705],[151.1457,-33.4733],[151.1388,-33.4754],[151.1352,-33.4746],[151.1287,-33.4698],[151.1262,-33.4667],[151.1226,-33.4666],[151.1201,-33.4699],[151.1158,-33.4714],[151.1129,-33.4749],[151.1087,-33.4774],[151.1057,-33.4828],[151.1022,-33.4842],[151.0974,-33.4835],[151.0898,-33.4804],[151.0855,-33.4753],[151.0808,-33.4745],[151.0768,-33.4851],[151.0729,-33.4833],[151.0652,-33.4818],[151.0636,-33.4776],[151.0564,-33.4786],[151.0528,-33.4782],[151.0551,-33.4739],[151.052,-33.4734],[151.0533,-33.4677],[151.0559,-33.4681],[151.0568,-33.4637],[151.052,-33.4626],[151.0505,-33.4718],[151.0457,-33.4739],[151.0377,-33.4697],[151.0375,-33.4679],[151.0333,-33.4657],[151.0253,-33.4673],[151.0245,-33.4687],[151.0263,-33.4727],[151.0249,-33.4792],[151.0258,-33.482],[151.0246,-33.4856],[151.0281,-33.4916],[151.0252,-33.4968],[151.0219,-33.4965],[151.0233,-33.5007],[151.0228,-33.5048],[151.029,-33.5165],[151.0284,-33.5186],[151.0243,-33.5236],[151.0195,-33.5259],[151.0115,-33.5313],[151.0136,-33.5376],[151.013,-33.5399],[151.0196,-33.539],[151.029,-33.5367],[151.0327,-33.5316],[151.0366,-33.532],[151.0398,-33.5309],[151.0467,-33.5322],[151.0507,-33.535],[151.0579,-33.533],[151.06,-33.529],[151.0628,-33.5287],[151.0684,-33.5234],[151.0734,-33.5237],[151.0776,-33.5261],[151.0857,-33.5241],[151.0874,-33.5218],[151.0938,-33.5226],[151.0986,-33.5249],[151.103,-33.5225],[151.1101,-33.5207],[151.1125,-33.5146],[151.116,-33.5108],[151.1118,-33.5089],[151.1129,-33.5057],[151.1223,-33.5043],[151.1278,-33.5047],[151.1263,-33.5076],[151.1237,-33.5081],[151.1212,-33.5119],[151.1233,-33.5158],[151.1275,-33.5175],[151.129,-33.5137],[151.1309,-33.513],[151.1362,-33.5147],[151.1355,-33.5176],[151.138,-33.5185],[151.1403,-33.5239],[151.1439,-33.5227],[151.149,-33.5226],[151.1497,-33.5209],[151.1481,-33.5172],[151.149,-33.5135],[151.1532,-33.5142]]]},"properties":{"SAL_CODE21":"10793","SAL_NAME21":"Canoelands","STE_CODE21":"1","STE_NAME21":"New South Wales","AUS_CODE21":"AUS","AUS_NAME21":"Australia","AREASQKM21":63.4478,"LOCI_URI21":"http://linked.data.gov.au/dataset/asgsed3/SAL/10793","SHAPE_Leng":0.626670652928,"SHAPE_Area":0.00615622674397}},
{"type":"Feature","geometry":{"type":"Polygon","coordinates":[[[151.1114,-33.905],[151.1124,-33.9071],[151.1097,-33.9093],[151.1113,-33.9154],[151.1083,-33.9166],[151.1104,-33.9203],[151.1088,-33.9226],[151.1139,-33.9232],[151.1174,-33.9179],[151.1221,-33.9144],[151.1235,-33.9067],[151.123,-33.9045],[151.117,-33.9026],[151.1114,-33.905]]]},"properties":{"SAL_CODE21":"10796","SAL_NAME21":"Canterbury (NSW)","STE_CODE21":"1","STE_NAME21":"New South Wales","AUS_CODE21":"AUS","AUS_NAME21":"Australia","AREASQKM21":1.9638,"LOCI_URI21":"http://linked.data.gov.au/dataset/asgsed3/SAL/10796","SHAPE_Leng":0.0795909985591,"SHAPE_Area":0.000191412099377}},
{"type":"Feature","geometry":{"type":"Polygon","coordinates":[[[151.5494,-33.2705],[151.5457,-33.2707],[151.5453,-33.2682],[151.5399,-33.2689],[151.5424,-33.2707],[151.5457,-33.2757],[151.5432,-33.2818],[151.5508,-33.2829],[151.5516,-33.2787],[151.5497,-33.2747],[151.5494,-33.2705]]]},"properties":{"SAL_CODE21":"10797","SAL_NAME21":"Canton Beach","STE_CODE21":"1","STE_NAME21":"New South Wales","AUS_CODE21":"AUS","AUS_NAME21":"Australia","AREASQKM21":0.8319,"LOCI_URI21":"http://linked.data.gov.au/dataset/asgsed3/SAL/10797","SHAPE_Leng":0.0504360990155,"SHAPE_Area":0.0000805325068976}},
{"type":"Feature","geometry":{"type":"Polygon","coordinates":[[[151.1329,-34.0457],[151.1344,-34.0385],[151.1368,-34.0362],[151.1337,-34.0331],[151.1318,-34.0267],[151.1291,-34.0241],[151.1212,-34.0229],[151.1205,-34.0265],[151.1201,-34.0283],[151.1154,-34.0295],[151.1117,-34.0416],[151.1172,-34.0423],[151.1158,-34.0458],[151.13,-34.0478],[151.1329,-34.0457]]]},"properties":{"SAL_CODE21":"10814","SAL_NAME21":"Caringbah","STE_CODE21":"1","STE_NAME21":"New South Wales","AUS_CODE21":"AUS","AUS_NAME21":"Australia","AREASQKM21":4.057,"LOCI_URI21":"http://linked.data.gov.au/dataset/asgsed3/SAL/10814","SHAPE_Leng":0.0975504155888,"SHAPE_Area":0.000395992704327}},
{"type":"Feature","geometry":{"type":"Polygon","coordinates":[[[151.1331,-34.0502],[151.1329,-34.0457],[151.13,-34.0478],[151.1158,-34.0458],[151.1172,-34.0423],[151.1117,-34.0416],[151.1112,-34.0433],[151.109,-34.0521],[151.1108,-34.0542],[151.1076,-34.0585],[151.1068,-34.0617],[151.1144,-34.0618],[151.1158,-34.0633],[151.1198,-34.0634],[151.1219,-34.0647],[151.124,-34.0624],[151.1279,-34.0614],[151.1292,-34.0641],[151.132,-34.0636],[151.135,-34.0581],[151.134,-34.0555],[151.131,-34.0551],[151.1331,-34.0502]]]},"properties":{"SAL_CODE21":"10815","SAL_NAME21":"Caringbah South","STE_CODE21":"1","STE_NAME21":"New South Wales","AUS_CODE21":"AUS","AUS_NAME21":"Australia","AREASQKM21":4.092,"LOCI_URI21":"http://linked.data.gov.au/dataset/asgsed3/SAL/10815","SHAPE_Leng":0.128547269609,"SHAPE_Area":0.000399512098345}},
{"type":"Feature","geometry":{"type":"Polygon","coordinates":[[[151.0489,-33.7586],[151.0349,-33.7609],[151.035,-33.7622],[151.0293,-33.7634],[151.0322,-33.7721],[151.0302,-33.7724],[151.0313,-33.7786],[151.0265,-33.7799],[151.0256,-33.782],[151.0212,-33.7826],[151.0268,-33.7827],[151.0278,-33.788],[151.0315,-33.7862],[151.0338,-33.7868],[151.0355,-33.788],[151.0437,-33.7897],[151.0462,-33.7891],[151.0488,-33.7892],[151.0527,-33.7852],[151.0567,-33.7857],[151.0579,-33.7894],[151.0621,-33.7918],[151.0655,-33.7907],[151.0647,-33.787],[151.0696,-33.7861],[151.0671,-33.7842],[151.064,-33.7842],[151.0612,-33.7803],[151.0599,-33.775],[151.0575,-33.7755],[151.0574,-33.7704],[151.0644,-33.7643],[151.0647,-33.7622],[151.0627,-33.7637],[151.0545,-33.7654],[151.054,-33.7629],[151.0496,-33.7637],[151.0489,-33.7586]]]},"properties":{"SAL_CODE21":"10817","SAL_NAME21":"Carlingford","STE_CODE21":"1","STE_NAME21":"New South Wales","AUS_CODE21":"AUS","AUS_NAME21":"Australia","AREASQKM21":8.5522,"LOCI_URI21":"http://linked.data.gov.au/dataset/asgsed3/SAL/10817","SHAPE_Leng":0.227047716933,"SHAPE_Area":0.000832420981886}},
{"type":"Feature","geometry":{"type":"Polygon","coordinates":[[[151.1143,-33.9767],[151.1134,-33.9779],[151.1181,-33.9816],[151.1243,-33.9773],[151.1312,-33.9726],[151.1271,-33.9677],[151.1291,-33.9671],[151.1264,-33.9629],[151.1207,-33.964],[151.1187,-33.9617],[151.1144,-33.9642],[151.1127,-33.9623],[151.1125,-33.9653],[151.1157,-33.9701],[151.1191,-33.9696],[151.1203,-33.972],[151.1168,-33.9762],[151.1143,-33.9767]]]},"properties":{"SAL_CODE21":"10818","SAL_NAME21":"Carlton (NSW)","STE_CODE21":"1","STE_NAME21":"New South Wales","AUS_CODE21":"AUS","AUS_NAME21":"Australia","AREASQKM21":2.0413,"LOCI_URI21":"http://linked.data.gov.au/dataset/asgsed3/SAL/10818","SHAPE_Leng":0.0891631608991,"SHAPE_Area":0.00019911399781}},
{"type":"Feature","geometry":{"type":"Polygon","coordinates":[[[150.8591,-33.9354],[150.854,-33.9348],[150.8461,-33.9313],[150.8411,-33.9396],[150.8386,-33.942],[150.8439,-33.9437],[150.8468,-33.9411],[150.85,-33.9436],[150.8526,-33.9423],[150.8565,-33.9363],[150.8591,-33.9354]]]},"properties":{"SAL_CODE21":"10819","SAL_NAME21":"Carnes Hill","STE_CODE21":"1","STE_NAME21":"New South Wales","AUS_CODE21":"AUS","AUS_NAME21":"Australia","AREASQKM21":1.3204,"LOCI_URI21":"http://linked.data.gov.au/dataset/asgsed3/SAL/10819","SHAPE_Leng":0.0592209726168,"SHAPE_Area":0.0001287767463}},
{"type":"Feature","geometry":{"type":"Polygon","coordinates":[[[150.9672,-33.8901],[150.9696,-33.8889],[150.9669,-33.8823],[150.9658,-33.8773],[150.9603,-33.8792],[150.9581,-33.8821],[150.9582,-33.8848],[150.9626,-33.8871],[150.9596,-33.8904],[150.9672,-33.8901]]]},"properties":{"SAL_CODE21":"10825","SAL_NAME21":"Carramar (NSW)","STE_CODE21":"1","STE_NAME21":"New South Wales","AUS_CODE21":"AUS","AUS_NAME21":"Australia","AREASQKM21":1.0174,"LOCI_URI21":"http://linked.data.gov.au/dataset/asgsed3/SAL/10825","SHAPE_Leng":0.053752002632,"SHAPE_Area":0.0000991432248725}},
{"type":"Feature","geometry":{"type":"Polygon","coordinates":[[[151.1177,-33.992],[151.122,-33.9877],[151.1198,-33.9827],[151.1181,-33.9816],[151.1152,-33.9824],[151.1121,-33.9872],[151.1177,-33.992]]]},"properties":{"SAL_CODE21":"10836","SAL_NAME21":"Carss Park","STE_CODE21":"1","STE_NAME21":"New South Wales","AUS_CODE21":"AUS","AUS_NAME21":"Australia","AREASQKM21":0.6295,"LOCI_URI21":"http://linked.data.gov.au/dataset/asgsed3/SAL/10836","SHAPE_Leng":0.0349946015952,"SHAPE_Area":0.0000614120366372}},
{"type":"Feature","geometry":{"type":"Polygon","coordinates":[[[150.896,-33.9214],[150.8954,-33.9226],[150.8894,-33.9225],[150.887,-33.9216],[150.8809,-33.9262],[150.879,-33.9251],[150.8737,-33.9277],[150.8903,-33.9274],[150.8979,-33.9263],[150.8988,-33.9264],[150.9005,-33.9231],[150.896,-33.9214]]]},"properties":{"SAL_CODE21":"10837","SAL_NAME21":"Cartwright","STE_CODE21":"1","STE_NAME21":"New South Wales","AUS_CODE21":"AUS","AUS_NAME21":"Australia","AREASQKM21":0.9627,"LOCI_URI21":"http://linked.data.gov.au/dataset/asgsed3/SAL/10837","SHAPE_Leng":0.0714814573537,"SHAPE_Area":0.0000938538351362}},
{"type":"Feature","geometry":{"type":"Polygon","coordinates":[[[151.2072,-33.7788],[151.1966,-33.7821],[151.2007,-33.7849],[151.2018,-33.7874],[151.2059,-33.7869],[151.2122,-33.7908],[151.2149,-33.7906],[151.2193,-33.7905],[151.2257,-33.7932],[151.2271,-33.7912],[151.2314,-33.7916],[151.2331,-33.7897],[151.2301,-33.7851],[151.2223,-33.7862],[151.2134,-33.7843],[151.2113,-33.7786],[151.2072,-33.7788]]]},"properties":{"SAL_CODE21":"10844","SAL_NAME21":"Castle Cove","STE_CODE21":"1","STE_NAME21":"New South Wales","AUS_CODE21":"AUS","AUS_NAME21":"Australia","AREASQKM21":2.3428,"LOCI_URI21":"http://linked.data.gov.au/dataset/asgsed3/SAL/10844","SHAPE_Leng":0.0950888730198,"SHAPE_Area":0.000228064972051}},
{"type":"Feature","geometry":{"type":"Polygon","coordinates":[[[151.0093,-33.7553],[151.012,-33.7502],[151.0215,-33.7421],[151.0214,-33.735],[151.0248,-33.7322],[151.0297,-33.7261],[151.031,-33.7257],[151.0319,-33.7203],[151.0274,-33.715],[151.0247,-33.7103],[151.0211,-33.7099],[151.0185,-33.713],[151.0211,-33.7145],[151.019,-33.7168],[151.0161,-33.7147],[151.0016,-33.7146],[150.9966,-33.7131],[150.9943,-33.7109],[150.9938,-33.7078],[150.9901,-33.7056],[150.9888,-33.7034],[150.9841,-33.7035],[150.9833,-33.7112],[150.9671,-33.716],[150.9682,-33.7179],[150.9637,-33.7197],[150.9698,-33.7229],[150.9724,-33.7251],[150.9722,-33.7323],[150.9734,-33.7344],[150.9826,-33.7365],[150.9857,-33.7416],[150.9946,-33.7463],[150.9937,-33.7475],[150.9998,-33.7502],[151.004,-33.7505],[151.0053,-33.7531],[151.0093,-33.7553]]]},"properties":{"SAL_CODE21":"10846","SAL_NAME21":"Castle Hill (NSW)","STE_CODE21":"1","STE_NAME21":"New South Wales","AUS_CODE21":"AUS","AUS_NAME21":"Australia","AREASQKM21":18.8102,"LOCI_URI21":"http://linked.data.gov.au/dataset/asgsed3/SAL/10846","SHAPE_Leng":0.235482441006,"SHAPE_Area":0.00182990115502}},
{"type":"Feature","geometry":{"type":"Polygon","coordinates":[[[151.2173,-33.8054],[151.2227,-33.8048],[151.224,-33.8012],[151.2304,-33.8024],[151.2298,-33.7978],[151.2308,-33.7955],[151.2213,-33.7977],[151.2176,-33.7972],[151.2132,-33.7966],[151.2095,-33.7976],[151.2116,-33.8024],[151.2091,-33.8054],[151.2126,-33.8045],[151.2173,-33.8054]]]},"properties":{"SAL_CODE21":"10848","SAL_NAME21":"Castlecrag","STE_CODE21":"1","STE_NAME21":"New South Wales","AUS_CODE21":"AUS","AUS_NAME21":"Australia","AREASQKM21":1.5058,"LOCI_URI21":"http://linked.data.gov.au/dataset/asgsed3/SAL/10848","SHAPE_Leng":0.0752161783619,"SHAPE_Area":0.000146625844721}},
{"type":"Feature","geometry":{"type":"Polygon","coordinates":[[[150.6731,-33.6398],[150.6662,-33.6541],[150.6679,-33.6631],[150.6671,-33.6664],[150.6608,-33.6697],[150.6579,-33.677],[150.659,-33.6855],[150.6598,-33.6929],[150.6586,-33.7024],[150.659,-33.7059],[150.658,-33.7137],[150.6554,-33.7169],[150.6533,-33.7195],[150.6574,-33.7279],[150.6615,-33.7338],[150.6651,-33.7286],[150.6653,-33.7262],[150.6921,-33.7297],[150.6943,-33.7302],[150.6973,-33.7158],[150.6967,-33.7111],[150.6989,-33.7085],[150.6935,-33.7062],[150.6944,-33.7015],[150.6902,-33.6978],[150.6945,-33.6919],[150.6972,-33.6788],[150.6963,-33.678],[150.6977,-33.6718],[150.7001,-33.6712],[150.7039,-33.6516],[150.7092,-33.6482],[150.6917,-33.6458],[150.679,-33.6428],[150.6801,-33.6411],[150.6731,-33.6398]]]},"properties":{"SAL_CODE21":"10849","SAL_NAME21":"Castlereagh","STE_CODE21":"1","STE_NAME21":"New South Wales","AUS_CODE21":"AUS","AUS_NAME21":"Australia","AREASQKM21":32.1444,"LOCI_URI21":"http://linked.data.gov.au/dataset/asgsed3/SAL/10849","SHAPE_Leng":0.29615706673,"SHAPE_Area":0.0031255362025}},
{"type":"Feature","geometry":{"type":"Polygon","coordinates":[[[150.8745,-33.9669],[150.8868,-33.9582],[150.8904,-33.961],[150.8993,-33.9619],[150.903,-33.9634],[150.9132,-33.9648],[150.9123,-33.9539],[150.9136,-33.95],[150.9187,-33.9441],[150.9189,-33.9391],[150.9096,-33.9371],[150.9049,-33.9379],[150.8954,-33.9461],[150.8899,-33.9485],[150.8822,-33.9504],[150.8781,-33.9531],[150.8765,-33.9568],[150.8745,-33.9669]]]},"properties":{"SAL_CODE21":"10851","SAL_NAME21":"Casula","STE_CODE21":"1","STE_NAME21":"New South Wales","AUS_CODE21":"AUS","AUS_NAME21":"Australia","AREASQKM21":7.072,"LOCI_URI21":"http://linked.data.gov.au/dataset/asgsed3/SAL/10851","SHAPE_Leng":0.137487055952,"SHAPE_Area":0.000689734413719}},
{"type":"Feature","geometry":{"type":"Polygon","coordinates":[[[150.7526,-33.9633],[150.7547,-33.9635],[150.7558,-33.9681],[150.7549,-33.972],[150.7547,-33.9804],[150.7561,-33.9833],[150.7553,-33.9857],[150.7567,-33.9901],[150.7557,-34.0001],[150.7532,-34.0022],[150.7518,-34.007],[150.7529,-34.0139],[150.7619,-34.0187],[150.764,-34.0157],[150.7719,-34.0081],[150.785,-33.9967],[150.7877,-33.9936],[150.7889,-33.9915],[150.7767,-33.9865],[150.775,-33.9887],[150.7715,-33.9855],[150.7676,-33.9803],[150.7648,-33.9715],[150.7607,-33.9642],[150.7594,-33.9585],[150.7589,-33.9548],[150.7544,-33.9547],[150.7542,-33.9587],[150.7526,-33.9633]]]},"properties":{"SAL_CODE21":"10855","SAL_NAME21":"Catherine Field","STE_CODE21":"1","STE_NAME21":"New South Wales","AUS_CODE21":"AUS","AUS_NAME21":"Australia","AREASQKM21":10.3145,"LOCI_URI21":"http://linked.data.gov.au/dataset/asgsed3/SAL/10855","SHAPE_Leng":0.190010325547,"SHAPE_Area":0.00100644373495}},
{"type":"Feature","geometry":{"type":"Polygon","coordinates":[[[150.8912,-33.5721],[150.8944,-33.5709],[150.9036,-33.5745],[150.9047,-33.5725],[150.9124,-33.574],[150.9131,-33.5705],[150.9172,-33.5711],[150.9186,-33.5676],[150.9186,-33.5625],[150.9229,-33.5614],[150.9259,-33.5588],[150.9298,-33.5615],[150.9379,-33.5648],[150.9413,-33.5653],[150.941,-33.5622],[150.9427,-33.5536],[150.9446,-33.5539],[150.9467,-33.5422],[150.941,-33.5407],[150.9365,-33.5423],[150.9334,-33.5423],[150.9346,-33.5367],[150.9297,-33.536],[150.9312,-33.529],[150.931,-33.5251],[150.9265,-33.5245],[150.9277,-33.5184],[150.9193,-33.5167],[150.9146,-33.5173],[150.9054,-33.5106],[150.8995,-33.5115],[150.8996,-33.5153],[150.9058,-33.5195],[150.9066,-33.524],[150.9005,-33.5269],[150.8958,-33.5355],[150.8901,-33.5391],[150.8893,-33.5422],[150.8931,-33.5486],[150.892,-33.5524],[150.8891,-33.5553],[150.8888,-33.559],[150.8906,-33.5651],[150.8887,-33.5666],[150.8912,-33.5721]]]},"properties":{"SAL_CODE21":"10858","SAL_NAME21":"Cattai","STE_CODE21":"1","STE_NAME21":"New South Wales","AUS_CODE21":"AUS","AUS_NAME21":"Australia","AREASQKM21":22.6977,"LOCI_URI21":"http://linked.data.gov.au/dataset/asgsed3/SAL/10858","SHAPE_Leng":0.261982750502,"SHAPE_Area":0.00220344221184}},
{"type":"Feature","geometry":{"type":"Polygon","coordinates":[[[150.6539,-34.0716],[150.6488,-34.0821],[150.644,-34.0778],[150.6431,-34.082],[150.637,-34.0811],[150.6338,-34.0969],[150.6357,-34.0984],[150.6371,-34.1064],[150.6423,-34.1083],[150.6402,-34.1145],[150.6436,-34.1172],[150.6491,-34.1194],[150.6541,-34.114],[150.6692,-34.1162],[150.6718,-34.1182],[150.6721,-34.1207],[150.6777,-34.1215],[150.6738,-34.1285],[150.6862,-34.1302],[150.6884,-34.1263],[150.6935,-34.1271],[150.699,-34.1213],[150.696,-34.1117],[150.6977,-34.1082],[150.6983,-34.1057],[150.6958,-34.1016],[150.6947,-34.0956],[150.695,-34.0914],[150.6857,-34.0893],[150.6889,-34.0751],[150.6917,-34.068],[150.6909,-34.0636],[150.6815,-34.0616],[150.6789,-34.0639],[150.6737,-34.072],[150.663,-34.0704],[150.6597,-34.0705],[150.6539,-34.0716]]]},"properties":{"SAL_CODE21":"10862","SAL_NAME21":"Cawdor (NSW)","STE_CODE21":"1","STE_NAME21":"New South Wales","AUS_CODE21":"AUS","AUS_NAME21":"Australia","AREASQKM21":28.3206,"LOCI_URI21":"http://linked.data.gov.au/dataset/asgsed3/SAL/10862","SHAPE_Leng":0.270715569461,"SHAPE_Area":0.00276674461689}},
{"type":"Feature","geometry":{"type":"Polygon","coordinates":[[[150.8425,-33.8762],[150.8391,-33.8747],[150.8338,-33.8757],[150.8286,-33.8756],[150.824,-33.8789],[150.8252,-33.8905],[150.8274,-33.8922],[150.8357,-33.8956],[150.8405,-33.8965],[150.8418,-33.8953],[150.8498,-33.8951],[150.8513,-33.899],[150.8556,-33.9003],[150.8571,-33.8944],[150.8646,-33.8835],[150.8539,-33.8838],[150.8505,-33.8823],[150.8425,-33.8762]]]},"properties":{"SAL_CODE21":"10864","SAL_NAME21":"Cecil Hills","STE_CODE21":"1","STE_NAME21":"New South Wales","AUS_CODE21":"AUS","AUS_NAME21":"Australia","AREASQKM21":6.218,"LOCI_URI21":"http://linked.data.gov.au/dataset/asgsed3/SAL/10864","SHAPE_Leng":0.11383914622,"SHAPE_Area":0.000605998723347}},
{"type":"Feature","geometry":{"type":"Polygon","coordinates":[[[150.8537,-33.8631],[150.8292,-33.8599],[150.8281,-33.8572],[150.82,-33.8535],[150.8151,-33.8794],[150.8127,-33.8906],[150.8139,-33.8935],[150.8247,-33.9098],[150.8308,-33.9107],[150.8358,-33.9114],[150.838,-33.9092],[150.8373,-33.905],[150.8441,-33.9016],[150.8409,-33.8994],[150.8418,-33.8953],[150.8405,-33.8965],[150.8357,-33.8956],[150.8274,-33.8922],[150.8252,-33.8905],[150.824,-33.8789],[150.8286,-33.8756],[150.8338,-33.8757],[150.8391,-33.8747],[150.8425,-33.8762],[150.8524,-33.8696],[150.8537,-33.8631]]]},"properties":{"SAL_CODE21":"10865","SAL_NAME21":"Cecil Park","STE_CODE21":"1","STE_NAME21":"New South Wales","AUS_CODE21":"AUS","AUS_NAME21":"Australia","AREASQKM21":10.9759,"LOCI_URI21":"http://linked.data.gov.au/dataset/asgsed3/SAL/10865","SHAPE_Leng":0.209673829089,"SHAPE_Area":0.00106959822217}},
{"type":"Feature","geometry":{"type":"Polygon","coordinates":[[[151.2073,-33.1333],[151.2155,-33.1345],[151.2141,-33.1412],[151.2117,-33.1428],[151.2093,-33.1474],[151.2126,-33.1485],[151.212,-33.1514],[151.216,-33.1519],[151.2132,-33.1655],[151.2169,-33.166],[151.2187,-33.163],[151.2245,-33.1638],[151.2235,-33.1689],[151.2214,-33.1686],[151.2203,-33.1746],[151.2259,-33.1754],[151.2238,-33.1859],[151.2402,-33.184],[151.2448,-33.1874],[151.244,-33.1923],[151.2493,-33.193],[151.2562,-33.1922],[151.2654,-33.1991],[151.2702,-33.2],[151.2807,-33.2],[151.2801,-33.1962],[151.2825,-33.1935],[151.2823,-33.1904],[151.2835,-33.1844],[151.2834,-33.1798],[151.2865,-33.1803],[151.2866,-33.1742],[151.2839,-33.1738],[151.2851,-33.1681],[151.2908,-33.1636],[151.2885,-33.1585],[151.2764,-33.1569],[151.2668,-33.1286],[151.2596,-33.1277],[151.2589,-33.1313],[151.2418,-33.129],[151.228,-33.1275],[151.2285,-33.1255],[151.2188,-33.1241],[151.2182,-33.1295],[151.2137,-33.1293],[151.2073,-33.1333]]]},"properties":{"SAL_CODE21":"10866","SAL_NAME21":"Cedar Brush Creek","STE_CODE21":"1","STE_NAME21":"New South Wales","AUS_CODE21":"AUS","AUS_NAME21":"Australia","AREASQKM21":40.681,"LOCI_URI21":"http://linked.data.gov.au/dataset/asgsed3/SAL/10866","SHAPE_Leng":0.344950744436,"SHAPE_Area":0.00393213059583}},
{"type":"Feature","geometry":{"type":"Polygon","coordinates":[[[151.2409,-33.8899],[151.2373,-33.8907],[151.2337,-33.8896],[151.2289,-33.8894],[151.2294,-33.8943],[151.2226,-33.9013],[151.2268,-33.9045],[151.2311,-33.9063],[151.2386,-33.9032],[151.2416,-33.9027],[151.2425,-33.8977],[151.2409,-33.8947],[151.2409,-33.8899]]]},"properties":{"SAL_CODE21":"10872","SAL_NAME21":"Centennial Park (NSW)","STE_CODE21":"1","STE_NAME21":"New South Wales","AUS_CODE21":"AUS","AUS_NAME21":"Australia","AREASQKM21":2.2295,"LOCI_URI21":"http://linked.data.gov.au/dataset/asgsed3/SAL/10872","SHAPE_Leng":0.0662742431958,"SHAPE_Area":0.000217305476355}},
{"type":"Feature","geometry":{"type":"Polygon","coordinates":[[[150.7384,-33.4366],[150.7422,-33.4362],[150.7455,-33.4373],[150.7475,-33.436],[150.7512,-33.4377],[150.7566,-33.4351],[150.7618,-33.434],[150.7687,-33.4291],[150.7684,-33.4267],[150.7726,-33.4263],[150.777,-33.4293],[150.776,-33.4365],[150.7853,-33.4378],[150.7936,-33.4385],[150.7951,-33.4307],[150.7965,-33.4304],[150.801,-33.4248],[150.8071,-33.4279],[150.8094,-33.4246],[150.8138,-33.425],[150.8047,-33.4198],[150.7978,-33.4168],[150.7956,-33.4168],[150.7931,-33.4201],[150.7914,-33.4274],[150.7873,-33.4266],[150.7866,-33.423],[150.7863,-33.4141],[150.7836,-33.4107],[150.7773,-33.4072],[150.7725,-33.4076],[150.7653,-33.4116],[150.7617,-33.4121],[150.7576,-33.4146],[150.7463,-33.4234],[150.7458,-33.4261],[150.7399,-33.43],[150.7384,-33.4331],[150.7384,-33.4366]]]},"properties":{"SAL_CODE21":"10873","SAL_NAME21":"Central Colo","STE_CODE21":"1","STE_NAME21":"New South Wales","AUS_CODE21":"AUS","AUS_NAME21":"Australia","AREASQKM21":11.7639,"LOCI_URI21":"http://linked.data.gov.au/dataset/asgsed3/SAL/10873","SHAPE_Leng":0.222293786885,"SHAPE_Area":0.00114043756738}},
{"type":"Feature","geometry":{"type":"Polygon","coordinates":[[[150.9726,-33.3158],[150.9683,-33.3159],[150.9626,-33.3173],[150.9513,-33.3161],[150.9508,-33.3192],[150.9554,-33.3199],[150.9549,-33.3227],[150.9581,-33.325],[150.9568,-33.3297],[150.955,-33.3301],[150.9507,-33.3376],[150.9473,-33.3363],[150.945,-33.3385],[150.9476,-33.3421],[150.9511,-33.3447],[150.9497,-33.3466],[150.9718,-33.3501],[150.9746,-33.3436],[150.9831,-33.3462],[150.9812,-33.3498],[150.9891,-33.3551],[150.9921,-33.3559],[150.9952,-33.3544],[150.9985,-33.3552],[150.9996,-33.3511],[151.0016,-33.3503],[151,-33.3478],[150.9967,-33.3463],[150.9938,-33.3421],[150.9902,-33.335],[150.9925,-33.3262],[150.9873,-33.3234],[150.9851,-33.3207],[150.9789,-33.3234],[150.9726,-33.3158]]]},"properties":{"SAL_CODE21":"10874","SAL_NAME21":"Central Macdonald","STE_CODE21":"1","STE_NAME21":"New South Wales","AUS_CODE21":"AUS","AUS_NAME21":"Australia","AREASQKM21":12.9265,"LOCI_URI21":"http://linked.data.gov.au/dataset/asgsed3/SAL/10874","SHAPE_Leng":0.201685192137,"SHAPE_Area":0.0012518966063}},
{"type":"Feature","geometry":{"type":"Polygon","coordinates":[[[151.2405,-33.2578],[151.2379,-33.271],[151.2325,-33.2703],[151.2334,-33.2651],[151.2269,-33.2642],[151.2236,-33.271],[151.2219,-33.2708],[151.2197,-33.279],[151.2236,-33.2805],[151.222,-33.2862],[151.2222,-33.2919],[151.2249,-33.2962],[151.2227,-33.3076],[151.2243,-33.3091],[151.2361,-33.3105],[151.2457,-33.3068],[151.2481,-33.3065],[151.2564,-33.31],[151.2615,-33.3103],[151.2813,-33.313],[151.2825,-33.3073],[151.2813,-33.3026],[151.2792,-33.3],[151.2813,-33.2985],[151.2812,-33.2952],[151.2787,-33.2933],[151.2742,-33.2878],[151.2635,-33.2884],[151.2648,-33.2855],[151.2631,-33.2753],[151.2593,-33.2702],[151.2564,-33.269],[151.2577,-33.2666],[151.2535,-33.2612],[151.2527,-33.2586],[151.2405,-33.2578]]]},"properties":{"SAL_CODE21":"10875","SAL_NAME21":"Central Mangrove","STE_CODE21":"1","STE_NAME21":"New South Wales","AUS_CODE21":"AUS","AUS_NAME21":"Australia","AREASQKM21":23.0073,"LOCI_URI21":"http://linked.data.gov.au/dataset/asgsed3/SAL/10875","SHAPE_Leng":0.254837134767,"SHAPE_Area":0.0022270227018}},
{"type":"Feature","geometry":{"type":"Polygon","coordinates":[[[151.5684,-33.1515],[151.5719,-33.1548],[151.5715,-33.1581],[151.5664,-33.1637],[151.569,-33.1709],[151.5676,-33.1751],[151.5606,-33.1727],[151.558,-33.1781],[151.57,-33.18],[151.5817,-33.179],[151.5802,-33.1741],[151.5874,-33.1727],[151.588,-33.162],[151.5823,-33.1517],[151.578,-33.1484],[151.5747,-33.148],[151.5711,-33.1475],[151.5684,-33.1515]]]},"properties":{"SAL_CODE21":"10879","SAL_NAME21":"Chain Valley Bay","STE_CODE21":"1","STE_NAME21":"New South Wales","AUS_CODE21":"AUS","AUS_NAME21":"Australia","AREASQKM21":5.5977,"LOCI_URI21":"http://linked.data.gov.au/dataset/asgsed3/SAL/10879","SHAPE_Leng":0.125913692705,"SHAPE_Area":0.000541093207143}},
{"type":"Feature","geometry":{"type":"Polygon","coordinates":[[[151.4903,-33.2079],[151.4883,-33.2084],[151.4876,-33.2086],[151.4849,-33.2123],[151.4769,-33.2203],[151.4733,-33.2283],[151.4901,-33.2307],[151.4927,-33.2394],[151.4908,-33.2435],[151.4949,-33.2443],[151.4993,-33.2386],[151.5116,-33.2404],[151.5125,-33.2393],[151.507,-33.2321],[151.5071,-33.2245],[151.5086,-33.2226],[151.5133,-33.2208],[151.5076,-33.218],[151.5045,-33.2171],[151.4968,-33.2177],[151.4921,-33.2168],[151.4947,-33.214],[151.4936,-33.2093],[151.4903,-33.2079]]]},"properties":{"SAL_CODE21":"10888","SAL_NAME21":"Charmhaven","STE_CODE21":"1","STE_NAME21":"New South Wales","AUS_CODE21":"AUS","AUS_NAME21":"Australia","AREASQKM21":7.0685,"LOCI_URI21":"http://linked.data.gov.au/dataset/asgsed3/SAL/10888","SHAPE_Leng":0.155331461296,"SHAPE_Area":0.000683681556256}},
{"type":"Feature","geometry":{"type":"Polygon","coordinates":[[[151.1915,-33.802],[151.1944,-33.7998],[151.1952,-33.793],[151.203,-33.7902],[151.2018,-33.7874],[151.2007,-33.7849],[151.1971,-33.7848],[151.195,-33.7865],[151.1805,-33.791],[151.1801,-33.7892],[151.1724,-33.7916],[151.1704,-33.7906],[151.1664,-33.792],[151.167,-33.7953],[151.1637,-33.7989],[151.159,-33.7989],[151.1607,-33.8024],[151.1676,-33.8041],[151.1714,-33.807],[151.1793,-33.8054],[151.1874,-33.8014],[151.1915,-33.802]]]},"properties":{"SAL_CODE21":"10891","SAL_NAME21":"Chatswood","STE_CODE21":"1","STE_NAME21":"New South Wales","AUS_CODE21":"AUS","AUS_NAME21":"Australia","AREASQKM21":5.0097,"LOCI_URI21":"http://linked.data.gov.au/dataset/asgsed3/SAL/10891","SHAPE_Leng":0.134998404971,"SHAPE_Area":0.00048776753694}},
{"type":"Feature","geometry":{"type":"Polygon","coordinates":[[[151.1664,-33.792],[151.1624,-33.7913],[151.1568,-33.7921],[151.1545,-33.7933],[151.1543,-33.8005],[151.159,-33.7989],[151.1637,-33.7989],[151.167,-33.7953],[151.1664,-33.792]]]},"properties":{"SAL_CODE21":"10892","SAL_NAME21":"Chatswood West","STE_CODE21":"1","STE_NAME21":"New South Wales","AUS_CODE21":"AUS","AUS_NAME21":"Australia","AREASQKM21":0.8099,"LOCI_URI21":"http://linked.data.gov.au/dataset/asgsed3/SAL/10892","SHAPE_Leng":0.0515612108987,"SHAPE_Area":0.0000788469979331}},
{"type":"Feature","geometry":{"type":"Polygon","coordinates":[[[151.1953,-33.5141],[151.1936,-33.512],[151.1946,-33.5086],[151.1914,-33.5081],[151.1921,-33.5128],[151.1953,-33.5141]]]},"properties":{"SAL_CODE21":"10894","SAL_NAME21":"Cheero Point","STE_CODE21":"1","STE_NAME21":"New South Wales","AUS_CODE21":"AUS","AUS_NAME21":"Australia","AREASQKM21":0.18,"LOCI_URI21":"http://linked.data.gov.au/dataset/asgsed3/SAL/10894","SHAPE_Leng":0.0244761929737,"SHAPE_Area":0.0000174614884743}},
{"type":"Feature","geometry":{"type":"Polygon","coordinates":[[[151.0683,-33.7606],[151.0707,-33.7618],[151.0836,-33.7642],[151.0829,-33.7611],[151.0856,-33.7536],[151.0889,-33.7528],[151.0825,-33.7491],[151.0801,-33.7501],[151.0781,-33.7507],[151.0713,-33.7564],[151.0683,-33.7606]]]},"properties":{"SAL_CODE21":"10895","SAL_NAME21":"Cheltenham (NSW)","STE_CODE21":"1","STE_NAME21":"New South Wales","AUS_CODE21":"AUS","AUS_NAME21":"Australia","AREASQKM21":1.6535,"LOCI_URI21":"http://linked.data.gov.au/dataset/asgsed3/SAL/10895","SHAPE_Leng":0.065935951272,"SHAPE_Area":0.000160889514431}},
{"type":"Feature","geometry":{"type":"Polygon","coordinates":[[[151.0248,-33.7322],[151.0272,-33.7329],[151.0327,-33.7381],[151.0369,-33.7396],[151.0406,-33.7382],[151.0476,-33.7371],[151.0486,-33.7333],[151.0543,-33.7325],[151.0587,-33.7313],[151.0595,-33.7283],[151.0568,-33.7252],[151.0581,-33.7192],[151.0626,-33.7122],[151.0671,-33.7094],[151.0671,-33.704],[151.0589,-33.704],[151.0548,-33.7067],[151.0478,-33.7064],[151.0443,-33.7091],[151.0446,-33.7113],[151.0386,-33.7123],[151.0342,-33.7153],[151.0339,-33.7191],[151.0319,-33.7203],[151.031,-33.7257],[151.0297,-33.7261],[151.0248,-33.7322]]]},"properties":{"SAL_CODE21":"10897","SAL_NAME21":"Cherrybrook","STE_CODE21":"1","STE_NAME21":"New South Wales","AUS_CODE21":"AUS","AUS_NAME21":"Australia","AREASQKM21":8.2603,"LOCI_URI21":"http://linked.data.gov.au/dataset/asgsed3/SAL/10897","SHAPE_Leng":0.146166783099,"SHAPE_Area":0.00080345332052}},
{"type":"Feature","geometry":{"type":"Polygon","coordinates":[[[151.0132,-33.8696],[151.0075,-33.8713],[151.0038,-33.8707],[151.0034,-33.8731],[150.9947,-33.8683],[150.9905,-33.8641],[150.9855,-33.8705],[150.9814,-33.8761],[150.9887,-33.8725],[150.9936,-33.8736],[150.9944,-33.8765],[150.9924,-33.8884],[150.9952,-33.8912],[151.0015,-33.8926],[151.0045,-33.8955],[151.0082,-33.8758],[151.0132,-33.8784],[151.0121,-33.8747],[151.0132,-33.8696]]]},"properties":{"SAL_CODE21":"10898","SAL_NAME21":"Chester Hill","STE_CODE21":"1","STE_NAME21":"New South Wales","AUS_CODE21":"AUS","AUS_NAME21":"Australia","AREASQKM21":3.976,"LOCI_URI21":"http://linked.data.gov.au/dataset/asgsed3/SAL/10898","SHAPE_Leng":0.130279607733,"SHAPE_Area":0.000387384439461}},
{"type":"Feature","geometry":{"type":"Polygon","coordinates":[[[151.2462,-33.9635],[151.2382,-33.962],[151.2375,-33.9656],[151.233,-33.9682],[151.2365,-33.9734],[151.2367,-33.9758],[151.2405,-33.9766],[151.2426,-33.9744],[151.242,-33.9694],[151.2462,-33.9635]]]},"properties":{"SAL_CODE21":"10900","SAL_NAME21":"Chifley (NSW)","STE_CODE21":"1","STE_NAME21":"New South Wales","AUS_CODE21":"AUS","AUS_NAME21":"Australia","AREASQKM21":1.0566,"LOCI_URI21":"http://linked.data.gov.au/dataset/asgsed3/SAL/10900","SHAPE_Leng":0.0521093190353,"SHAPE_Area":0.000103089210079}},
{"type":"Feature","geometry":{"type":"Polygon","coordinates":[[[151.1932,-33.8877],[151.1989,-33.8886],[151.2018,-33.889],[151.2068,-33.8858],[151.2029,-33.8838],[151.1949,-33.8844],[151.1932,-33.8877]]]},"properties":{"SAL_CODE21":"10906","SAL_NAME21":"Chippendale","STE_CODE21":"1","STE_NAME21":"New South Wales","AUS_CODE21":"AUS","AUS_NAME21":"Australia","AREASQKM21":0.4642,"LOCI_URI21":"http://linked.data.gov.au/dataset/asgsed3/SAL/10906","SHAPE_Leng":0.0335170320091,"SHAPE_Area":0.0000452090358555}},
{"type":"Feature","geometry":{"type":"Polygon","coordinates":[[[150.9739,-33.9155],[150.9735,-33.9099],[150.9681,-33.9108],[150.9601,-33.9046],[150.9665,-33.9005],[150.964,-33.899],[150.9594,-33.8989],[150.9498,-33.9054],[150.9488,-33.9089],[150.9523,-33.9187],[150.9505,-33.9212],[150.9428,-33.9232],[150.9358,-33.9226],[150.9346,-33.9242],[150.9354,-33.9287],[150.9425,-33.9292],[150.9689,-33.9285],[150.9686,-33.9311],[150.9736,-33.9289],[150.979,-33.9293],[150.9753,-33.9224],[150.9739,-33.9155]]]},"properties":{"SAL_CODE21":"10907","SAL_NAME21":"Chipping Norton","STE_CODE21":"1","STE_NAME21":"New South Wales","AUS_CODE21":"AUS","AUS_NAME21":"Australia","AREASQKM21":7.1332,"LOCI_URI21":"http://linked.data.gov.au/dataset/asgsed3/SAL/10907","SHAPE_Leng":0.154712914366,"SHAPE_Area":0.000695447828803}},
{"type":"Feature","geometry":{"type":"Polygon","coordinates":[[[151.1376,-33.8538],[151.1409,-33.8531],[151.1436,-33.8483],[151.142,-33.8458],[151.1334,-33.8494],[151.1317,-33.8516],[151.1376,-33.8538]]]},"properties":{"SAL_CODE21":"10909","SAL_NAME21":"Chiswick","STE_CODE21":"1","STE_NAME21":"New South Wales","AUS_CODE21":"AUS","AUS_NAME21":"Australia","AREASQKM21":0.5136,"LOCI_URI21":"http://linked.data.gov.au/dataset/asgsed3/SAL/10909","SHAPE_Leng":0.0344217914636,"SHAPE_Area":0.0000500035809196}},
{"type":"Feature","geometry":{"type":"Polygon","coordinates":[[[151.4414,-33.3307],[151.446,-33.3269],[151.4549,-33.3253],[151.4634,-33.3281],[151.4529,-33.3241],[151.4473,-33.324],[151.4418,-33.3252],[151.4372,-33.3229],[151.4278,-33.3253],[151.429,-33.3287],[151.4414,-33.3307]]]},"properties":{"SAL_CODE21":"10910","SAL_NAME21":"Chittaway Bay","STE_CODE21":"1","STE_NAME21":"New South Wales","AUS_CODE21":"AUS","AUS_NAME21":"Australia","AREASQKM21":1.1157,"LOCI_URI21":"http://linked.data.gov.au/dataset/asgsed3/SAL/10910","SHAPE_Leng":0.080023526544,"SHAPE_Area":0.000108056645012}},
{"type":"Feature","geometry":{"type":"Polygon","coordinates":[[[151.4634,-33.3281],[151.4654,-33.3264],[151.458,-33.3235],[151.4548,-33.3233],[151.449,-33.3199],[151.4472,-33.3169],[151.4409,-33.3153],[151.4348,-33.3177],[151.4338,-33.3224],[151.4278,-33.3253],[151.4372,-33.3229],[151.4418,-33.3252],[151.4473,-33.324],[151.4529,-33.3241],[151.4634,-33.3281]]]},"properties":{"SAL_CODE21":"10911","SAL_NAME21":"Chittaway Point","STE_CODE21":"1","STE_NAME21":"New South Wales","AUS_CODE21":"AUS","AUS_NAME21":"Australia","AREASQKM21":1.6236,"LOCI_URI21":"http://linked.data.gov.au/dataset/asgsed3/SAL/10911","SHAPE_Leng":0.103875667743,"SHAPE_Area":0.000157218144631}},
{"type":"Feature","geometry":{"type":"Polygon","coordinates":[[[151.052,-33.8852],[151.0495,-33.8871],[151.0394,-33.8877],[151.0386,-33.8919],[151.0379,-33.8991],[151.0453,-33.901],[151.0499,-33.8968],[151.0589,-33.8904],[151.0551,-33.8886],[151.055,-33.8863],[151.0586,-33.8843],[151.052,-33.8852]]]},"properties":{"SAL_CODE21":"10913","SAL_NAME21":"Chullora","STE_CODE21":"1","STE_NAME21":"New South Wales","AUS_CODE21":"AUS","AUS_NAME21":"Australia","AREASQKM21":1.9887,"LOCI_URI21":"http://linked.data.gov.au/dataset/asgsed3/SAL/10913","SHAPE_Leng":0.0738551369241,"SHAPE_Area":0.000193823223574}},
{"type":"Feature","geometry":{"type":"Polygon","coordinates":[[[151.289,-33.6532],[151.2869,-33.6499],[151.2873,-33.6478],[151.2847,-33.6444],[151.2803,-33.6458],[151.2745,-33.6568],[151.2725,-33.659],[151.273,-33.6591],[151.2776,-33.6535],[151.2818,-33.6549],[151.2871,-33.6548],[151.289,-33.6532]]]},"properties":{"SAL_CODE21":"10914","SAL_NAME21":"Church Point","STE_CODE21":"1","STE_NAME21":"New South Wales","AUS_CODE21":"AUS","AUS_NAME21":"Australia","AREASQKM21":0.7212,"LOCI_URI21":"http://linked.data.gov.au/dataset/asgsed3/SAL/10914","SHAPE_Leng":0.103805850511,"SHAPE_Area":0.0000700783560558}},
{"type":"Feature","geometry":{"type":"Polygon","coordinates":[[[150.7407,-33.7776],[150.7395,-33.783],[150.7529,-33.7828],[150.7651,-33.7834],[150.7666,-33.7809],[150.7624,-33.7795],[150.7591,-33.7765],[150.7606,-33.7707],[150.7622,-33.7693],[150.7459,-33.7652],[150.7432,-33.7761],[150.7407,-33.7776]]]},"properties":{"SAL_CODE21":"10917","SAL_NAME21":"Claremont Meadows","STE_CODE21":"1","STE_NAME21":"New South Wales","AUS_CODE21":"AUS","AUS_NAME21":"Australia","AREASQKM21":3.0397,"LOCI_URI21":"http://linked.data.gov.au/dataset/asgsed3/SAL/10917","SHAPE_Leng":0.0851339322095,"SHAPE_Area":0.000295866921955}},
{"type":"Feature","geometry":{"type":"Polygon","coordinates":[[[150.8026,-33.6122],[150.8032,-33.6073],[150.8011,-33.6053],[150.8045,-33.6022],[150.8011,-33.5984],[150.8001,-33.5956],[150.7881,-33.596],[150.7895,-33.5981],[150.7989,-33.6071],[150.7986,-33.6087],[150.7938,-33.6091],[150.7854,-33.607],[150.7819,-33.6069],[150.7745,-33.6099],[150.7817,-33.616],[150.7804,-33.6215],[150.7814,-33.6283],[150.7844,-33.6311],[150.7891,-33.6283],[150.7902,-33.624],[150.7948,-33.6208],[150.7947,-33.6181],[150.8003,-33.617],[150.7998,-33.6137],[150.8026,-33.6122]]]},"properties":{"SAL_CODE21":"10920","SAL_NAME21":"Clarendon (NSW)","STE_CODE21":"1","STE_NAME21":"New South Wales","AUS_CODE21":"AUS","AUS_NAME21":"Australia","AREASQKM21":4.7203,"LOCI_URI21":"http://linked.data.gov.au/dataset/asgsed3/SAL/10920","SHAPE_Leng":0.149692715988,"SHAPE_Area":0.000458595745511}},
{"type":"Feature","geometry":{"type":"Polygon","coordinates":[[[151.3148,-33.63],[151.3111,-33.6349],[151.3064,-33.6354],[151.3067,-33.6408],[151.3055,-33.6436],[151.3076,-33.644],[151.3087,-33.6409],[151.3123,-33.6383],[151.3124,-33.6353],[151.3169,-33.6322],[151.3148,-33.63]]]},"properties":{"SAL_CODE21":"10922","SAL_NAME21":"Clareville","STE_CODE21":"1","STE_NAME21":"New South Wales","AUS_CODE21":"AUS","AUS_NAME21":"Australia","AREASQKM21":0.5039,"LOCI_URI21":"http://linked.data.gov.au/dataset/asgsed3/SAL/10922","SHAPE_Leng":0.0589625127573,"SHAPE_Area":0.000048964996684}},
{"type":"Feature","geometry":{"type":"Polygon","coordinates":[[[150.8079,-34.0531],[150.8082,-34.0533],[150.8154,-34.0498],[150.8216,-34.043],[150.8098,-34.041],[150.8043,-34.0424],[150.8025,-34.047],[150.8079,-34.0531]]]},"properties":{"SAL_CODE21":"10923","SAL_NAME21":"Claymore","STE_CODE21":"1","STE_NAME21":"New South Wales","AUS_CODE21":"AUS","AUS_NAME21":"Australia","AREASQKM21":1.4204,"LOCI_URI21":"http://linked.data.gov.au/dataset/asgsed3/SAL/10923","SHAPE_Leng":0.0501342051215,"SHAPE_Area":0.000138678003787}},
{"type":"Feature","geometry":{"type":"Polygon","coordinates":[[[151.0989,-33.9288],[151.1085,-33.9278],[151.1073,-33.9227],[151.1024,-33.9237],[151.1016,-33.9267],[151.0977,-33.9273],[151.0989,-33.9288]]]},"properties":{"SAL_CODE21":"10927","SAL_NAME21":"Clemton Park","STE_CODE21":"1","STE_NAME21":"New South Wales","AUS_CODE21":"AUS","AUS_NAME21":"Australia","AREASQKM21":0.3692,"LOCI_URI21":"http://linked.data.gov.au/dataset/asgsed3/SAL/10927","SHAPE_Leng":0.0328008876169,"SHAPE_Area":0.0000360157569014}},
{"type":"Feature","geometry":{"type":"Polygon","coordinates":[[[151.2524,-33.7979],[151.2503,-33.8002],[151.253,-33.8055],[151.2515,-33.8078],[151.2537,-33.8105],[151.2592,-33.8118],[151.261,-33.8152],[151.2634,-33.8149],[151.2638,-33.8126],[151.2618,-33.8097],[151.256,-33.8077],[151.2567,-33.8004],[151.2531,-33.8001],[151.2524,-33.7979]]]},"properties":{"SAL_CODE21":"10934","SAL_NAME21":"Clontarf (NSW)","STE_CODE21":"1","STE_NAME21":"New South Wales","AUS_CODE21":"AUS","AUS_NAME21":"Australia","AREASQKM21":0.8597,"LOCI_URI21":"http://linked.data.gov.au/dataset/asgsed3/SAL/10934","SHAPE_Leng":0.0667523704448,"SHAPE_Area":0.0000836872064014}},
{"type":"Feature","geometry":{"type":"Polygon","coordinates":[[[151.2596,-33.9079],[151.2542,-33.9067],[151.2542,-33.9115],[151.2599,-33.9124],[151.2624,-33.9148],[151.267,-33.9163],[151.2714,-33.9142],[151.2707,-33.911],[151.2634,-33.91],[151.2596,-33.9079]]]},"properties":{"SAL_CODE21":"10937","SAL_NAME21":"Clovelly","STE_CODE21":"1","STE_NAME21":"New South Wales","AUS_CODE21":"AUS","AUS_NAME21":"Australia","AREASQKM21":0.7859,"LOCI_URI21":"http://linked.data.gov.au/dataset/asgsed3/SAL/10937","SHAPE_Leng":0.0535379133213,"SHAPE_Area":0.0000766331010228}},
{"type":"Feature","geometry":{"type":"Polygon","coordinates":[[[151.03,-33.8352],[151.0285,-33.8346],[151.0256,-33.8294],[151.0205,-33.8297],[151.0163,-33.8326],[151.0158,-33.8353],[151.0192,-33.8373],[151.0244,-33.8344],[151.03,-33.8352]]]},"properties":{"SAL_CODE21":"10940","SAL_NAME21":"Clyde (NSW)","STE_CODE21":"1","STE_NAME21":"New South Wales","AUS_CODE21":"AUS","AUS_NAME21":"Australia","AREASQKM21":0.6718,"LOCI_URI21":"http://linked.data.gov.au/dataset/asgsed3/SAL/10940","SHAPE_Leng":0.0387245735961,"SHAPE_Area":0.0000654177397247}},
{"type":"Feature","geometry":{"type":"Polygon","coordinates":[[[151.3026,-33.6025],[151.2945,-33.6061],[151.2965,-33.607],[151.3011,-33.6051],[151.3026,-33.6025]]]},"properties":{"SAL_CODE21":"10945","SAL_NAME21":"Coasters Retreat","STE_CODE21":"1","STE_NAME21":"New South Wales","AUS_CODE21":"AUS","AUS_NAME21":"Australia","AREASQKM21":0.1163,"LOCI_URI21":"http://linked.data.gov.au/dataset/asgsed3/SAL/10945","SHAPE_Leng":0.0234136496287,"SHAPE_Area":0.0000112944935299}},
{"type":"Feature","geometry":{"type":"Polygon","coordinates":[[[150.7002,-33.9466],[150.6882,-33.945],[150.6832,-33.9468],[150.6779,-33.9475],[150.6742,-33.9467],[150.6655,-33.9478],[150.6571,-33.9533],[150.6551,-33.9572],[150.6501,-33.9595],[150.6438,-33.9598],[150.6356,-33.9556],[150.6326,-33.9534],[150.6296,-33.9571],[150.6301,-33.9586],[150.6278,-33.9697],[150.6296,-33.9729],[150.6386,-33.9758],[150.6449,-33.9793],[150.6498,-33.9846],[150.6557,-33.9861],[150.6686,-33.9854],[150.6709,-33.9885],[150.6698,-33.9915],[150.661,-34],[150.6511,-34.0068],[150.6501,-34.0113],[150.6516,-34.0161],[150.6559,-34.0198],[150.6572,-34.0223],[150.6607,-34.0271],[150.6672,-34.028],[150.6705,-34.0263],[150.6778,-34.0257],[150.6846,-34.0201],[150.6885,-34.0196],[150.6919,-34.0214],[150.6922,-34.027],[150.6875,-34.0297],[150.6802,-34.0361],[150.6773,-34.0428],[150.678,-34.0488],[150.6821,-34.0509],[150.6858,-34.0497],[150.688,-34.0483],[150.6946,-34.0412],[150.7057,-34.032],[150.7102,-34.0253],[150.711,-34.0197],[150.7094,-34.0149],[150.7167,-34.0135],[150.7241,-34.0144],[150.7244,-34.0118],[150.7226,-34.0024],[150.7232,-33.9998],[150.7263,-33.9949],[150.7321,-33.9891],[150.7229,-33.9865],[150.7231,-33.9853],[150.6953,-33.9815],[150.6986,-33.9642],[150.6973,-33.9616],[150.6967,-33.9539],[150.7002,-33.9466]]]},"properties":{"SAL_CODE21":"10953","SAL_NAME21":"Cobbitty","STE_CODE21":"1","STE_NAME21":"New South Wales","AUS_CODE21":"AUS","AUS_NAME21":"Australia","AREASQKM21":52.1638,"LOCI_URI21":"http://linked.data.gov.au/dataset/asgsed3/SAL/10953","SHAPE_Leng":0.460113915195,"SHAPE_Area":0.00508985103987}},
{"type":"Feature","geometry":{"type":"Polygon","coordinates":[[[151.2285,-33.5301],[151.2307,-33.5225],[151.2271,-33.522],[151.2276,-33.518],[151.2191,-33.5172],[151.2182,-33.5223],[151.2228,-33.5206],[151.2275,-33.5229],[151.227,-33.5268],[151.2285,-33.5301]]]},"properties":{"SAL_CODE21":"10961","SAL_NAME21":"Cogra Bay","STE_CODE21":"1","STE_NAME21":"New South Wales","AUS_CODE21":"AUS","AUS_NAME21":"Australia","AREASQKM21":0.566,"LOCI_URI21":"http://linked.data.gov.au/dataset/asgsed3/SAL/10961","SHAPE_Leng":0.0528737447144,"SHAPE_Area":0.0000549313274378}},
{"type":"Feature","geometry":{"type":"Polygon","coordinates":[[[150.8487,-33.733],[150.8513,-33.7306],[150.8557,-33.7292],[150.8599,-33.7307],[150.8704,-33.7328],[150.8724,-33.7289],[150.8666,-33.7261],[150.868,-33.7221],[150.8641,-33.7193],[150.865,-33.7164],[150.8545,-33.7159],[150.8519,-33.7164],[150.8443,-33.7177],[150.8445,-33.7257],[150.8455,-33.7285],[150.846,-33.7294],[150.8487,-33.733]]]},"properties":{"SAL_CODE21":"10965","SAL_NAME21":"Colebee","STE_CODE21":"1","STE_NAME21":"New South Wales","AUS_CODE21":"AUS","AUS_NAME21":"Australia","AREASQKM21":3.4761,"LOCI_URI21":"http://linked.data.gov.au/dataset/asgsed3/SAL/10965","SHAPE_Leng":0.0908560872341,"SHAPE_Area":0.000338156699974}},
{"type":"Feature","geometry":{"type":"Polygon","coordinates":[[[151.2914,-33.7466],[151.2976,-33.7453],[151.3038,-33.7461],[151.3111,-33.7431],[151.3166,-33.7424],[151.3137,-33.7389],[151.3068,-33.738],[151.3056,-33.7346],[151.3017,-33.7313],[151.2999,-33.725],[151.294,-33.7242],[151.2961,-33.7287],[151.2967,-33.7342],[151.292,-33.736],[151.2907,-33.7391],[151.2896,-33.7413],[151.2917,-33.7413],[151.2943,-33.7451],[151.2914,-33.7466]]]},"properties":{"SAL_CODE21":"10970","SAL_NAME21":"Collaroy (NSW)","STE_CODE21":"1","STE_NAME21":"New South Wales","AUS_CODE21":"AUS","AUS_NAME21":"Australia","AREASQKM21":2.6786,"LOCI_URI21":"http://linked.data.gov.au/dataset/asgsed3/SAL/10970","SHAPE_Leng":0.108621502537,"SHAPE_Area":0.00026061157781}},
{"type":"Feature","geometry":{"type":"Polygon","coordinates":[[[151.294,-33.7242],[151.2875,-33.7233],[151.2871,-33.7247],[151.2859,-33.7307],[151.2823,-33.7324],[151.2861,-33.7333],[151.2907,-33.7391],[151.292,-33.736],[151.2967,-33.7342],[151.2961,-33.7287],[151.294,-33.7242]]]},"properties":{"SAL_CODE21":"10971","SAL_NAME21":"Collaroy Plateau","STE_CODE21":"1","STE_NAME21":"New South Wales","AUS_CODE21":"AUS","AUS_NAME21":"Australia","AREASQKM21":1.2202,"LOCI_URI21":"http://linked.data.gov.au/dataset/asgsed3/SAL/10971","SHAPE_Leng":0.0626596508168,"SHAPE_Area":0.000118697366111}},
{"type":"Feature","geometry":{"type":"Polygon","coordinates":[[[150.8309,-33.4333],[150.8342,-33.4288],[150.8317,-33.4252],[150.8244,-33.4191],[150.8232,-33.4161],[150.8208,-33.4195],[150.8175,-33.4191],[150.817,-33.4166],[150.8194,-33.4077],[150.8145,-33.4085],[150.8073,-33.4076],[150.8083,-33.4008],[150.8018,-33.4],[150.8021,-33.3983],[150.7942,-33.3973],[150.7936,-33.4013],[150.8015,-33.4022],[150.8004,-33.4138],[150.7974,-33.4149],[150.7936,-33.4132],[150.7845,-33.4071],[150.7837,-33.4049],[150.7779,-33.4037],[150.7773,-33.4072],[150.7836,-33.4107],[150.7863,-33.4141],[150.7866,-33.423],[150.7873,-33.4266],[150.7914,-33.4274],[150.7931,-33.4201],[150.7956,-33.4168],[150.7978,-33.4168],[150.8047,-33.4198],[150.8138,-33.425],[150.827,-33.4319],[150.8252,-33.4344],[150.8286,-33.4357],[150.8309,-33.4333]]]},"properties":{"SAL_CODE21":"10983","SAL_NAME21":"Colo (Hawkesbury - NSW)","STE_CODE21":"1","STE_NAME21":"New South Wales","AUS_CODE21":"AUS","AUS_NAME21":"Australia","AREASQKM21":6.9034,"LOCI_URI21":"http://linked.data.gov.au/dataset/asgsed3/SAL/10983","SHAPE_Leng":0.236028005641,"SHAPE_Area":0.000669190074576}},
{"type":"Feature","geometry":{"type":"Polygon","coordinates":[[[150.6603,-33.3807],[150.6812,-33.3782],[150.7591,-33.3972],[150.7635,-33.4017],[150.7681,-33.4026],[150.7755,-33.4013],[150.7779,-33.4037],[150.7837,-33.4049],[150.7845,-33.4071],[150.7936,-33.4132],[150.7974,-33.4149],[150.8004,-33.4138],[150.8015,-33.4022],[150.7936,-33.4013],[150.7942,-33.3973],[150.8021,-33.3983],[150.8018,-33.4],[150.8083,-33.4008],[150.8073,-33.4076],[150.8145,-33.4085],[150.8194,-33.4077],[150.817,-33.4166],[150.8175,-33.4191],[150.8208,-33.4195],[150.8232,-33.4161],[150.8263,-33.4122],[150.8295,-33.412],[150.834,-33.4138],[150.8348,-33.4097],[150.8398,-33.414],[150.8508,-33.4191],[150.849,-33.4219],[150.8523,-33.4232],[150.8549,-33.4195],[150.8581,-33.4212],[150.8622,-33.4205],[150.8669,-33.4228],[150.8724,-33.4208],[150.8694,-33.4155],[150.8699,-33.4121],[150.8721,-33.4104],[150.8721,-33.4076],[150.8627,-33.4008],[150.862,-33.3982],[150.8701,-33.3994],[150.8715,-33.3926],[150.852,-33.3893],[150.8529,-33.3844],[150.8683,-33.3171],[150.8727,-33.296],[150.8575,-33.2938],[150.8562,-33.2951],[150.8504,-33.2955],[150.8447,-33.2936],[150.842,-33.2948],[150.8384,-33.2928],[150.8379,-33.2892],[150.8351,-33.2877],[150.8331,-33.2908],[150.8287,-33.2927],[150.8271,-33.2906],[150.8239,-33.2907],[150.8173,-33.2892],[150.817,-33.2865],[150.8122,-33.2857],[150.8077,-33.2791],[150.802,-33.2805],[150.7977,-33.2802],[150.7911,-33.2773],[150.7922,-33.2748],[150.7859,-33.2711],[150.7829,-33.271],[150.7802,-33.2729],[150.7726,-33.2729],[150.7724,-33.2704],[150.7698,-33.2674],[150.7655,-33.2669],[150.7571,-33.267],[150.7568,-33.2649],[150.7473,-33.2578],[150.7362,-33.2482],[150.7306,-33.246],[150.7257,-33.2451],[150.7237,-33.2425],[150.7238,-33.2385],[150.7255,-33.2349],[150.7242,-33.2251],[150.7221,-33.2225],[150.7209,-33.2173],[150.7187,-33.2151],[150.7172,-33.2081],[150.7178,-33.2047],[150.7103,-33.2012],[150.7115,-33.1959],[150.7004,-33.1942],[150.7002,-33.1911],[150.6975,-33.1891],[150.6873,-33.1865],[150.6774,-33.1826],[150.6725,-33.1823],[150.6677,-33.1834],[150.66,-33.1816],[150.6548,-33.1826],[150.6428,-33.1804],[150.6364,-33.1804],[150.6263,-33.1853],[150.6192,-33.1866],[150.6151,-33.1855],[150.6107,-33.1869],[150.6041,-33.1865],[150.6023,-33.1842],[150.6031,-33.1796],[150.5996,-33.1752],[150.5994,-33.1712],[150.5972,-33.1674],[150.5856,-33.166],[150.5811,-33.1684],[150.5768,-33.1677],[150.571,-33.1687],[150.5701,-33.1645],[150.5729,-33.1612],[150.5727,-33.1568],[150.5698,-33.1559],[150.5668,-33.1572],[150.5656,-33.1607],[150.5631,-33.1623],[150.5598,-33.161],[150.5541,-33.1627],[150.5547,-33.1682],[150.5521,-33.1711],[150.5554,-33.1743],[150.5549,-33.1778],[150.5524,-33.1837],[150.5486,-33.1838],[150.5436,-33.1855],[150.5426,-33.1888],[150.539,-33.1878],[150.5368,-33.1919],[150.5313,-33.1913],[150.528,-33.194],[150.5279,-33.1965],[150.5308,-33.1993],[150.5306,-33.2022],[150.5341,-33.2115],[150.5395,-33.2131],[150.5438,-33.2183],[150.543,-33.2222],[150.5325,-33.2233],[150.5302,-33.2256],[150.5296,-33.2338],[150.5259,-33.2369],[150.5271,-33.2401],[150.5332,-33.2402],[150.5358,-33.2457],[150.5397,-33.2481],[150.5414,-33.2533],[150.5439,-33.256],[150.5492,-33.2573],[150.5553,-33.2542],[150.5604,-33.2569],[150.5629,-33.264],[150.5621,-33.2662],[150.5554,-33.2654],[150.5532,-33.2678],[150.5524,-33.2718],[150.554,-33.2765],[150.5574,-33.2806],[150.5644,-33.2832],[150.5756,-33.2896],[150.5661,-33.2908],[150.5616,-33.2891],[150.5575,-33.2908],[150.5563,-33.2933],[150.5585,-33.2953],[150.5643,-33.2972],[150.5654,-33.2987],[150.5668,-33.3057],[150.5643,-33.3096],[150.5603,-33.3124],[150.5535,-33.311],[150.551,-33.3119],[150.5515,-33.3153],[150.5542,-33.3183],[150.5615,-33.3206],[150.5694,-33.3206],[150.5746,-33.3224],[150.5806,-33.3207],[150.5838,-33.3219],[150.5856,-33.3253],[150.5822,-33.3294],[150.5832,-33.3325],[150.5893,-33.3355],[150.5913,-33.3374],[150.5906,-33.3426],[150.5884,-33.3436],[150.5828,-33.343],[150.5808,-33.3476],[150.581,-33.3514],[150.5893,-33.3605],[150.5923,-33.3628],[150.6004,-33.3659],[150.611,-33.3718],[150.6172,-33.3738],[150.6258,-33.3744],[150.6274,-33.3781],[150.6308,-33.3816],[150.6349,-33.3834],[150.6377,-33.3832],[150.6424,-33.3807],[150.6601,-33.3731],[150.6644,-33.3734],[150.6653,-33.3753],[150.6603,-33.3807]]]},"properties":{"SAL_CODE21":"10984","SAL_NAME21":"Colo Heights","STE_CODE21":"1","STE_NAME21":"New South Wales","AUS_CODE21":"AUS","AUS_NAME21":"Australia","AREASQKM21":524.0839,"LOCI_URI21":"http://linked.data.gov.au/dataset/asgsed3/SAL/10984","SHAPE_Leng":1.44725420789,"SHAPE_Area":0.0507339621687}},
{"type":"Feature","geometry":{"type":"Polygon","coordinates":[[[151.5411,-33.2288],[151.5423,-33.223],[151.5482,-33.2232],[151.5503,-33.2197],[151.5513,-33.2123],[151.5556,-33.2129],[151.5626,-33.2066],[151.5554,-33.199],[151.5579,-33.1971],[151.5561,-33.1917],[151.5493,-33.1931],[151.5404,-33.1917],[151.533,-33.1918],[151.5301,-33.2057],[151.5277,-33.2084],[151.5334,-33.2163],[151.5355,-33.219],[151.5358,-33.2241],[151.538,-33.2275],[151.5411,-33.2288]]]},"properties":{"SAL_CODE21":"10986","SAL_NAME21":"Colongra","STE_CODE21":"1","STE_NAME21":"New South Wales","AUS_CODE21":"AUS","AUS_NAME21":"Australia","AREASQKM21":7.8931,"LOCI_URI21":"http://linked.data.gov.au/dataset/asgsed3/SAL/10986","SHAPE_Leng":0.134518483228,"SHAPE_Area":0.000763316336953}},
{"type":"Feature","geometry":{"type":"Polygon","coordinates":[[[150.8119,-33.7907],[150.8094,-33.7879],[150.8081,-33.7813],[150.8034,-33.7769],[150.7884,-33.7736],[150.7853,-33.7768],[150.7824,-33.7859],[150.7978,-33.7894],[150.8076,-33.791],[150.8115,-33.7911],[150.8119,-33.7907]]]},"properties":{"SAL_CODE21":"10987","SAL_NAME21":"Colyton","STE_CODE21":"1","STE_NAME21":"New South Wales","AUS_CODE21":"AUS","AUS_NAME21":"Australia","AREASQKM21":3.3644,"LOCI_URI21":"http://linked.data.gov.au/dataset/asgsed3/SAL/10987","SHAPE_Leng":0.090982448071,"SHAPE_Area":0.000327509214101}},
{"type":"Feature","geometry":{"type":"Polygon","coordinates":[[[151.0606,-34.008],[151.0694,-34.0092],[151.0718,-34.008],[151.0724,-34.0063],[151.0702,-34.0023],[151.0709,-33.9973],[151.0689,-33.996],[151.0581,-33.9989],[151.0558,-34.0022],[151.0588,-34.0076],[151.0606,-34.008]]]},"properties":{"SAL_CODE21":"10996","SAL_NAME21":"Como (NSW)","STE_CODE21":"1","STE_NAME21":"New South Wales","AUS_CODE21":"AUS","AUS_NAME21":"Australia","AREASQKM21":1.5975,"LOCI_URI21":"http://linked.data.gov.au/dataset/asgsed3/SAL/10996","SHAPE_Leng":0.0595082271659,"SHAPE_Area":0.000155889260709}},
{"type":"Feature","geometry":{"type":"Polygon","coordinates":[[[151.1081,-33.8466],[151.1072,-33.844],[151.1037,-33.8428],[151.0994,-33.8426],[151.0946,-33.8498],[151.0917,-33.8505],[151.0924,-33.8535],[151.0928,-33.8602],[151.0952,-33.867],[151.1011,-33.8684],[151.1116,-33.8697],[151.1121,-33.8682],[151.1145,-33.8621],[151.1159,-33.8607],[151.1207,-33.8593],[151.1138,-33.8543],[151.1153,-33.8531],[151.1119,-33.8472],[151.1081,-33.8466]]]},"properties":{"SAL_CODE21":"10999","SAL_NAME21":"Concord","STE_CODE21":"1","STE_NAME21":"New South Wales","AUS_CODE21":"AUS","AUS_NAME21":"Australia","AREASQKM21":5.0575,"LOCI_URI21":"http://linked.data.gov.au/dataset/asgsed3/SAL/10999","SHAPE_Leng":0.108898144768,"SHAPE_Area":0.000492701598765}},
{"type":"Feature","geometry":{"type":"Polygon","coordinates":[[[151.0994,-33.8426],[151.1024,-33.8393],[151.0988,-33.838],[151.0993,-33.8323],[151.0958,-33.8317],[151.0942,-33.8347],[151.0899,-33.8331],[151.0843,-33.8372],[151.0856,-33.8384],[151.0853,-33.8448],[151.0827,-33.8455],[151.0814,-33.85],[151.0823,-33.8526],[151.0834,-33.8489],[151.0856,-33.8488],[151.0873,-33.8563],[151.0914,-33.8556],[151.0924,-33.8535],[151.0917,-33.8505],[151.0946,-33.8498],[151.0994,-33.8426]]]},"properties":{"SAL_CODE21":"11000","SAL_NAME21":"Concord West","STE_CODE21":"1","STE_NAME21":"New South Wales","AUS_CODE21":"AUS","AUS_NAME21":"Australia","AREASQKM21":2.5424,"LOCI_URI21":"http://linked.data.gov.au/dataset/asgsed3/SAL/11000","SHAPE_Leng":0.105508844052,"SHAPE_Area":0.000247634874841}},
{"type":"Feature","geometry":{"type":"Polygon","coordinates":[[[151.0116,-33.9159],[151.0031,-33.9165],[150.9984,-33.9157],[150.9966,-33.924],[151.001,-33.9246],[151.0009,-33.9286],[151.0068,-33.9302],[151.006,-33.9343],[151.0194,-33.9345],[151.0206,-33.9319],[151.0229,-33.9212],[151.023,-33.9174],[151.0116,-33.9159]]]},"properties":{"SAL_CODE21":"11001","SAL_NAME21":"Condell Park","STE_CODE21":"1","STE_NAME21":"New South Wales","AUS_CODE21":"AUS","AUS_NAME21":"Australia","AREASQKM21":3.8948,"LOCI_URI21":"http://linked.data.gov.au/dataset/asgsed3/SAL/11001","SHAPE_Leng":0.08940295665,"SHAPE_Area":0.000379801453476}},
{"type":"Feature","geometry":{"type":"Polygon","coordinates":[[[151.1023,-33.983],[151.1017,-33.98],[151.0978,-33.9778],[151.0942,-33.9844],[151.0906,-33.9855],[151.086,-33.9898],[151.0877,-33.9917],[151.0965,-33.9909],[151.0964,-33.9879],[151.102,-33.9852],[151.1023,-33.983]]]},"properties":{"SAL_CODE21":"11013","SAL_NAME21":"Connells Point","STE_CODE21":"1","STE_NAME21":"New South Wales","AUS_CODE21":"AUS","AUS_NAME21":"Australia","AREASQKM21":1.0348,"LOCI_URI21":"http://linked.data.gov.au/dataset/asgsed3/SAL/11013","SHAPE_Leng":0.0590077496076,"SHAPE_Area":0.000100963207029}},
{"type":"Feature","geometry":{"type":"Polygon","coordinates":[[[150.9772,-33.7897],[150.973,-33.7865],[150.9695,-33.7904],[150.9691,-33.7951],[150.9664,-33.7965],[150.9711,-33.7984],[150.9739,-33.7961],[150.9792,-33.7995],[150.9837,-33.7948],[150.9772,-33.7897]]]},"properties":{"SAL_CODE21":"11014","SAL_NAME21":"Constitution Hill","STE_CODE21":"1","STE_NAME21":"New South Wales","AUS_CODE21":"AUS","AUS_NAME21":"Australia","AREASQKM21":1.1883,"LOCI_URI21":"http://linked.data.gov.au/dataset/asgsed3/SAL/11014","SHAPE_Leng":0.0619274323778,"SHAPE_Area":0.0001156936797}},
{"type":"Feature","geometry":{"type":"Polygon","coordinates":[[[151.2542,-33.9115],[151.2509,-33.9108],[151.2497,-33.9129],[151.2467,-33.9266],[151.2603,-33.9285],[151.2581,-33.921],[151.2629,-33.9173],[151.2624,-33.9148],[151.2599,-33.9124],[151.2542,-33.9115]]]},"properties":{"SAL_CODE21":"11015","SAL_NAME21":"Coogee (NSW)","STE_CODE21":"1","STE_NAME21":"New South Wales","AUS_CODE21":"AUS","AUS_NAME21":"Australia","AREASQKM21":1.9175,"LOCI_URI21":"http://linked.data.gov.au/dataset/asgsed3/SAL/11015","SHAPE_Leng":0.0772489730387,"SHAPE_Area":0.000187025986635}},
{"type":"Feature","geometry":{"type":"Polygon","coordinates":[[[151.4328,-33.4819],[151.4309,-33.4859],[151.4272,-33.4855],[151.424,-33.4868],[151.4226,-33.4882],[151.4294,-33.4934],[151.434,-33.491],[151.4387,-33.4923],[151.4442,-33.4907],[151.4467,-33.4851],[151.4436,-33.4832],[151.4436,-33.4803],[151.4377,-33.4795],[151.4328,-33.4819]]]},"properties":{"SAL_CODE21":"11056","SAL_NAME21":"Copacabana","STE_CODE21":"1","STE_NAME21":"New South Wales","AUS_CODE21":"AUS","AUS_NAME21":"Australia","AREASQKM21":1.9958,"LOCI_URI21":"http://linked.data.gov.au/dataset/asgsed3/SAL/11056","SHAPE_Leng":0.0746943143797,"SHAPE_Area":0.000193607645812}},
{"type":"Feature","geometry":{"type":"Polygon","coordinates":[[[150.8045,-33.6022],[150.8104,-33.6071],[150.8142,-33.604],[150.8142,-33.5996],[150.8191,-33.5944],[150.8249,-33.5851],[150.8207,-33.5826],[150.8151,-33.5837],[150.8086,-33.5836],[150.799,-33.5807],[150.7911,-33.5768],[150.7775,-33.5688],[150.7718,-33.5668],[150.7698,-33.5767],[150.7836,-33.5795],[150.7922,-33.586],[150.7917,-33.5898],[150.7881,-33.596],[150.8001,-33.5956],[150.8011,-33.5984],[150.8045,-33.6022]]]},"properties":{"SAL_CODE21":"11078","SAL_NAME21":"Cornwallis","STE_CODE21":"1","STE_NAME21":"New South Wales","AUS_CODE21":"AUS","AUS_NAME21":"Australia","AREASQKM21":7.5193,"LOCI_URI21":"http://linked.data.gov.au/dataset/asgsed3/SAL/11078","SHAPE_Leng":0.168609598658,"SHAPE_Area":0.000730297439576}},
{"type":"Feature","geometry":{"type":"Polygon","coordinates":[[[151.2074,-33.6155],[151.2051,-33.6154],[151.2006,-33.6184],[151.1996,-33.6204],[151.1993,-33.6222],[151.206,-33.6232],[151.2074,-33.6155]]]},"properties":{"SAL_CODE21":"11086","SAL_NAME21":"Cottage Point","STE_CODE21":"1","STE_NAME21":"New South Wales","AUS_CODE21":"AUS","AUS_NAME21":"Australia","AREASQKM21":0.4048,"LOCI_URI21":"http://linked.data.gov.au/dataset/asgsed3/SAL/11086","SHAPE_Leng":0.0296559244772,"SHAPE_Area":0.0000393278627181}},
{"type":"Feature","geometry":{"type":"Polygon","coordinates":[[[150.56,-34.246],[150.5666,-34.2368],[150.5589,-34.2358],[150.5605,-34.2267],[150.551,-34.2251],[150.5479,-34.2266],[150.5501,-34.2311],[150.5476,-34.2338],[150.5462,-34.2397],[150.5436,-34.2438],[150.56,-34.246]]]},"properties":{"SAL_CODE21":"11093","SAL_NAME21":"Couridjah","STE_CODE21":"1","STE_NAME21":"New South Wales","AUS_CODE21":"AUS","AUS_NAME21":"Australia","AREASQKM21":2.8149,"LOCI_URI21":"http://linked.data.gov.au/dataset/asgsed3/SAL/11093","SHAPE_Leng":0.0851500653194,"SHAPE_Area":0.000275441457953}},
{"type":"Feature","geometry":{"type":"Polygon","coordinates":[[[151.1599,-33.6187],[151.1644,-33.6064],[151.1703,-33.601],[151.1735,-33.596],[151.1749,-33.5896],[151.1777,-33.5875],[151.1863,-33.5847],[151.1902,-33.5821],[151.1942,-33.5779],[151.1927,-33.5642],[151.1946,-33.557],[151.1939,-33.554],[151.1975,-33.5495],[151.1969,-33.5476],[151.1989,-33.5413],[151.1934,-33.5401],[151.1866,-33.5349],[151.1849,-33.529],[151.1808,-33.5272],[151.1795,-33.5218],[151.1736,-33.521],[151.1727,-33.524],[151.1696,-33.5268],[151.1647,-33.5286],[151.1636,-33.5321],[151.164,-33.5364],[151.1596,-33.5344],[151.1588,-33.5384],[151.1544,-33.5377],[151.1552,-33.5338],[151.1505,-33.5353],[151.1486,-33.5397],[151.155,-33.543],[151.1558,-33.5469],[151.1612,-33.5518],[151.158,-33.5524],[151.1534,-33.5498],[151.1512,-33.553],[151.152,-33.5576],[151.1542,-33.5597],[151.1598,-33.5623],[151.1551,-33.5649],[151.1591,-33.568],[151.1535,-33.5717],[151.1497,-33.5686],[151.1463,-33.5722],[151.1393,-33.5722],[151.1335,-33.5711],[151.1332,-33.5751],[151.1388,-33.5815],[151.1349,-33.5841],[151.1329,-33.5815],[151.131,-33.589],[151.1324,-33.5914],[151.1488,-33.5959],[151.1532,-33.601],[151.1534,-33.6115],[151.1599,-33.6187]]]},"properties":{"SAL_CODE21":"11097","SAL_NAME21":"Cowan","STE_CODE21":"1","STE_NAME21":"New South Wales","AUS_CODE21":"AUS","AUS_NAME21":"Australia","AREASQKM21":31.897,"LOCI_URI21":"http://linked.data.gov.au/dataset/asgsed3/SAL/11097","SHAPE_Leng":0.44227007238,"SHAPE_Area":0.00309724220415}},
{"type":"Feature","geometry":{"type":"Polygon","coordinates":[[[150.7182,-33.7325],[150.723,-33.7212],[150.7255,-33.7191],[150.7253,-33.7153],[150.7224,-33.7123],[150.7223,-33.7093],[150.7247,-33.7026],[150.7272,-33.6981],[150.7278,-33.69],[150.7281,-33.6886],[150.715,-33.6862],[150.7159,-33.6816],[150.6972,-33.6788],[150.6945,-33.6919],[150.6902,-33.6978],[150.6944,-33.7015],[150.6935,-33.7062],[150.6989,-33.7085],[150.6967,-33.7111],[150.6973,-33.7158],[150.6943,-33.7302],[150.706,-33.7317],[150.7094,-33.7336],[150.7176,-33.7351],[150.7182,-33.7325]]]},"properties":{"SAL_CODE21":"11105","SAL_NAME21":"Cranebrook","STE_CODE21":"1","STE_NAME21":"New South Wales","AUS_CODE21":"AUS","AUS_NAME21":"Australia","AREASQKM21":14.9492,"LOCI_URI21":"http://linked.data.gov.au/dataset/asgsed3/SAL/11105","SHAPE_Leng":0.18690568524,"SHAPE_Area":0.00145394190653}},
{"type":"Feature","geometry":{"type":"Polygon","coordinates":[[[151.5817,-33.179],[151.5841,-33.1865],[151.5898,-33.1847],[151.5924,-33.1825],[151.6006,-33.1783],[151.6068,-33.1785],[151.609,-33.1778],[151.6093,-33.1738],[151.6086,-33.1671],[151.6125,-33.1625],[151.6114,-33.1597],[151.6,-33.158],[151.5971,-33.1616],[151.5948,-33.1611],[151.5949,-33.1573],[151.5915,-33.1528],[151.588,-33.1497],[151.578,-33.1484],[151.5823,-33.1517],[151.588,-33.162],[151.5874,-33.1727],[151.5802,-33.1741],[151.5817,-33.179]]]},"properties":{"SAL_CODE21":"11106","SAL_NAME21":"Crangan Bay","STE_CODE21":"1","STE_NAME21":"New South Wales","AUS_CODE21":"AUS","AUS_NAME21":"Australia","AREASQKM21":6.5579,"LOCI_URI21":"http://linked.data.gov.au/dataset/asgsed3/SAL/11106","SHAPE_Leng":0.140468476991,"SHAPE_Area":0.000633931131626}},
{"type":"Feature","geometry":{"type":"Polygon","coordinates":[[[151.2173,-33.828],[151.2222,-33.8301],[151.2229,-33.8374],[151.2286,-33.8366],[151.2329,-33.8183],[151.2311,-33.8167],[151.226,-33.821],[151.224,-33.8214],[151.2183,-33.8238],[151.2173,-33.828]]]},"properties":{"SAL_CODE21":"11113","SAL_NAME21":"Cremorne (NSW)","STE_CODE21":"1","STE_NAME21":"New South Wales","AUS_CODE21":"AUS","AUS_NAME21":"Australia","AREASQKM21":1.6376,"LOCI_URI21":"http://linked.data.gov.au/dataset/asgsed3/SAL/11113","SHAPE_Leng":0.0712242631118,"SHAPE_Area":0.000159482738159}},
{"type":"Feature","geometry":{"type":"Polygon","coordinates":[[[151.2229,-33.8374],[151.2229,-33.8376],[151.2248,-33.8393],[151.2267,-33.844],[151.2303,-33.8408],[151.229,-33.8378],[151.2286,-33.8366],[151.2229,-33.8374]]]},"properties":{"SAL_CODE21":"11114","SAL_NAME21":"Cremorne Point","STE_CODE21":"1","STE_NAME21":"New South Wales","AUS_CODE21":"AUS","AUS_NAME21":"Australia","AREASQKM21":0.4278,"LOCI_URI21":"http://linked.data.gov.au/dataset/asgsed3/SAL/11114","SHAPE_Leng":0.0391246745603,"SHAPE_Area":0.0000416470666259}},
{"type":"Feature","geometry":{"type":"Polygon","coordinates":[[[151.2681,-33.7424],[151.2808,-33.7439],[151.2866,-33.7448],[151.2896,-33.7413],[151.2907,-33.7391],[151.2861,-33.7333],[151.2823,-33.7324],[151.2779,-33.7338],[151.2767,-33.7308],[151.277,-33.7255],[151.2758,-33.723],[151.2757,-33.723],[151.2728,-33.7224],[151.2721,-33.7189],[151.2698,-33.716],[151.2666,-33.7175],[151.2569,-33.7161],[151.2525,-33.7189],[151.2459,-33.7193],[151.2498,-33.7233],[151.2557,-33.7265],[151.2559,-33.7327],[151.261,-33.7329],[151.2671,-33.7377],[151.2681,-33.7414],[151.2681,-33.7424]]]},"properties":{"SAL_CODE21":"11119","SAL_NAME21":"Cromer (NSW)","STE_CODE21":"1","STE_NAME21":"New South Wales","AUS_CODE21":"AUS","AUS_NAME21":"Australia","AREASQKM21":6.2058,"LOCI_URI21":"http://linked.data.gov.au/dataset/asgsed3/SAL/11119","SHAPE_Leng":0.152013151721,"SHAPE_Area":0.000603716082027}},
{"type":"Feature","geometry":{"type":"Polygon","coordinates":[[[151.1432,-34.057],[151.1498,-34.0549],[151.1506,-34.0577],[151.1482,-34.0594],[151.1464,-34.0645],[151.1483,-34.0738],[151.1536,-34.0731],[151.1565,-34.0715],[151.1583,-34.0668],[151.1555,-34.0642],[151.1584,-34.0583],[151.1549,-34.0552],[151.1559,-34.0518],[151.1606,-34.0453],[151.165,-34.0412],[151.1611,-34.0406],[151.1567,-34.0394],[151.1479,-34.0389],[151.1455,-34.0405],[151.1443,-34.0522],[151.1432,-34.057]]]},"properties":{"SAL_CODE21":"11120","SAL_NAME21":"Cronulla","STE_CODE21":"1","STE_NAME21":"New South Wales","AUS_CODE21":"AUS","AUS_NAME21":"Australia","AREASQKM21":3.8724,"LOCI_URI21":"http://linked.data.gov.au/dataset/asgsed3/SAL/11120","SHAPE_Leng":0.137456299051,"SHAPE_Area":0.000378042998806}},
{"type":"Feature","geometry":{"type":"Polygon","coordinates":[[[151.2047,-33.8203],[151.2021,-33.8222],[151.1991,-33.8221],[151.1979,-33.8253],[151.2033,-33.8312],[151.2087,-33.8289],[151.2091,-33.8256],[151.2047,-33.8203]]]},"properties":{"SAL_CODE21":"11132","SAL_NAME21":"Crows Nest (NSW)","STE_CODE21":"1","STE_NAME21":"New South Wales","AUS_CODE21":"AUS","AUS_NAME21":"Australia","AREASQKM21":0.7622,"LOCI_URI21":"http://linked.data.gov.au/dataset/asgsed3/SAL/11132","SHAPE_Leng":0.0441345048599,"SHAPE_Area":0.0000742433141078}},
{"type":"Feature","geometry":{"type":"Polygon","coordinates":[[[151.1275,-33.8742],[151.1233,-33.8715],[151.1117,-33.8697],[151.1122,-33.872],[151.1099,-33.8822],[151.1071,-33.8867],[151.107,-33.891],[151.1164,-33.8915],[151.1163,-33.8883],[151.1228,-33.8777],[151.1275,-33.8742]]]},"properties":{"SAL_CODE21":"11135","SAL_NAME21":"Croydon (NSW)","STE_CODE21":"1","STE_NAME21":"New South Wales","AUS_CODE21":"AUS","AUS_NAME21":"Australia","AREASQKM21":2.4354,"LOCI_URI21":"http://linked.data.gov.au/dataset/asgsed3/SAL/11135","SHAPE_Leng":0.0824553222467,"SHAPE_Area":0.000237322590679}},
{"type":"Feature","geometry":{"type":"Polygon","coordinates":[[[151.1166,-33.8957],[151.1164,-33.8915],[151.107,-33.891],[151.1008,-33.8915],[151.1002,-33.8945],[151.0906,-33.8931],[151.089,-33.8998],[151.0926,-33.9021],[151.0967,-33.9036],[151.1045,-33.9019],[151.11,-33.9032],[151.1119,-33.8989],[151.1147,-33.8992],[151.1166,-33.8957]]]},"properties":{"SAL_CODE21":"11136","SAL_NAME21":"Croydon Park (NSW)","STE_CODE21":"1","STE_NAME21":"New South Wales","AUS_CODE21":"AUS","AUS_NAME21":"Australia","AREASQKM21":2.5503,"LOCI_URI21":"http://linked.data.gov.au/dataset/asgsed3/SAL/11136","SHAPE_Leng":0.0785476314289,"SHAPE_Area":0.000248574146153}},
{"type":"Feature","geometry":{"type":"Polygon","coordinates":[[[150.8848,-33.4723],[150.8961,-33.4747],[150.9031,-33.4735],[150.9049,-33.4712],[150.9048,-33.4668],[150.8998,-33.456],[150.8983,-33.4517],[150.8965,-33.4515],[150.8886,-33.4558],[150.8874,-33.4627],[150.8843,-33.464],[150.8859,-33.4674],[150.8848,-33.4723]]]},"properties":{"SAL_CODE21":"11157","SAL_NAME21":"Cumberland Reach","STE_CODE21":"1","STE_NAME21":"New South Wales","AUS_CODE21":"AUS","AUS_NAME21":"Australia","AREASQKM21":3.4262,"LOCI_URI21":"http://linked.data.gov.au/dataset/asgsed3/SAL/11157","SHAPE_Leng":0.0778252910417,"SHAPE_Area":0.000332304313627}},
{"type":"Feature","geometry":{"type":"Polygon","coordinates":[[[151.2788,-33.7684],[151.2786,-33.7693],[151.2876,-33.7704],[151.2902,-33.7752],[151.2939,-33.7764],[151.2936,-33.7726],[151.2995,-33.7671],[151.2977,-33.765],[151.2939,-33.7645],[151.2896,-33.7658],[151.2814,-33.7637],[151.2792,-33.7662],[151.2788,-33.7684]]]},"properties":{"SAL_CODE21":"11168","SAL_NAME21":"Curl Curl","STE_CODE21":"1","STE_NAME21":"New South Wales","AUS_CODE21":"AUS","AUS_NAME21":"Australia","AREASQKM21":1.2761,"LOCI_URI21":"http://linked.data.gov.au/dataset/asgsed3/SAL/11168","SHAPE_Leng":0.0653586034779,"SHAPE_Area":0.000124189055957}},
{"type":"Feature","geometry":{"type":"Polygon","coordinates":[[[150.7856,-34.0444],[150.7804,-34.0429],[150.7839,-34.0387],[150.7729,-34.0325],[150.7696,-34.0366],[150.761,-34.0475],[150.7692,-34.0528],[150.7758,-34.0551],[150.7814,-34.0598],[150.7829,-34.0573],[150.781,-34.0541],[150.7842,-34.0508],[150.7866,-34.0463],[150.7856,-34.0444]]]},"properties":{"SAL_CODE21":"11176","SAL_NAME21":"Currans Hill","STE_CODE21":"1","STE_NAME21":"New South Wales","AUS_CODE21":"AUS","AUS_NAME21":"Australia","AREASQKM21":3.6075,"LOCI_URI21":"http://linked.data.gov.au/dataset/asgsed3/SAL/11176","SHAPE_Leng":0.0883966463925,"SHAPE_Area":0.000352241922282}},
{"type":"Feature","geometry":{"type":"Polygon","coordinates":[[[151.2207,-33.9277],[151.2239,-33.929],[151.2226,-33.932],[151.2258,-33.9328],[151.2299,-33.9318],[151.2283,-33.9254],[151.2218,-33.9254],[151.2207,-33.9277]]]},"properties":{"SAL_CODE21":"11186","SAL_NAME21":"Daceyville","STE_CODE21":"1","STE_NAME21":"New South Wales","AUS_CODE21":"AUS","AUS_NAME21":"Australia","AREASQKM21":0.4877,"LOCI_URI21":"http://linked.data.gov.au/dataset/asgsed3/SAL/11186","SHAPE_Leng":0.0312249369179,"SHAPE_Area":0.0000475758804094}},
{"type":"Feature","geometry":{"type":"Polygon","coordinates":[[[151.3639,-33.5091],[151.3596,-33.5067],[151.36,-33.4994],[151.3547,-33.496],[151.3528,-33.4968],[151.354,-33.4989],[151.3517,-33.501],[151.3515,-33.5012],[151.3467,-33.5032],[151.3469,-33.5057],[151.3522,-33.5072],[151.3518,-33.5106],[151.3595,-33.5116],[151.3656,-33.5123],[151.3639,-33.5091]]]},"properties":{"SAL_CODE21":"11190","SAL_NAME21":"Daleys Point","STE_CODE21":"1","STE_NAME21":"New South Wales","AUS_CODE21":"AUS","AUS_NAME21":"Australia","AREASQKM21":1.3323,"LOCI_URI21":"http://linked.data.gov.au/dataset/asgsed3/SAL/11190","SHAPE_Leng":0.0721318299994,"SHAPE_Area":0.000129270473911}},
{"type":"Feature","geometry":{"type":"Polygon","coordinates":[[[151.2398,-33.54],[151.2428,-33.54],[151.2441,-33.5373],[151.2367,-33.537],[151.2348,-33.5406],[151.2376,-33.5424],[151.2398,-33.54]]]},"properties":{"SAL_CODE21":"11200","SAL_NAME21":"Dangar Island","STE_CODE21":"1","STE_NAME21":"New South Wales","AUS_CODE21":"AUS","AUS_NAME21":"Australia","AREASQKM21":0.3163,"LOCI_URI21":"http://linked.data.gov.au/dataset/asgsed3/SAL/11200","SHAPE_Leng":0.0257933545014,"SHAPE_Area":0.0000307052696637}},
{"type":"Feature","geometry":{"type":"Polygon","coordinates":[[[151.2376,-33.8774],[151.241,-33.8725],[151.2419,-33.869],[151.2402,-33.8664],[151.235,-33.8678],[151.2354,-33.8705],[151.2331,-33.8746],[151.2306,-33.8741],[151.2297,-33.8764],[151.2376,-33.8774]]]},"properties":{"SAL_CODE21":"11212","SAL_NAME21":"Darling Point","STE_CODE21":"1","STE_NAME21":"New South Wales","AUS_CODE21":"AUS","AUS_NAME21":"Australia","AREASQKM21":0.6705,"LOCI_URI21":"http://linked.data.gov.au/dataset/asgsed3/SAL/11212","SHAPE_Leng":0.0514828771141,"SHAPE_Area":0.0000653281811178}},
{"type":"Feature","geometry":{"type":"Polygon","coordinates":[[[151.2182,-33.885],[151.2191,-33.8817],[151.2248,-33.879],[151.2278,-33.879],[151.2294,-33.8769],[151.2244,-33.876],[151.2214,-33.8751],[151.2145,-33.874],[151.2121,-33.8768],[151.2171,-33.8811],[151.2182,-33.885]]]},"properties":{"SAL_CODE21":"11213","SAL_NAME21":"Darlinghurst","STE_CODE21":"1","STE_NAME21":"New South Wales","AUS_CODE21":"AUS","AUS_NAME21":"Australia","AREASQKM21":0.8569,"LOCI_URI21":"http://linked.data.gov.au/dataset/asgsed3/SAL/11213","SHAPE_Leng":0.0493326737995,"SHAPE_Area":0.0000835156577874}},
{"type":"Feature","geometry":{"type":"Polygon","coordinates":[[[151.1884,-33.8913],[151.1893,-33.894],[151.1967,-33.8918],[151.1989,-33.8886],[151.1932,-33.8877],[151.1884,-33.8913]]]},"properties":{"SAL_CODE21":"11215","SAL_NAME21":"Darlington (Sydney - NSW)","STE_CODE21":"1","STE_NAME21":"New South Wales","AUS_CODE21":"AUS","AUS_NAME21":"Australia","AREASQKM21":0.3808,"LOCI_URI21":"http://linked.data.gov.au/dataset/asgsed3/SAL/11215","SHAPE_Leng":0.0292740533002,"SHAPE_Area":0.0000371089385525}},
{"type":"Feature","geometry":{"type":"Polygon","coordinates":[[[151.1855,-33.7299],[151.1826,-33.7324],[151.1821,-33.7363],[151.1804,-33.7401],[151.1821,-33.7427],[151.1861,-33.7443],[151.1884,-33.7436],[151.1907,-33.7474],[151.1921,-33.7481],[151.1977,-33.747],[151.203,-33.7469],[151.1984,-33.74],[151.2017,-33.7367],[151.1987,-33.7374],[151.1944,-33.736],[151.1919,-33.731],[151.1855,-33.7299]]]},"properties":{"SAL_CODE21":"11221","SAL_NAME21":"Davidson","STE_CODE21":"1","STE_NAME21":"New South Wales","AUS_CODE21":"AUS","AUS_NAME21":"Australia","AREASQKM21":2.5183,"LOCI_URI21":"http://linked.data.gov.au/dataset/asgsed3/SAL/11221","SHAPE_Leng":0.0886714589378,"SHAPE_Area":0.000245004924707}},
{"type":"Feature","geometry":{"type":"Polygon","coordinates":[[[151.3498,-33.4815],[151.3516,-33.4823],[151.3555,-33.4881],[151.3586,-33.4866],[151.3623,-33.4877],[151.3659,-33.4913],[151.3701,-33.4919],[151.374,-33.4895],[151.3688,-33.4865],[151.3649,-33.4813],[151.3652,-33.4775],[151.3597,-33.48],[151.351,-33.4793],[151.3498,-33.4815]]]},"properties":{"SAL_CODE21":"11223","SAL_NAME21":"Davistown","STE_CODE21":"1","STE_NAME21":"New South Wales","AUS_CODE21":"AUS","AUS_NAME21":"Australia","AREASQKM21":1.6104,"LOCI_URI21":"http://linked.data.gov.au/dataset/asgsed3/SAL/11223","SHAPE_Leng":0.0721709293621,"SHAPE_Area":0.000156223869182}},
{"type":"Feature","geometry":{"type":"Polygon","coordinates":[[[151.2046,-33.8566],[151.2069,-33.8589],[151.2097,-33.8542],[151.2046,-33.8566]]]},"properties":{"SAL_CODE21":"11224","SAL_NAME21":"Dawes Point","STE_CODE21":"1","STE_NAME21":"New South Wales","AUS_CODE21":"AUS","AUS_NAME21":"Australia","AREASQKM21":0.1515,"LOCI_URI21":"http://linked.data.gov.au/dataset/asgsed3/SAL/11224","SHAPE_Leng":0.0302384915345,"SHAPE_Area":0.0000147528099478}},
{"type":"Feature","geometry":{"type":"Polygon","coordinates":[[[150.8487,-33.733],[150.8494,-33.7337],[150.8537,-33.7374],[150.8662,-33.7414],[150.8662,-33.7415],[150.8663,-33.7375],[150.8697,-33.7352],[150.8704,-33.7328],[150.8599,-33.7307],[150.8557,-33.7292],[150.8513,-33.7306],[150.8487,-33.733]]]},"properties":{"SAL_CODE21":"11226","SAL_NAME21":"Dean Park","STE_CODE21":"1","STE_NAME21":"New South Wales","AUS_CODE21":"AUS","AUS_NAME21":"Australia","AREASQKM21":1.5118,"LOCI_URI21":"http://linked.data.gov.au/dataset/asgsed3/SAL/11226","SHAPE_Leng":0.0578529832345,"SHAPE_Area":0.000147089757877}},
{"type":"Feature","geometry":{"type":"Polygon","coordinates":[[[151.2805,-33.7598],[151.296,-33.7602],[151.3019,-33.7616],[151.2995,-33.755],[151.2969,-33.7509],[151.2946,-33.7502],[151.2914,-33.7466],[151.2943,-33.7451],[151.2917,-33.7413],[151.2896,-33.7413],[151.2866,-33.7448],[151.2808,-33.7439],[151.2778,-33.7576],[151.2805,-33.7598]]]},"properties":{"SAL_CODE21":"11229","SAL_NAME21":"Dee Why","STE_CODE21":"1","STE_NAME21":"New South Wales","AUS_CODE21":"AUS","AUS_NAME21":"Australia","AREASQKM21":3.0839,"LOCI_URI21":"http://linked.data.gov.au/dataset/asgsed3/SAL/11229","SHAPE_Leng":0.111980598971,"SHAPE_Area":0.000300086217676}},
{"type":"Feature","geometry":{"type":"Polygon","coordinates":[[[150.8502,-33.9781],[150.8413,-33.9562],[150.8281,-33.9616],[150.8258,-33.9601],[150.8265,-33.9628],[150.8229,-33.9704],[150.8224,-33.9741],[150.8204,-33.9752],[150.8152,-33.9679],[150.8095,-33.9759],[150.8123,-33.9779],[150.8085,-33.9809],[150.8046,-33.988],[150.8055,-33.9892],[150.8103,-33.9921],[150.8206,-33.9876],[150.8325,-34.007],[150.847,-33.9965],[150.8535,-33.9885],[150.857,-33.9859],[150.8569,-33.9856],[150.8542,-33.9877],[150.8502,-33.9781]]]},"properties":{"SAL_CODE21":"11237","SAL_NAME21":"Denham Court","STE_CODE21":"1","STE_NAME21":"New South Wales","AUS_CODE21":"AUS","AUS_NAME21":"Australia","AREASQKM21":13.3798,"LOCI_URI21":"http://linked.data.gov.au/dataset/asgsed3/SAL/11237","SHAPE_Leng":0.188902811718,"SHAPE_Area":0.00130537402049}},
{"type":"Feature","geometry":{"type":"Polygon","coordinates":[[[151.1005,-33.8021],[151.0988,-33.7992],[151.0935,-33.7967],[151.0902,-33.7929],[151.0897,-33.7942],[151.0817,-33.7955],[151.0791,-33.7978],[151.0808,-33.803],[151.0832,-33.8041],[151.0901,-33.8024],[151.0938,-33.8023],[151.0967,-33.8042],[151.1,-33.8026],[151.1005,-33.8021]]]},"properties":{"SAL_CODE21":"11240","SAL_NAME21":"Denistone","STE_CODE21":"1","STE_NAME21":"New South Wales","AUS_CODE21":"AUS","AUS_NAME21":"Australia","AREASQKM21":1.5078,"LOCI_URI21":"http://linked.data.gov.au/dataset/asgsed3/SAL/11240","SHAPE_Leng":0.0644691960012,"SHAPE_Area":0.000146796836322}},
{"type":"Feature","geometry":{"type":"Polygon","coordinates":[[[151.1005,-33.8021],[151.104,-33.7996],[151.1023,-33.7954],[151.1003,-33.794],[151.0924,-33.7913],[151.0902,-33.7929],[151.0935,-33.7967],[151.0988,-33.7992],[151.1005,-33.8021]]]},"properties":{"SAL_CODE21":"11241","SAL_NAME21":"Denistone East","STE_CODE21":"1","STE_NAME21":"New South Wales","AUS_CODE21":"AUS","AUS_NAME21":"Australia","AREASQKM21":0.6984,"LOCI_URI21":"http://linked.data.gov.au/dataset/asgsed3/SAL/11241","SHAPE_Leng":0.0387582568756,"SHAPE_Area":0.0000680167671275}},
{"type":"Feature","geometry":{"type":"Polygon","coordinates":[[[151.0791,-33.7978],[151.0733,-33.7988],[151.0752,-33.8038],[151.0808,-33.803],[151.0791,-33.7978]]]},"properties":{"SAL_CODE21":"11242","SAL_NAME21":"Denistone West","STE_CODE21":"1","STE_NAME21":"New South Wales","AUS_CODE21":"AUS","AUS_NAME21":"Australia","AREASQKM21":0.321,"LOCI_URI21":"http://linked.data.gov.au/dataset/asgsed3/SAL/11242","SHAPE_Leng":0.0247333066979,"SHAPE_Area":0.0000312639881253}},
{"type":"Feature","geometry":{"type":"Polygon","coordinates":[[[150.8108,-33.743],[150.8093,-33.7479],[150.8156,-33.7536],[150.8189,-33.7563],[150.8203,-33.7474],[150.82,-33.7434],[150.8108,-33.743]]]},"properties":{"SAL_CODE21":"11250","SAL_NAME21":"Dharruk","STE_CODE21":"1","STE_NAME21":"New South Wales","AUS_CODE21":"AUS","AUS_NAME21":"Australia","AREASQKM21":0.9417,"LOCI_URI21":"http://linked.data.gov.au/dataset/asgsed3/SAL/11250","SHAPE_Leng":0.0405845921914,"SHAPE_Area":0.0000916216470535}},
{"type":"Feature","geometry":{"type":"Polygon","coordinates":[[[151.1219,-34.0647],[151.1283,-34.0678],[151.1297,-34.0664],[151.1263,-34.0641],[151.1279,-34.0614],[151.124,-34.0624],[151.1219,-34.0647]]]},"properties":{"SAL_CODE21":"11268","SAL_NAME21":"Dolans Bay","STE_CODE21":"1","STE_NAME21":"New South Wales","AUS_CODE21":"AUS","AUS_NAME21":"Australia","AREASQKM21":0.2593,"LOCI_URI21":"http://linked.data.gov.au/dataset/asgsed3/SAL/11268","SHAPE_Leng":0.0301114228283,"SHAPE_Area":0.0000253258328882}},
{"type":"Feature","geometry":{"type":"Polygon","coordinates":[[[151.149,-33.9927],[151.1419,-33.9917],[151.1401,-33.9939],[151.1444,-33.995],[151.1492,-33.9944],[151.149,-33.9927]]]},"properties":{"SAL_CODE21":"11269","SAL_NAME21":"Dolls Point","STE_CODE21":"1","STE_NAME21":"New South Wales","AUS_CODE21":"AUS","AUS_NAME21":"Australia","AREASQKM21":0.2203,"LOCI_URI21":"http://linked.data.gov.au/dataset/asgsed3/SAL/11269","SHAPE_Leng":0.0239688262166,"SHAPE_Area":0.0000214730977478}},
{"type":"Feature","geometry":{"type":"Polygon","coordinates":[[[150.879,-33.7833],[150.8821,-33.781],[150.8851,-33.7646],[150.874,-33.7634],[150.8775,-33.7458],[150.8746,-33.7442],[150.8662,-33.7415],[150.8662,-33.7414],[150.8651,-33.7472],[150.862,-33.7499],[150.8617,-33.7525],[150.8571,-33.7575],[150.8557,-33.7618],[150.8569,-33.7639],[150.8612,-33.7659],[150.8629,-33.7684],[150.8648,-33.7701],[150.8702,-33.7672],[150.8743,-33.7729],[150.8727,-33.7832],[150.879,-33.7833]]]},"properties":{"SAL_CODE21":"11277","SAL_NAME21":"Doonside","STE_CODE21":"1","STE_NAME21":"New South Wales","AUS_CODE21":"AUS","AUS_NAME21":"Australia","AREASQKM21":5.9582,"LOCI_URI21":"http://linked.data.gov.au/dataset/asgsed3/SAL/11277","SHAPE_Leng":0.149111664928,"SHAPE_Area":0.00057987360474}},
{"type":"Feature","geometry":{"type":"Polygon","coordinates":[[[151.388,-33.1493],[151.3728,-33.1466],[151.3719,-33.1506],[151.3678,-33.149],[151.3634,-33.1491],[151.3611,-33.1518],[151.3617,-33.1556],[151.3559,-33.1548],[151.3552,-33.1577],[151.3445,-33.1564],[151.3427,-33.1657],[151.3472,-33.1674],[151.3421,-33.1967],[151.3542,-33.1984],[151.3534,-33.203],[151.3604,-33.204],[151.3606,-33.2024],[151.3665,-33.2032],[151.3734,-33.2023],[151.3808,-33.2043],[151.383,-33.2021],[151.3849,-33.192],[151.3883,-33.1924],[151.3893,-33.1879],[151.385,-33.1828],[151.3822,-33.1823],[151.3827,-33.1787],[151.3803,-33.1749],[151.3821,-33.1716],[151.39,-33.17],[151.3962,-33.1672],[151.3963,-33.1634],[151.393,-33.1589],[151.3923,-33.152],[151.388,-33.1493]]]},"properties":{"SAL_CODE21":"11278","SAL_NAME21":"Dooralong","STE_CODE21":"1","STE_NAME21":"New South Wales","AUS_CODE21":"AUS","AUS_NAME21":"Australia","AREASQKM21":22.5579,"LOCI_URI21":"http://linked.data.gov.au/dataset/asgsed3/SAL/11278","SHAPE_Leng":0.239053535634,"SHAPE_Area":0.00218075352556}},
{"type":"Feature","geometry":{"type":"Polygon","coordinates":[[[151.2488,-33.8726],[151.248,-33.8717],[151.2461,-33.8734],[151.241,-33.8725],[151.2376,-33.8774],[151.2376,-33.879],[151.2422,-33.8809],[151.2463,-33.8837],[151.2476,-33.886],[151.2479,-33.8798],[151.2454,-33.878],[151.2488,-33.8726]]]},"properties":{"SAL_CODE21":"11283","SAL_NAME21":"Double Bay","STE_CODE21":"1","STE_NAME21":"New South Wales","AUS_CODE21":"AUS","AUS_NAME21":"Australia","AREASQKM21":0.7929,"LOCI_URI21":"http://linked.data.gov.au/dataset/asgsed3/SAL/11283","SHAPE_Leng":0.0680874353034,"SHAPE_Area":0.000077250050325}},
{"type":"Feature","geometry":{"type":"Polygon","coordinates":[[[150.7519,-34.1638],[150.7389,-34.1619],[150.7347,-34.1622],[150.7339,-34.1593],[150.7218,-34.1576],[150.7183,-34.1592],[150.7149,-34.1583],[150.7125,-34.1695],[150.7039,-34.1703],[150.6953,-34.17],[150.6947,-34.1682],[150.6894,-34.168],[150.6863,-34.1669],[150.6763,-34.1704],[150.6735,-34.1849],[150.6793,-34.1834],[150.6825,-34.1854],[150.6898,-34.1873],[150.6902,-34.1907],[150.6938,-34.1961],[150.6899,-34.1988],[150.6902,-34.2009],[150.6951,-34.2028],[150.6886,-34.2093],[150.6904,-34.2112],[150.694,-34.2103],[150.7017,-34.2147],[150.7023,-34.2176],[150.7054,-34.2183],[150.7088,-34.2234],[150.7151,-34.2231],[150.7153,-34.2272],[150.7176,-34.2289],[150.7229,-34.2296],[150.7234,-34.2266],[150.7281,-34.2271],[150.731,-34.223],[150.7278,-34.2205],[150.7317,-34.219],[150.7324,-34.2165],[150.7245,-34.2098],[150.7245,-34.2051],[150.7218,-34.2031],[150.7235,-34.1992],[150.7235,-34.1956],[150.7199,-34.1948],[150.7221,-34.1898],[150.729,-34.1811],[150.7312,-34.1793],[150.7424,-34.1831],[150.7472,-34.1809],[150.748,-34.1761],[150.7471,-34.1701],[150.7519,-34.1638]]]},"properties":{"SAL_CODE21":"11285","SAL_NAME21":"Douglas Park","STE_CODE21":"1","STE_NAME21":"New South Wales","AUS_CODE21":"AUS","AUS_NAME21":"Australia","AREASQKM21":26.7707,"LOCI_URI21":"http://linked.data.gov.au/dataset/asgsed3/SAL/11285","SHAPE_Leng":0.322827291565,"SHAPE_Area":0.00261812074768}},
{"type":"Feature","geometry":{"type":"Polygon","coordinates":[[[151.2849,-33.8834],[151.2828,-33.877],[151.2846,-33.8736],[151.2839,-33.8654],[151.2789,-33.8647],[151.2775,-33.8678],[151.2784,-33.8741],[151.2775,-33.8786],[151.2792,-33.8808],[151.2824,-33.8811],[151.2849,-33.8834]]]},"properties":{"SAL_CODE21":"11286","SAL_NAME21":"Dover Heights","STE_CODE21":"1","STE_NAME21":"New South Wales","AUS_CODE21":"AUS","AUS_NAME21":"Australia","AREASQKM21":0.9472,"LOCI_URI21":"http://linked.data.gov.au/dataset/asgsed3/SAL/11286","SHAPE_Leng":0.0586220807297,"SHAPE_Area":0.0000922930204054}},
{"type":"Feature","geometry":{"type":"Polygon","coordinates":[[[151.5166,-33.2069],[151.5277,-33.2084],[151.5301,-33.2057],[151.533,-33.1918],[151.5298,-33.1887],[151.5323,-33.184],[151.5271,-33.1803],[151.5213,-33.1815],[151.5155,-33.1839],[151.5145,-33.1889],[151.5122,-33.1942],[151.5029,-33.1924],[151.4905,-33.1868],[151.4886,-33.1881],[151.4906,-33.195],[151.4883,-33.2084],[151.4903,-33.2079],[151.5008,-33.2052],[151.5055,-33.2049],[151.5166,-33.2069]]]},"properties":{"SAL_CODE21":"11288","SAL_NAME21":"Doyalson","STE_CODE21":"1","STE_NAME21":"New South Wales","AUS_CODE21":"AUS","AUS_NAME21":"Australia","AREASQKM21":8.2804,"LOCI_URI21":"http://linked.data.gov.au/dataset/asgsed3/SAL/11288","SHAPE_Leng":0.154950103455,"SHAPE_Area":0.000800687182828}},
{"type":"Feature","geometry":{"type":"Polygon","coordinates":[[[151.5561,-33.1917],[151.5577,-33.1889],[151.558,-33.1782],[151.5537,-33.1693],[151.5516,-33.1794],[151.54,-33.1777],[151.5375,-33.1842],[151.5323,-33.184],[151.5298,-33.1887],[151.533,-33.1918],[151.5404,-33.1917],[151.5493,-33.1931],[151.5561,-33.1917]]]},"properties":{"SAL_CODE21":"11289","SAL_NAME21":"Doyalson North","STE_CODE21":"1","STE_NAME21":"New South Wales","AUS_CODE21":"AUS","AUS_NAME21":"Australia","AREASQKM21":3.4625,"LOCI_URI21":"http://linked.data.gov.au/dataset/asgsed3/SAL/11289","SHAPE_Leng":0.100959994593,"SHAPE_Area":0.000334776331838}},
{"type":"Feature","geometry":{"type":"Polygon","coordinates":[[[151.1498,-33.862],[151.1578,-33.8573],[151.1609,-33.8582],[151.1636,-33.8547],[151.1569,-33.8455],[151.1538,-33.8454],[151.1519,-33.8421],[151.1443,-33.8447],[151.1495,-33.8467],[151.1477,-33.8503],[151.1424,-33.8533],[151.1498,-33.862]]]},"properties":{"SAL_CODE21":"11296","SAL_NAME21":"Drummoyne","STE_CODE21":"1","STE_NAME21":"New South Wales","AUS_CODE21":"AUS","AUS_NAME21":"Australia","AREASQKM21":2.3101,"LOCI_URI21":"http://linked.data.gov.au/dataset/asgsed3/SAL/11296","SHAPE_Leng":0.0931072323844,"SHAPE_Area":0.000225067799479}},
{"type":"Feature","geometry":{"type":"Polygon","coordinates":[[[151.2053,-33.6731],[151.2044,-33.6701],[151.2019,-33.6697],[151.2007,-33.6658],[151.1976,-33.6621],[151.1933,-33.6646],[151.1905,-33.6629],[151.1739,-33.6727],[151.1737,-33.6756],[151.1764,-33.6771],[151.1756,-33.6813],[151.1772,-33.6848],[151.1804,-33.6835],[151.1876,-33.6846],[151.189,-33.682],[151.193,-33.6831],[151.1955,-33.6833],[151.2001,-33.6767],[151.2052,-33.6754],[151.2053,-33.6731]]]},"properties":{"SAL_CODE21":"11304","SAL_NAME21":"Duffys Forest","STE_CODE21":"1","STE_NAME21":"New South Wales","AUS_CODE21":"AUS","AUS_NAME21":"Australia","AREASQKM21":4.6204,"LOCI_URI21":"http://linked.data.gov.au/dataset/asgsed3/SAL/11304","SHAPE_Leng":0.131140695837,"SHAPE_Area":0.000449208686958}},
{"type":"Feature","geometry":{"type":"Polygon","coordinates":[[[151.1286,-33.9047],[151.1344,-33.9057],[151.135,-33.9132],[151.1366,-33.9141],[151.1413,-33.9111],[151.1462,-33.9111],[151.1441,-33.908],[151.1488,-33.9037],[151.1491,-33.901],[151.1491,-33.9003],[151.1464,-33.9],[151.1425,-33.8953],[151.1387,-33.8955],[151.132,-33.9009],[151.1286,-33.9047]]]},"properties":{"SAL_CODE21":"11306","SAL_NAME21":"Dulwich Hill","STE_CODE21":"1","STE_NAME21":"New South Wales","AUS_CODE21":"AUS","AUS_NAME21":"Australia","AREASQKM21":2.1219,"LOCI_URI21":"http://linked.data.gov.au/dataset/asgsed3/SAL/11306","SHAPE_Leng":0.0704336831012,"SHAPE_Area":0.000206830850517}},
{"type":"Feature","geometry":{"type":"Polygon","coordinates":[[[151.057,-33.7987],[151.0551,-33.7992],[151.0462,-33.798],[151.0415,-33.799],[151.0377,-33.8022],[151.0357,-33.8014],[151.0292,-33.8041],[151.028,-33.809],[151.0298,-33.8093],[151.0319,-33.8048],[151.043,-33.8064],[151.0479,-33.8033],[151.0506,-33.8038],[151.0575,-33.802],[151.057,-33.7987]]]},"properties":{"SAL_CODE21":"11315","SAL_NAME21":"Dundas (NSW)","STE_CODE21":"1","STE_NAME21":"New South Wales","AUS_CODE21":"AUS","AUS_NAME21":"Australia","AREASQKM21":1.3874,"LOCI_URI21":"http://linked.data.gov.au/dataset/asgsed3/SAL/11315","SHAPE_Leng":0.0893959698865,"SHAPE_Area":0.000135083034214}},
{"type":"Feature","geometry":{"type":"Polygon","coordinates":[[[151.0462,-33.7891],[151.0501,-33.7923],[151.0452,-33.796],[151.0462,-33.798],[151.0551,-33.7992],[151.057,-33.7987],[151.0652,-33.7965],[151.0655,-33.7907],[151.0621,-33.7918],[151.0579,-33.7894],[151.0567,-33.7857],[151.0527,-33.7852],[151.0488,-33.7892],[151.0462,-33.7891]]]},"properties":{"SAL_CODE21":"11316","SAL_NAME21":"Dundas Valley","STE_CODE21":"1","STE_NAME21":"New South Wales","AUS_CODE21":"AUS","AUS_NAME21":"Australia","AREASQKM21":1.8055,"LOCI_URI21":"http://linked.data.gov.au/dataset/asgsed3/SAL/11316","SHAPE_Leng":0.0853188190716,"SHAPE_Area":0.000175751633097}},
{"type":"Feature","geometry":{"type":"Polygon","coordinates":[[[151.0319,-33.7203],[151.0339,-33.7191],[151.0342,-33.7153],[151.0386,-33.7123],[151.0446,-33.7113],[151.0443,-33.7091],[151.0478,-33.7064],[151.0548,-33.7067],[151.0589,-33.704],[151.0671,-33.704],[151.0724,-33.7007],[151.0774,-33.6961],[151.0819,-33.6937],[151.0827,-33.689],[151.0807,-33.6865],[151.0809,-33.6822],[151.0871,-33.6782],[151.0875,-33.6734],[151.0846,-33.6708],[151.0864,-33.6692],[151.0839,-33.6655],[151.08,-33.6649],[151.077,-33.6687],[151.0781,-33.6706],[151.0736,-33.6735],[151.0694,-33.6723],[151.0662,-33.6727],[151.0574,-33.6703],[151.0572,-33.6678],[151.0512,-33.6659],[151.0497,-33.6633],[151.0443,-33.663],[151.0395,-33.6609],[151.0381,-33.6624],[151.0328,-33.6617],[151.0335,-33.6545],[151.0257,-33.6534],[151.0273,-33.6516],[151.0202,-33.6507],[151.0176,-33.6522],[151.0069,-33.6507],[151.0055,-33.6499],[151.0066,-33.6534],[151.0092,-33.6538],[151.01,-33.658],[151.0085,-33.6652],[151.0105,-33.6656],[151.0096,-33.6705],[151.0147,-33.6718],[151.0132,-33.6801],[151.0144,-33.685],[151.0124,-33.6876],[151.0076,-33.6849],[151.0012,-33.6844],[151.0002,-33.6863],[150.9952,-33.6852],[150.9945,-33.6887],[150.9977,-33.689],[150.9983,-33.6922],[151.0042,-33.693],[151.0094,-33.6962],[151.0121,-33.6999],[151.0118,-33.7027],[151.0226,-33.7072],[151.0247,-33.7103],[151.0274,-33.715],[151.0319,-33.7203]]]},"properties":{"SAL_CODE21":"11331","SAL_NAME21":"Dural (Hornsby - NSW)","STE_CODE21":"1","STE_NAME21":"New South Wales","AUS_CODE21":"AUS","AUS_NAME21":"Australia","AREASQKM21":34.1349,"LOCI_URI21":"http://linked.data.gov.au/dataset/asgsed3/SAL/11331","SHAPE_Leng":0.384995604124,"SHAPE_Area":0.00331894595659}},
{"type":"Feature","geometry":{"type":"Polygon","coordinates":[[[151.3893,-33.1879],[151.3987,-33.1935],[151.4107,-33.1957],[151.411,-33.1941],[151.4124,-33.1893],[151.4111,-33.1874],[151.3986,-33.1857],[151.4006,-33.1758],[151.3978,-33.1702],[151.39,-33.17],[151.3821,-33.1716],[151.3803,-33.1749],[151.3827,-33.1787],[151.3822,-33.1823],[151.385,-33.1828],[151.3893,-33.1879]]]},"properties":{"SAL_CODE21":"11339","SAL_NAME21":"Durren Durren","STE_CODE21":"1","STE_NAME21":"New South Wales","AUS_CODE21":"AUS","AUS_NAME21":"Australia","AREASQKM21":4.3675,"LOCI_URI21":"http://linked.data.gov.au/dataset/asgsed3/SAL/11339","SHAPE_Leng":0.107413638053,"SHAPE_Area":0.000422250346122}},
{"type":"Feature","geometry":{"type":"Polygon","coordinates":[[[150.8025,-34.047],[150.8043,-34.0424],[150.8098,-34.041],[150.8216,-34.043],[150.8237,-34.0372],[150.8242,-34.0324],[150.8241,-34.0297],[150.8181,-34.0289],[150.8122,-34.0322],[150.811,-34.0342],[150.8048,-34.0361],[150.8002,-34.0357],[150.7984,-34.0449],[150.8025,-34.047]]]},"properties":{"SAL_CODE21":"11344","SAL_NAME21":"Eagle Vale","STE_CODE21":"1","STE_NAME21":"New South Wales","AUS_CODE21":"AUS","AUS_NAME21":"Australia","AREASQKM21":2.5188,"LOCI_URI21":"http://linked.data.gov.au/dataset/asgsed3/SAL/11344","SHAPE_Leng":0.0795321811373,"SHAPE_Area":0.00024593030883}},
{"type":"Feature","geometry":{"type":"Polygon","coordinates":[[[151.1333,-33.9317],[151.1373,-33.9304],[151.1399,-33.9274],[151.1436,-33.9281],[151.148,-33.9272],[151.153,-33.9275],[151.155,-33.9262],[151.1552,-33.9241],[151.1507,-33.9231],[151.148,-33.9213],[151.1411,-33.9228],[151.1371,-33.9213],[151.14,-33.9163],[151.1366,-33.9141],[151.135,-33.9132],[151.1297,-33.9162],[151.1274,-33.9149],[151.1221,-33.9144],[151.1174,-33.9179],[151.1139,-33.9232],[151.1088,-33.9226],[151.1073,-33.9227],[151.1085,-33.9278],[151.1104,-33.9343],[151.1129,-33.9368],[151.1171,-33.9357],[151.1199,-33.9332],[151.1255,-33.9306],[151.1333,-33.9317]]]},"properties":{"SAL_CODE21":"11346","SAL_NAME21":"Earlwood","STE_CODE21":"1","STE_NAME21":"New South Wales","AUS_CODE21":"AUS","AUS_NAME21":"Australia","AREASQKM21":5.6094,"LOCI_URI21":"http://linked.data.gov.au/dataset/asgsed3/SAL/11346","SHAPE_Leng":0.135093587806,"SHAPE_Area":0.000546947700157}},
{"type":"Feature","geometry":{"type":"Polygon","coordinates":[[[151.3455,-33.4406],[151.3488,-33.4403],[151.3527,-33.4437],[151.3571,-33.4426],[151.3596,-33.4381],[151.3637,-33.4372],[151.3593,-33.4316],[151.36,-33.4257],[151.3557,-33.4251],[151.3551,-33.4277],[151.3504,-33.427],[151.3469,-33.4337],[151.3455,-33.4406]]]},"properties":{"SAL_CODE21":"11352","SAL_NAME21":"East Gosford","STE_CODE21":"1","STE_NAME21":"New South Wales","AUS_CODE21":"AUS","AUS_NAME21":"Australia","AREASQKM21":2.0706,"LOCI_URI21":"http://linked.data.gov.au/dataset/asgsed3/SAL/11352","SHAPE_Leng":0.0694134838301,"SHAPE_Area":0.000200741929255}},
{"type":"Feature","geometry":{"type":"Polygon","coordinates":[[[150.9907,-33.9675],[150.9939,-33.9664],[150.9939,-33.9622],[150.9959,-33.9614],[150.995,-33.9557],[150.9886,-33.9549],[150.982,-33.958],[150.9806,-33.9602],[150.9808,-33.9642],[150.9838,-33.9658],[150.9881,-33.9656],[150.9907,-33.9675]]]},"properties":{"SAL_CODE21":"11354","SAL_NAME21":"East Hills","STE_CODE21":"1","STE_NAME21":"New South Wales","AUS_CODE21":"AUS","AUS_NAME21":"Australia","AREASQKM21":1.4271,"LOCI_URI21":"http://linked.data.gov.au/dataset/asgsed3/SAL/11354","SHAPE_Leng":0.0560653501962,"SHAPE_Area":0.000139234379719}},
{"type":"Feature","geometry":{"type":"Polygon","coordinates":[[[151.1907,-33.7474],[151.1844,-33.7477],[151.1801,-33.7467],[151.1728,-33.7517],[151.1711,-33.7516],[151.1679,-33.7551],[151.1728,-33.7593],[151.1747,-33.7644],[151.178,-33.7674],[151.1781,-33.7681],[151.1792,-33.7656],[151.184,-33.7624],[151.1844,-33.7599],[151.1883,-33.7603],[151.1924,-33.759],[151.1913,-33.7559],[151.1958,-33.754],[151.1921,-33.7481],[151.1907,-33.7474]]]},"properties":{"SAL_CODE21":"11358","SAL_NAME21":"East Killara","STE_CODE21":"1","STE_NAME21":"New South Wales","AUS_CODE21":"AUS","AUS_NAME21":"Australia","AREASQKM21":3.1902,"LOCI_URI21":"http://linked.data.gov.au/dataset/asgsed3/SAL/11358","SHAPE_Leng":0.0888599899678,"SHAPE_Area":0.000310451409278}},
{"type":"Feature","geometry":{"type":"Polygon","coordinates":[[[150.7291,-33.5056],[150.7266,-33.5076],[150.7209,-33.5068],[150.7185,-33.5102],[150.7129,-33.5128],[150.7061,-33.5119],[150.7053,-33.5155],[150.7009,-33.5149],[150.6979,-33.5165],[150.6919,-33.5288],[150.6985,-33.5278],[150.7028,-33.5286],[150.7035,-33.5256],[150.7061,-33.5234],[150.7155,-33.5247],[150.7221,-33.5269],[150.7256,-33.525],[150.7288,-33.5259],[150.7306,-33.5222],[150.7361,-33.5173],[150.7404,-33.52],[150.7453,-33.5192],[150.7479,-33.5207],[150.7515,-33.5203],[150.7613,-33.5214],[150.7661,-33.523],[150.7762,-33.5202],[150.7772,-33.5153],[150.7983,-33.5182],[150.8037,-33.5206],[150.8072,-33.5243],[150.814,-33.5231],[150.8145,-33.5156],[150.816,-33.5145],[150.8232,-33.5155],[150.8231,-33.5121],[150.8251,-33.5113],[150.8334,-33.5114],[150.8351,-33.5023],[150.847,-33.5045],[150.8513,-33.5068],[150.8518,-33.5114],[150.8618,-33.5147],[150.867,-33.5116],[150.8681,-33.5076],[150.8647,-33.506],[150.8612,-33.5042],[150.8635,-33.4931],[150.8668,-33.4936],[150.8657,-33.4852],[150.8643,-33.4856],[150.8515,-33.4811],[150.8456,-33.4816],[150.8341,-33.4826],[150.8337,-33.4845],[150.8135,-33.4818],[150.813,-33.4843],[150.809,-33.4848],[150.8047,-33.4871],[150.8028,-33.4904],[150.7997,-33.4912],[150.7955,-33.4941],[150.7947,-33.4979],[150.786,-33.4967],[150.7852,-33.5005],[150.7801,-33.4999],[150.7795,-33.5032],[150.7756,-33.5017],[150.7727,-33.5035],[150.7719,-33.506],[150.7691,-33.5074],[150.7637,-33.5067],[150.7614,-33.5083],[150.7584,-33.5072],[150.7561,-33.5089],[150.7486,-33.5089],[150.7443,-33.507],[150.7375,-33.5068],[150.7324,-33.5054],[150.7291,-33.5056]]]},"properties":{"SAL_CODE21":"11359","SAL_NAME21":"East Kurrajong","STE_CODE21":"1","STE_NAME21":"New South Wales","AUS_CODE21":"AUS","AUS_NAME21":"Australia","AREASQKM21":35.6229,"LOCI_URI21":"http://linked.data.gov.au/dataset/asgsed3/SAL/11359","SHAPE_Leng":0.517387321813,"SHAPE_Area":0.00345663196148}},
{"type":"Feature","geometry":{"type":"Polygon","coordinates":[[[151.1781,-33.7681],[151.1778,-33.7695],[151.1817,-33.7743],[151.1834,-33.7757],[151.193,-33.7733],[151.1945,-33.7678],[151.1985,-33.7681],[151.1984,-33.7624],[151.1924,-33.759],[151.1883,-33.7603],[151.1844,-33.7599],[151.184,-33.7624],[151.1792,-33.7656],[151.1781,-33.7681]]]},"properties":{"SAL_CODE21":"11360","SAL_NAME21":"East Lindfield","STE_CODE21":"1","STE_NAME21":"New South Wales","AUS_CODE21":"AUS","AUS_NAME21":"Australia","AREASQKM21":2.3305,"LOCI_URI21":"http://linked.data.gov.au/dataset/asgsed3/SAL/11360","SHAPE_Leng":0.0722302452438,"SHAPE_Area":0.000226840965806}},
{"type":"Feature","geometry":{"type":"Polygon","coordinates":[[[151.1352,-33.8141],[151.1363,-33.8148],[151.1369,-33.8152],[151.1406,-33.8171],[151.1416,-33.81],[151.1411,-33.8066],[151.1381,-33.8068],[151.1335,-33.8035],[151.1272,-33.8094],[151.1352,-33.8141]]]},"properties":{"SAL_CODE21":"11364","SAL_NAME21":"East Ryde","STE_CODE21":"1","STE_NAME21":"New South Wales","AUS_CODE21":"AUS","AUS_NAME21":"Australia","AREASQKM21":1.0928,"LOCI_URI21":"http://linked.data.gov.au/dataset/asgsed3/SAL/11364","SHAPE_Leng":0.0560875304899,"SHAPE_Area":0.000106406459612}},
{"type":"Feature","geometry":{"type":"Polygon","coordinates":[[[150.8711,-33.7923],[150.863,-33.7908],[150.861,-33.7845],[150.8626,-33.7835],[150.8632,-33.7786],[150.8653,-33.7764],[150.8633,-33.7709],[150.8547,-33.7751],[150.8572,-33.7794],[150.8434,-33.7861],[150.8543,-33.7887],[150.8546,-33.7908],[150.8527,-33.7965],[150.8473,-33.7954],[150.8361,-33.792],[150.8276,-33.7905],[150.8119,-33.7907],[150.8115,-33.7911],[150.8102,-33.7928],[150.814,-33.7988],[150.8142,-33.8054],[150.8156,-33.8078],[150.8135,-33.8095],[150.8149,-33.8184],[150.8129,-33.8223],[150.8277,-33.8207],[150.8564,-33.8208],[150.8709,-33.8238],[150.8713,-33.8178],[150.8725,-33.8163],[150.8728,-33.8107],[150.879,-33.8053],[150.8857,-33.807],[150.8884,-33.8056],[150.8891,-33.8018],[150.886,-33.801],[150.8801,-33.8012],[150.8702,-33.8004],[150.8715,-33.7924],[150.8711,-33.7923]]]},"properties":{"SAL_CODE21":"11369","SAL_NAME21":"Eastern Creek","STE_CODE21":"1","STE_NAME21":"New South Wales","AUS_CODE21":"AUS","AUS_NAME21":"Australia","AREASQKM21":20.431,"LOCI_URI21":"http://linked.data.gov.au/dataset/asgsed3/SAL/11369","SHAPE_Leng":0.300105386914,"SHAPE_Area":0.00198925454999}},
{"type":"Feature","geometry":{"type":"Polygon","coordinates":[[[151.2234,-33.9481],[151.2282,-33.9489],[151.2316,-33.9506],[151.23,-33.9475],[151.227,-33.9457],[151.2285,-33.9401],[151.224,-33.9395],[151.2216,-33.9455],[151.2234,-33.9481]]]},"properties":{"SAL_CODE21":"11370","SAL_NAME21":"Eastgardens","STE_CODE21":"1","STE_NAME21":"New South Wales","AUS_CODE21":"AUS","AUS_NAME21":"Australia","AREASQKM21":0.5373,"LOCI_URI21":"http://linked.data.gov.au/dataset/asgsed3/SAL/11370","SHAPE_Leng":0.0385285225538,"SHAPE_Area":0.0000523995513421}},
{"type":"Feature","geometry":{"type":"Polygon","coordinates":[[[151.2218,-33.9254],[151.2153,-33.9245],[151.2143,-33.9243],[151.207,-33.9229],[151.2062,-33.927],[151.2049,-33.9329],[151.2076,-33.9359],[151.2141,-33.9392],[151.2187,-33.936],[151.2207,-33.9277],[151.2218,-33.9254]]]},"properties":{"SAL_CODE21":"11371","SAL_NAME21":"Eastlakes","STE_CODE21":"1","STE_NAME21":"New South Wales","AUS_CODE21":"AUS","AUS_NAME21":"Australia","AREASQKM21":2.0026,"LOCI_URI21":"http://linked.data.gov.au/dataset/asgsed3/SAL/11371","SHAPE_Leng":0.0614340383097,"SHAPE_Area":0.000195284437078}},
{"type":"Feature","geometry":{"type":"Polygon","coordinates":[[[151.0655,-33.7907],[151.0652,-33.7965],[151.0654,-33.7968],[151.0682,-33.7963],[151.0704,-33.7996],[151.0733,-33.7988],[151.0791,-33.7978],[151.0817,-33.7955],[151.0897,-33.7942],[151.0902,-33.7929],[151.0924,-33.7913],[151.1003,-33.794],[151.1023,-33.7954],[151.1057,-33.7908],[151.1044,-33.7897],[151.1001,-33.7812],[151.0935,-33.7773],[151.0914,-33.7809],[151.0864,-33.7821],[151.0803,-33.7824],[151.0786,-33.7812],[151.0696,-33.7832],[151.0696,-33.7861],[151.0647,-33.787],[151.0655,-33.7907]]]},"properties":{"SAL_CODE21":"11372","SAL_NAME21":"Eastwood (NSW)","STE_CODE21":"1","STE_NAME21":"New South Wales","AUS_CODE21":"AUS","AUS_NAME21":"Australia","AREASQKM21":5.1944,"LOCI_URI21":"http://linked.data.gov.au/dataset/asgsed3/SAL/11372","SHAPE_Leng":0.131372674843,"SHAPE_Area":0.000505592814075}},
{"type":"Feature","geometry":{"type":"Polygon","coordinates":[[[150.9193,-33.5167],[150.9227,-33.5138],[150.9266,-33.5084],[150.9277,-33.5049],[150.9266,-33.5029],[150.9217,-33.5015],[150.9151,-33.5014],[150.9103,-33.4999],[150.9044,-33.4942],[150.9009,-33.4894],[150.8963,-33.4864],[150.8942,-33.4926],[150.8884,-33.4985],[150.8873,-33.5059],[150.8797,-33.5034],[150.8745,-33.5062],[150.8724,-33.505],[150.8684,-33.5066],[150.8647,-33.506],[150.8681,-33.5076],[150.867,-33.5116],[150.8665,-33.5146],[150.8609,-33.5229],[150.8568,-33.5233],[150.8536,-33.5264],[150.8534,-33.5287],[150.8498,-33.5336],[150.8566,-33.5401],[150.857,-33.5434],[150.8702,-33.5452],[150.8736,-33.544],[150.8762,-33.5458],[150.8818,-33.5469],[150.8893,-33.5422],[150.8901,-33.5391],[150.8958,-33.5355],[150.9005,-33.5269],[150.9066,-33.524],[150.9058,-33.5195],[150.8996,-33.5153],[150.8995,-33.5115],[150.9054,-33.5106],[150.9146,-33.5173],[150.9193,-33.5167]]]},"properties":{"SAL_CODE21":"11374","SAL_NAME21":"Ebenezer (NSW)","STE_CODE21":"1","STE_NAME21":"New South Wales","AUS_CODE21":"AUS","AUS_NAME21":"Australia","AREASQKM21":21.8579,"LOCI_URI21":"http://linked.data.gov.au/dataset/asgsed3/SAL/11374","SHAPE_Leng":0.270229869491,"SHAPE_Area":0.00212128862357}},
{"type":"Feature","geometry":{"type":"Polygon","coordinates":[[[150.8648,-33.8834],[150.8741,-33.887],[150.8824,-33.8889],[150.8868,-33.8861],[150.8904,-33.8825],[150.8873,-33.8812],[150.885,-33.876],[150.8847,-33.8697],[150.8823,-33.8688],[150.8754,-33.8728],[150.87,-33.8724],[150.8693,-33.875],[150.8648,-33.8834]]]},"properties":{"SAL_CODE21":"11380","SAL_NAME21":"Edensor Park","STE_CODE21":"1","STE_NAME21":"New South Wales","AUS_CODE21":"AUS","AUS_NAME21":"Australia","AREASQKM21":3.0955,"LOCI_URI21":"http://linked.data.gov.au/dataset/asgsed3/SAL/11380","SHAPE_Leng":0.0778534898792,"SHAPE_Area":0.000301626745372}},
{"type":"Feature","geometry":{"type":"Polygon","coordinates":[[[151.2297,-33.8764],[151.2295,-33.8768],[151.2344,-33.8798],[151.2375,-33.883],[151.2422,-33.8809],[151.2376,-33.879],[151.2376,-33.8774],[151.2297,-33.8764]]]},"properties":{"SAL_CODE21":"11382","SAL_NAME21":"Edgecliff","STE_CODE21":"1","STE_NAME21":"New South Wales","AUS_CODE21":"AUS","AUS_NAME21":"Australia","AREASQKM21":0.3194,"LOCI_URI21":"http://linked.data.gov.au/dataset/asgsed3/SAL/11382","SHAPE_Leng":0.045534630166,"SHAPE_Area":0.0000311274025465}},
{"type":"Feature","geometry":{"type":"Polygon","coordinates":[[[150.8745,-33.9669],[150.8765,-33.9568],[150.866,-33.9553],[150.8492,-33.9515],[150.8386,-33.9501],[150.8372,-33.9514],[150.8256,-33.9585],[150.8258,-33.9601],[150.8281,-33.9616],[150.8413,-33.9562],[150.8502,-33.9781],[150.8518,-33.9764],[150.8653,-33.9717],[150.8745,-33.9669]]]},"properties":{"SAL_CODE21":"11386","SAL_NAME21":"Edmondson Park","STE_CODE21":"1","STE_NAME21":"New South Wales","AUS_CODE21":"AUS","AUS_NAME21":"Australia","AREASQKM21":6.9463,"LOCI_URI21":"http://linked.data.gov.au/dataset/asgsed3/SAL/11386","SHAPE_Leng":0.134083668823,"SHAPE_Area":0.000677546704058}},
{"type":"Feature","geometry":{"type":"Polygon","coordinates":[[[151.2855,-33.7104],[151.2869,-33.7025],[151.2848,-33.7022],[151.2865,-33.6973],[151.2832,-33.6917],[151.2776,-33.6909],[151.275,-33.6943],[151.2667,-33.6929],[151.2663,-33.6951],[151.2601,-33.6942],[151.259,-33.7033],[151.2622,-33.7052],[151.272,-33.7063],[151.2748,-33.7088],[151.2748,-33.7123],[151.2812,-33.7087],[151.2855,-33.7104]]]},"properties":{"SAL_CODE21":"11392","SAL_NAME21":"Elanora Heights","STE_CODE21":"1","STE_NAME21":"New South Wales","AUS_CODE21":"AUS","AUS_NAME21":"Australia","AREASQKM21":3.8765,"LOCI_URI21":"http://linked.data.gov.au/dataset/asgsed3/SAL/11392","SHAPE_Leng":0.101608416098,"SHAPE_Area":0.000376989442827}},
{"type":"Feature","geometry":{"type":"Polygon","coordinates":[[[150.7004,-34.0712],[150.7006,-34.0715],[150.7147,-34.0653],[150.7203,-34.0645],[150.7264,-34.0619],[150.732,-34.058],[150.7329,-34.0573],[150.732,-34.0518],[150.7274,-34.0536],[150.7222,-34.0448],[150.7178,-34.0471],[150.7152,-34.0439],[150.7081,-34.0478],[150.704,-34.0482],[150.7058,-34.0519],[150.6997,-34.0652],[150.7004,-34.0712]]]},"properties":{"SAL_CODE21":"11394","SAL_NAME21":"Elderslie (Camden - NSW)","STE_CODE21":"1","STE_NAME21":"New South Wales","AUS_CODE21":"AUS","AUS_NAME21":"Australia","AREASQKM21":5.251,"LOCI_URI21":"http://linked.data.gov.au/dataset/asgsed3/SAL/11394","SHAPE_Leng":0.108408069685,"SHAPE_Area":0.000512709926922}},
{"type":"Feature","geometry":{"type":"Polygon","coordinates":[[[151.2251,-33.8741],[151.2301,-33.873],[151.2318,-33.8713],[151.2276,-33.868],[151.2257,-33.8684],[151.2251,-33.8741]]]},"properties":{"SAL_CODE21":"11398","SAL_NAME21":"Elizabeth Bay","STE_CODE21":"1","STE_NAME21":"New South Wales","AUS_CODE21":"AUS","AUS_NAME21":"Australia","AREASQKM21":0.2509,"LOCI_URI21":"http://linked.data.gov.au/dataset/asgsed3/SAL/11398","SHAPE_Leng":0.0253909769759,"SHAPE_Area":0.0000244607842602}},
{"type":"Feature","geometry":{"type":"Polygon","coordinates":[[[150.8418,-33.8953],[150.8409,-33.8994],[150.8441,-33.9016],[150.8466,-33.9059],[150.8483,-33.9065],[150.8552,-33.9053],[150.8556,-33.9003],[150.8513,-33.899],[150.8498,-33.8951],[150.8418,-33.8953]]]},"properties":{"SAL_CODE21":"11400","SAL_NAME21":"Elizabeth Hills","STE_CODE21":"1","STE_NAME21":"New South Wales","AUS_CODE21":"AUS","AUS_NAME21":"Australia","AREASQKM21":1.1228,"LOCI_URI21":"http://linked.data.gov.au/dataset/asgsed3/SAL/11400","SHAPE_Leng":0.0455127893236,"SHAPE_Area":0.000109438919606}},
{"type":"Feature","geometry":{"type":"Polygon","coordinates":[[[150.666,-34.0406],[150.67,-34.0443],[150.6704,-34.0477],[150.678,-34.0488],[150.6773,-34.0428],[150.6802,-34.0361],[150.6875,-34.0297],[150.6922,-34.027],[150.6919,-34.0214],[150.6885,-34.0196],[150.6846,-34.0201],[150.6778,-34.0257],[150.6705,-34.0263],[150.6721,-34.0292],[150.6694,-34.0317],[150.6689,-34.0358],[150.6661,-34.0376],[150.666,-34.0406]]]},"properties":{"SAL_CODE21":"11408","SAL_NAME21":"Ellis Lane","STE_CODE21":"1","STE_NAME21":"New South Wales","AUS_CODE21":"AUS","AUS_NAME21":"Australia","AREASQKM21":3.5761,"LOCI_URI21":"http://linked.data.gov.au/dataset/asgsed3/SAL/11408","SHAPE_Leng":0.0994527371767,"SHAPE_Area":0.000349120188445}},
{"type":"Feature","geometry":{"type":"Polygon","coordinates":[[[151.277,-33.6382],[151.2746,-33.645],[151.281,-33.6413],[151.277,-33.6382]]]},"properties":{"SAL_CODE21":"11413","SAL_NAME21":"Elvina Bay","STE_CODE21":"1","STE_NAME21":"New South Wales","AUS_CODE21":"AUS","AUS_NAME21":"Australia","AREASQKM21":0.2523,"LOCI_URI21":"http://linked.data.gov.au/dataset/asgsed3/SAL/11413","SHAPE_Leng":0.03317522191,"SHAPE_Area":0.0000245160582258}},
{"type":"Feature","geometry":{"type":"Polygon","coordinates":[[[150.8096,-33.7351],[150.8041,-33.7404],[150.8009,-33.7472],[150.8015,-33.749],[150.802,-33.7507],[150.8093,-33.7479],[150.8108,-33.743],[150.8087,-33.7389],[150.8096,-33.7351]]]},"properties":{"SAL_CODE21":"11416","SAL_NAME21":"Emerton","STE_CODE21":"1","STE_NAME21":"New South Wales","AUS_CODE21":"AUS","AUS_NAME21":"Australia","AREASQKM21":0.896,"LOCI_URI21":"http://linked.data.gov.au/dataset/asgsed3/SAL/11416","SHAPE_Leng":0.0440773912286,"SHAPE_Area":0.0000871492279394}},
{"type":"Feature","geometry":{"type":"Polygon","coordinates":[[[151.3748,-33.5005],[151.3711,-33.4995],[151.3662,-33.5025],[151.3643,-33.4996],[151.37,-33.4992],[151.3699,-33.4937],[151.3642,-33.4933],[151.3586,-33.4898],[151.3543,-33.4913],[151.3528,-33.4968],[151.3547,-33.496],[151.36,-33.4994],[151.3596,-33.5067],[151.3639,-33.5091],[151.3661,-33.5093],[151.3701,-33.5136],[151.3781,-33.5164],[151.3784,-33.5146],[151.3847,-33.5157],[151.386,-33.5083],[151.3846,-33.5053],[151.3793,-33.5046],[151.3734,-33.5067],[151.3748,-33.5005]]]},"properties":{"SAL_CODE21":"11418","SAL_NAME21":"Empire Bay","STE_CODE21":"1","STE_NAME21":"New South Wales","AUS_CODE21":"AUS","AUS_NAME21":"Australia","AREASQKM21":3.9739,"LOCI_URI21":"http://linked.data.gov.au/dataset/asgsed3/SAL/11418","SHAPE_Leng":0.133706023485,"SHAPE_Area":0.000385580296911}},
{"type":"Feature","geometry":{"type":"Polygon","coordinates":[[[150.6428,-33.7492],[150.6438,-33.7493],[150.6442,-33.7466],[150.6489,-33.744],[150.6542,-33.748],[150.657,-33.7324],[150.6574,-33.7279],[150.6533,-33.7195],[150.6554,-33.7169],[150.652,-33.7164],[150.6497,-33.716],[150.6484,-33.7218],[150.6441,-33.7212],[150.6425,-33.7302],[150.647,-33.7308],[150.6441,-33.7342],[150.6425,-33.7419],[150.6406,-33.748],[150.6428,-33.7492]]]},"properties":{"SAL_CODE21":"11420","SAL_NAME21":"Emu Heights (NSW)","STE_CODE21":"1","STE_NAME21":"New South Wales","AUS_CODE21":"AUS","AUS_NAME21":"Australia","AREASQKM21":3.4297,"LOCI_URI21":"http://linked.data.gov.au/dataset/asgsed3/SAL/11420","SHAPE_Leng":0.103469262773,"SHAPE_Area":0.000333674785938}},
{"type":"Feature","geometry":{"type":"Polygon","coordinates":[[[150.6574,-33.7279],[150.657,-33.7324],[150.6542,-33.748],[150.6489,-33.744],[150.6442,-33.7466],[150.6438,-33.7493],[150.6446,-33.7532],[150.6418,-33.7585],[150.6465,-33.7562],[150.6527,-33.758],[150.6599,-33.7647],[150.668,-33.7587],[150.6728,-33.753],[150.6739,-33.7541],[150.6827,-33.7463],[150.6853,-33.7413],[150.6856,-33.7371],[150.6811,-33.7321],[150.6742,-33.7346],[150.667,-33.7349],[150.6615,-33.7338],[150.6574,-33.7279]]]},"properties":{"SAL_CODE21":"11421","SAL_NAME21":"Emu Plains","STE_CODE21":"1","STE_NAME21":"New South Wales","AUS_CODE21":"AUS","AUS_NAME21":"Australia","AREASQKM21":8.1202,"LOCI_URI21":"http://linked.data.gov.au/dataset/asgsed3/SAL/11421","SHAPE_Leng":0.148158972226,"SHAPE_Area":0.000790084022011}},
{"type":"Feature","geometry":{"type":"Polygon","coordinates":[[[151.0955,-33.886],[151.0915,-33.8876],[151.0906,-33.8931],[151.1002,-33.8945],[151.1008,-33.8915],[151.1017,-33.8876],[151.0955,-33.886]]]},"properties":{"SAL_CODE21":"11424","SAL_NAME21":"Enfield (NSW)","STE_CODE21":"1","STE_NAME21":"New South Wales","AUS_CODE21":"AUS","AUS_NAME21":"Australia","AREASQKM21":0.7266,"LOCI_URI21":"http://linked.data.gov.au/dataset/asgsed3/SAL/11424","SHAPE_Leng":0.0336074614209,"SHAPE_Area":0.0000707999638124}},
{"type":"Feature","geometry":{"type":"Polygon","coordinates":[[[150.997,-34.047],[150.9954,-34.0481],[150.9953,-34.0558],[150.9963,-34.0602],[150.999,-34.0644],[150.9979,-34.0686],[150.9988,-34.0718],[151.0046,-34.0731],[151.0067,-34.0746],[151.008,-34.0783],[151.0116,-34.079],[151.0118,-34.0741],[151.0141,-34.0687],[151.0168,-34.0658],[151.021,-34.0633],[151.0334,-34.0584],[151.026,-34.0599],[151.0244,-34.0547],[151.0275,-34.0518],[151.032,-34.0513],[151.033,-34.0479],[151.0362,-34.0467],[151.0396,-34.042],[151.0404,-34.0361],[151.0378,-34.0361],[151.0342,-34.0388],[151.0303,-34.0393],[151.0247,-34.0424],[151.0139,-34.0409],[151.0136,-34.0433],[151.0058,-34.0464],[151.0031,-34.0425],[151.0003,-34.046],[150.997,-34.047]]]},"properties":{"SAL_CODE21":"11425","SAL_NAME21":"Engadine","STE_CODE21":"1","STE_NAME21":"New South Wales","AUS_CODE21":"AUS","AUS_NAME21":"Australia","AREASQKM21":9.2325,"LOCI_URI21":"http://linked.data.gov.au/dataset/asgsed3/SAL/11425","SHAPE_Leng":0.206778154818,"SHAPE_Area":0.000901525054174}},
{"type":"Feature","geometry":{"type":"Polygon","coordinates":[[[150.7993,-34.0797],[150.7941,-34.0793],[150.7944,-34.0823],[150.7993,-34.0797]]]},"properties":{"SAL_CODE21":"11426","SAL_NAME21":"Englorie Park","STE_CODE21":"1","STE_NAME21":"New South Wales","AUS_CODE21":"AUS","AUS_NAME21":"Australia","AREASQKM21":0.1075,"LOCI_URI21":"http://linked.data.gov.au/dataset/asgsed3/SAL/11426","SHAPE_Leng":0.0153407654075,"SHAPE_Area":0.0000104945149018}},
{"type":"Feature","geometry":{"type":"Polygon","coordinates":[[[151.1733,-33.905],[151.1756,-33.9034],[151.1715,-33.8954],[151.1695,-33.8989],[151.1663,-33.8977],[151.1641,-33.8998],[151.1702,-33.9008],[151.1733,-33.905]]]},"properties":{"SAL_CODE21":"11428","SAL_NAME21":"Enmore (Inner West - NSW)","STE_CODE21":"1","STE_NAME21":"New South Wales","AUS_CODE21":"AUS","AUS_NAME21":"Australia","AREASQKM21":0.4477,"LOCI_URI21":"http://linked.data.gov.au/dataset/asgsed3/SAL/11428","SHAPE_Leng":0.0446098682423,"SHAPE_Area":0.0000436568188261}},
{"type":"Feature","geometry":{"type":"Polygon","coordinates":[[[151.0647,-33.7622],[151.0644,-33.7643],[151.0574,-33.7704],[151.0575,-33.7755],[151.0599,-33.775],[151.0612,-33.7803],[151.064,-33.7842],[151.0671,-33.7842],[151.0696,-33.7861],[151.0696,-33.7832],[151.0786,-33.7812],[151.0803,-33.7824],[151.0864,-33.7821],[151.0914,-33.7809],[151.0935,-33.7773],[151.0945,-33.7727],[151.0973,-33.7657],[151.0943,-33.7645],[151.0836,-33.7642],[151.0707,-33.7618],[151.0683,-33.7606],[151.0647,-33.7622]]]},"properties":{"SAL_CODE21":"11431","SAL_NAME21":"Epping (NSW)","STE_CODE21":"1","STE_NAME21":"New South Wales","AUS_CODE21":"AUS","AUS_NAME21":"Australia","AREASQKM21":6.8382,"LOCI_URI21":"http://linked.data.gov.au/dataset/asgsed3/SAL/11431","SHAPE_Leng":0.14410322133,"SHAPE_Area":0.000665481628901}},
{"type":"Feature","geometry":{"type":"Polygon","coordinates":[[[151.3596,-33.4381],[151.3653,-33.437],[151.3695,-33.4387],[151.3696,-33.4428],[151.3727,-33.4432],[151.3734,-33.4387],[151.3829,-33.4412],[151.3873,-33.4446],[151.3864,-33.4477],[151.3979,-33.4492],[151.3988,-33.4447],[151.4061,-33.4452],[151.4068,-33.4418],[151.4049,-33.441],[151.4058,-33.4361],[151.409,-33.4342],[151.4133,-33.4332],[151.4104,-33.4317],[151.41,-33.4288],[151.4028,-33.4259],[151.3946,-33.4277],[151.3936,-33.4282],[151.3884,-33.4322],[151.3855,-33.4312],[151.3818,-33.4347],[151.3765,-33.4355],[151.3749,-33.4369],[151.371,-33.4372],[151.366,-33.4367],[151.3637,-33.4372],[151.3596,-33.4381]]]},"properties":{"SAL_CODE21":"11436","SAL_NAME21":"Erina","STE_CODE21":"1","STE_NAME21":"New South Wales","AUS_CODE21":"AUS","AUS_NAME21":"Australia","AREASQKM21":5.155,"LOCI_URI21":"http://linked.data.gov.au/dataset/asgsed3/SAL/11436","SHAPE_Leng":0.170490058312,"SHAPE_Area":0.000499842725717}},
{"type":"Feature","geometry":{"type":"Polygon","coordinates":[[[151.4133,-33.4332],[151.4152,-33.4286],[151.4203,-33.4286],[151.4213,-33.4271],[151.419,-33.423],[151.4165,-33.4245],[151.4104,-33.4237],[151.4108,-33.4218],[151.4031,-33.4208],[151.3976,-33.4213],[151.3968,-33.4248],[151.3946,-33.4277],[151.4028,-33.4259],[151.41,-33.4288],[151.4104,-33.4317],[151.4133,-33.4332]]]},"properties":{"SAL_CODE21":"11437","SAL_NAME21":"Erina Heights","STE_CODE21":"1","STE_NAME21":"New South Wales","AUS_CODE21":"AUS","AUS_NAME21":"Australia","AREASQKM21":1.5248,"LOCI_URI21":"http://linked.data.gov.au/dataset/asgsed3/SAL/11437","SHAPE_Leng":0.085160466064,"SHAPE_Area":0.000147819941634}},
{"type":"Feature","geometry":{"type":"Polygon","coordinates":[[[151.0506,-33.8038],[151.0531,-33.8094],[151.0513,-33.8236],[151.0576,-33.824],[151.0621,-33.8245],[151.0675,-33.8226],[151.068,-33.818],[151.0662,-33.8106],[151.0665,-33.8087],[151.0705,-33.8071],[151.0661,-33.8025],[151.0654,-33.7968],[151.0652,-33.7965],[151.057,-33.7987],[151.0575,-33.802],[151.0506,-33.8038]]]},"properties":{"SAL_CODE21":"11438","SAL_NAME21":"Ermington","STE_CODE21":"1","STE_NAME21":"New South Wales","AUS_CODE21":"AUS","AUS_NAME21":"Australia","AREASQKM21":3.8596,"LOCI_URI21":"http://linked.data.gov.au/dataset/asgsed3/SAL/11438","SHAPE_Leng":0.0928573965334,"SHAPE_Area":0.000375852294041}},
{"type":"Feature","geometry":{"type":"Polygon","coordinates":[[[150.8076,-33.791],[150.8066,-33.7955],[150.8045,-33.7978],[150.7929,-33.8049],[150.7871,-33.8106],[150.7754,-33.8118],[150.7763,-33.8225],[150.779,-33.8272],[150.8129,-33.8223],[150.8149,-33.8184],[150.8135,-33.8095],[150.8156,-33.8078],[150.8142,-33.8054],[150.814,-33.7988],[150.8102,-33.7928],[150.8115,-33.7911],[150.8076,-33.791]]]},"properties":{"SAL_CODE21":"11441","SAL_NAME21":"Erskine Park","STE_CODE21":"1","STE_NAME21":"New South Wales","AUS_CODE21":"AUS","AUS_NAME21":"Australia","AREASQKM21":8.3944,"LOCI_URI21":"http://linked.data.gov.au/dataset/asgsed3/SAL/11441","SHAPE_Leng":0.143493677418,"SHAPE_Area":0.000817398249648}},
{"type":"Feature","geometry":{"type":"Polygon","coordinates":[[[151.1894,-33.8981],[151.1853,-33.8969],[151.1825,-33.8989],[151.1809,-33.9039],[151.1816,-33.9069],[151.1816,-33.9071],[151.187,-33.9076],[151.1922,-33.9019],[151.1894,-33.8981]]]},"properties":{"SAL_CODE21":"11442","SAL_NAME21":"Erskineville","STE_CODE21":"1","STE_NAME21":"New South Wales","AUS_CODE21":"AUS","AUS_NAME21":"Australia","AREASQKM21":0.8075,"LOCI_URI21":"http://linked.data.gov.au/dataset/asgsed3/SAL/11442","SHAPE_Leng":0.0425602386879,"SHAPE_Area":0.000078746591329}},
{"type":"Feature","geometry":{"type":"Polygon","coordinates":[[[150.7984,-34.0449],[150.8002,-34.0357],[150.8048,-34.0361],[150.811,-34.0342],[150.8122,-34.0322],[150.8181,-34.0289],[150.8134,-34.0235],[150.8078,-34.0271],[150.791,-34.0281],[150.7907,-34.0337],[150.7926,-34.036],[150.7899,-34.0393],[150.7965,-34.044],[150.7984,-34.0449]]]},"properties":{"SAL_CODE21":"11444","SAL_NAME21":"Eschol Park","STE_CODE21":"1","STE_NAME21":"New South Wales","AUS_CODE21":"AUS","AUS_NAME21":"Australia","AREASQKM21":2.7262,"LOCI_URI21":"http://linked.data.gov.au/dataset/asgsed3/SAL/11444","SHAPE_Leng":0.0853844121341,"SHAPE_Area":0.000266130256276}},
{"type":"Feature","geometry":{"type":"Polygon","coordinates":[[[151.327,-33.5077],[151.3252,-33.5156],[151.3252,-33.5217],[151.3283,-33.5246],[151.3322,-33.5228],[151.3343,-33.5172],[151.3367,-33.5151],[151.3425,-33.5172],[151.3432,-33.5091],[151.3373,-33.5087],[151.3325,-33.5097],[151.3296,-33.5075],[151.327,-33.5077]]]},"properties":{"SAL_CODE21":"11448","SAL_NAME21":"Ettalong Beach","STE_CODE21":"1","STE_NAME21":"New South Wales","AUS_CODE21":"AUS","AUS_NAME21":"Australia","AREASQKM21":1.7771,"LOCI_URI21":"http://linked.data.gov.au/dataset/asgsed3/SAL/11448","SHAPE_Leng":0.074711944008,"SHAPE_Area":0.000172491196355}},
{"type":"Feature","geometry":{"type":"Polygon","coordinates":[[[151.1975,-33.895],[151.1967,-33.8918],[151.1893,-33.894],[151.1853,-33.8969],[151.1894,-33.8981],[151.1975,-33.8971],[151.1975,-33.895]]]},"properties":{"SAL_CODE21":"11474","SAL_NAME21":"Eveleigh","STE_CODE21":"1","STE_NAME21":"New South Wales","AUS_CODE21":"AUS","AUS_NAME21":"Australia","AREASQKM21":0.5272,"LOCI_URI21":"http://linked.data.gov.au/dataset/asgsed3/SAL/11474","SHAPE_Leng":0.0415264181409,"SHAPE_Area":0.0000513755897724}},
{"type":"Feature","geometry":{"type":"Polygon","coordinates":[[[150.9581,-33.8821],[150.9603,-33.8792],[150.9658,-33.8773],[150.9648,-33.8732],[150.961,-33.8702],[150.963,-33.8691],[150.9595,-33.8618],[150.9548,-33.8556],[150.9507,-33.8569],[150.9481,-33.8598],[150.9474,-33.8631],[150.9512,-33.8636],[150.9472,-33.8701],[150.941,-33.8693],[150.9402,-33.873],[150.937,-33.8723],[150.9363,-33.8761],[150.9475,-33.8824],[150.9487,-33.8815],[150.9581,-33.8821]]]},"properties":{"SAL_CODE21":"11480","SAL_NAME21":"Fairfield (NSW)","STE_CODE21":"1","STE_NAME21":"New South Wales","AUS_CODE21":"AUS","AUS_NAME21":"Australia","AREASQKM21":4.4299,"LOCI_URI21":"http://linked.data.gov.au/dataset/asgsed3/SAL/11480","SHAPE_Leng":0.132643070244,"SHAPE_Area":0.000431695891991}},
{"type":"Feature","geometry":{"type":"Polygon","coordinates":[[[150.9669,-33.8823],[150.9754,-33.8806],[150.9761,-33.8766],[150.9814,-33.8761],[150.9855,-33.8705],[150.9803,-33.8698],[150.9699,-33.8684],[150.963,-33.8691],[150.961,-33.8702],[150.9648,-33.8732],[150.9658,-33.8773],[150.9669,-33.8823]]]},"properties":{"SAL_CODE21":"11481","SAL_NAME21":"Fairfield East","STE_CODE21":"1","STE_NAME21":"New South Wales","AUS_CODE21":"AUS","AUS_NAME21":"Australia","AREASQKM21":1.9874,"LOCI_URI21":"http://linked.data.gov.au/dataset/asgsed3/SAL/11481","SHAPE_Leng":0.065206270039,"SHAPE_Area":0.000193659975878}},
{"type":"Feature","geometry":{"type":"Polygon","coordinates":[[[150.9474,-33.8631],[150.9337,-33.8612],[150.9318,-33.8712],[150.937,-33.8723],[150.9402,-33.873],[150.941,-33.8693],[150.9472,-33.8701],[150.9512,-33.8636],[150.9474,-33.8631]]]},"properties":{"SAL_CODE21":"11482","SAL_NAME21":"Fairfield Heights","STE_CODE21":"1","STE_NAME21":"New South Wales","AUS_CODE21":"AUS","AUS_NAME21":"Australia","AREASQKM21":1.4742,"LOCI_URI21":"http://linked.data.gov.au/dataset/asgsed3/SAL/11482","SHAPE_Leng":0.0541170353357,"SHAPE_Area":0.000143634686682}},
{"type":"Feature","geometry":{"type":"Polygon","coordinates":[[[150.9353,-33.8814],[150.9363,-33.8761],[150.937,-33.8723],[150.9318,-33.8712],[150.9337,-33.8612],[150.9179,-33.8591],[150.9189,-33.8625],[150.9108,-33.8653],[150.9126,-33.8667],[150.9166,-33.8744],[150.9224,-33.8756],[150.926,-33.8744],[150.9291,-33.8775],[150.9353,-33.8814]]]},"properties":{"SAL_CODE21":"11483","SAL_NAME21":"Fairfield West","STE_CODE21":"1","STE_NAME21":"New South Wales","AUS_CODE21":"AUS","AUS_NAME21":"Australia","AREASQKM21":3.2173,"LOCI_URI21":"http://linked.data.gov.au/dataset/asgsed3/SAL/11483","SHAPE_Leng":0.0937480399858,"SHAPE_Area":0.000313458220428}},
{"type":"Feature","geometry":{"type":"Polygon","coordinates":[[[151.2686,-33.7977],[151.2735,-33.8011],[151.2772,-33.8002],[151.2803,-33.7922],[151.2763,-33.7912],[151.2747,-33.7876],[151.2701,-33.7871],[151.2686,-33.7977]]]},"properties":{"SAL_CODE21":"11485","SAL_NAME21":"Fairlight","STE_CODE21":"1","STE_NAME21":"New South Wales","AUS_CODE21":"AUS","AUS_NAME21":"Australia","AREASQKM21":1.1683,"LOCI_URI21":"http://linked.data.gov.au/dataset/asgsed3/SAL/11485","SHAPE_Leng":0.0553339825295,"SHAPE_Area":0.000113726336081}},
{"type":"Feature","geometry":{"type":"Polygon","coordinates":[[[150.5427,-33.7077],[150.5436,-33.7036],[150.5463,-33.704],[150.5479,-33.6961],[150.5503,-33.6905],[150.5545,-33.6902],[150.5644,-33.6916],[150.5675,-33.6893],[150.5685,-33.6841],[150.5739,-33.6849],[150.5747,-33.6807],[150.5712,-33.6802],[150.5724,-33.6747],[150.5778,-33.6757],[150.5793,-33.6682],[150.5845,-33.6689],[150.5868,-33.6626],[150.5842,-33.6624],[150.5851,-33.6582],[150.5824,-33.6551],[150.5772,-33.6543],[150.5755,-33.6566],[150.5721,-33.6582],[150.5714,-33.6617],[150.5689,-33.6655],[150.5635,-33.6667],[150.561,-33.6713],[150.5604,-33.6775],[150.5558,-33.6749],[150.5566,-33.6707],[150.5543,-33.6675],[150.5476,-33.6688],[150.5477,-33.6739],[150.5425,-33.6731],[150.5417,-33.6771],[150.5349,-33.6761],[150.533,-33.6852],[150.5278,-33.6845],[150.5261,-33.6929],[150.5304,-33.6935],[150.5286,-33.7],[150.5238,-33.6993],[150.523,-33.7035],[150.5249,-33.7077],[150.5209,-33.7124],[150.5217,-33.7144],[150.5268,-33.7147],[150.5407,-33.716],[150.539,-33.7128],[150.5399,-33.7081],[150.5427,-33.7077]]]},"properties":{"SAL_CODE21":"11499","SAL_NAME21":"Faulconbridge","STE_CODE21":"1","STE_NAME21":"New South Wales","AUS_CODE21":"AUS","AUS_NAME21":"Australia","AREASQKM21":14.932,"LOCI_URI21":"http://linked.data.gov.au/dataset/asgsed3/SAL/11499","SHAPE_Leng":0.306023914456,"SHAPE_Area":0.00145186250498}},
{"type":"Feature","geometry":{"type":"Polygon","coordinates":[[[151.0247,-33.1799],[151.0187,-33.1855],[151.0096,-33.1862],[151.0086,-33.1837],[151.0033,-33.183],[150.9984,-33.1859],[150.9977,-33.1895],[150.9947,-33.1891],[150.9916,-33.2044],[150.9984,-33.2062],[150.999,-33.2029],[151.0032,-33.2035],[151.0065,-33.2016],[151.0073,-33.1973],[151.0248,-33.201],[151.0297,-33.1988],[151.0315,-33.1901],[151.0292,-33.1855],[151.0258,-33.1836],[151.0247,-33.1799]]]},"properties":{"SAL_CODE21":"11506","SAL_NAME21":"Fernances","STE_CODE21":"1","STE_NAME21":"New South Wales","AUS_CODE21":"AUS","AUS_NAME21":"Australia","AREASQKM21":6.1072,"LOCI_URI21":"http://linked.data.gov.au/dataset/asgsed3/SAL/11506","SHAPE_Leng":0.144190914044,"SHAPE_Area":0.000590519618073}},
{"type":"Feature","geometry":{"type":"Polygon","coordinates":[[[151.1109,-33.5868],[151.1145,-33.5856],[151.1201,-33.586],[151.1223,-33.5834],[151.1253,-33.5823],[151.1291,-33.5791],[151.1247,-33.5784],[151.1257,-33.5717],[151.1286,-33.5718],[151.1309,-33.5679],[151.1368,-33.5678],[151.1443,-33.5652],[151.1479,-33.5655],[151.1515,-33.5622],[151.1492,-33.5606],[151.1463,-33.5554],[151.1474,-33.5456],[151.1408,-33.5448],[151.141,-33.5477],[151.1391,-33.5503],[151.1325,-33.5503],[151.1368,-33.5458],[151.1329,-33.5435],[151.1237,-33.5409],[151.1271,-33.5376],[151.1316,-33.5402],[151.1376,-33.542],[151.1405,-33.5389],[151.1414,-33.5316],[151.1402,-33.5288],[151.1395,-33.532],[151.1355,-33.5315],[151.1367,-33.5259],[151.1274,-33.5276],[151.1315,-33.5227],[151.1308,-33.5189],[151.1248,-33.5211],[151.1225,-33.5187],[151.1199,-33.5138],[151.116,-33.5108],[151.1125,-33.5146],[151.1101,-33.5207],[151.103,-33.5225],[151.0986,-33.5249],[151.0938,-33.5226],[151.0874,-33.5218],[151.0857,-33.5241],[151.0776,-33.5261],[151.0734,-33.5237],[151.0684,-33.5234],[151.0628,-33.5287],[151.06,-33.529],[151.0579,-33.533],[151.0507,-33.535],[151.0467,-33.5322],[151.0461,-33.5355],[151.0423,-33.5425],[151.0308,-33.5447],[151.0291,-33.5509],[151.0321,-33.5544],[151.0296,-33.5573],[151.0316,-33.5586],[151.0332,-33.5624],[151.0309,-33.5658],[151.0327,-33.5686],[151.033,-33.5784],[151.035,-33.5816],[151.0363,-33.5873],[151.033,-33.5898],[151.0358,-33.5945],[151.0356,-33.6012],[151.0345,-33.604],[151.041,-33.6065],[151.0424,-33.6043],[151.0493,-33.6054],[151.0503,-33.6088],[151.0547,-33.6105],[151.056,-33.6083],[151.0611,-33.6104],[151.0636,-33.6079],[151.0643,-33.6002],[151.067,-33.5978],[151.0682,-33.5925],[151.0724,-33.5892],[151.0757,-33.5888],[151.0797,-33.5852],[151.0806,-33.5823],[151.0835,-33.5798],[151.0876,-33.5786],[151.094,-33.578],[151.1039,-33.5814],[151.1074,-33.5811],[151.1109,-33.5868]]]},"properties":{"SAL_CODE21":"11516","SAL_NAME21":"Fiddletown","STE_CODE21":"1","STE_NAME21":"New South Wales","AUS_CODE21":"AUS","AUS_NAME21":"Australia","AREASQKM21":69.4133,"LOCI_URI21":"http://linked.data.gov.au/dataset/asgsed3/SAL/11516","SHAPE_Leng":0.567491784978,"SHAPE_Area":0.00673947006164}},
{"type":"Feature","geometry":{"type":"Polygon","coordinates":[[[151.1117,-33.8697],[151.1233,-33.8715],[151.1275,-33.8742],[151.1331,-33.8729],[151.137,-33.8731],[151.1421,-33.8704],[151.1415,-33.8685],[151.1394,-33.8688],[151.1395,-33.8637],[151.1385,-33.862],[151.1343,-33.8629],[151.1347,-33.859],[151.1285,-33.8603],[151.1275,-33.8618],[151.118,-33.8641],[151.1169,-33.8689],[151.1121,-33.8682],[151.1116,-33.8697],[151.1117,-33.8697]]]},"properties":{"SAL_CODE21":"11533","SAL_NAME21":"Five Dock","STE_CODE21":"1","STE_NAME21":"New South Wales","AUS_CODE21":"AUS","AUS_NAME21":"Australia","AREASQKM21":2.4622,"LOCI_URI21":"http://linked.data.gov.au/dataset/asgsed3/SAL/11533","SHAPE_Leng":0.0928942150539,"SHAPE_Area":0.000239858161222}},
{"type":"Feature","geometry":{"type":"Polygon","coordinates":[[[151.013,-33.5399],[151.0103,-33.545],[151.0132,-33.5484],[151.0098,-33.5532],[151.0133,-33.5558],[151.0139,-33.5581],[151.0208,-33.5594],[151.0296,-33.5573],[151.0321,-33.5544],[151.0291,-33.5509],[151.0308,-33.5447],[151.0423,-33.5425],[151.0461,-33.5355],[151.0467,-33.5322],[151.0398,-33.5309],[151.0366,-33.532],[151.0327,-33.5316],[151.029,-33.5367],[151.0196,-33.539],[151.013,-33.5399]]]},"properties":{"SAL_CODE21":"11545","SAL_NAME21":"Forest Glen (NSW)","STE_CODE21":"1","STE_NAME21":"New South Wales","AUS_CODE21":"AUS","AUS_NAME21":"Australia","AREASQKM21":5.603,"LOCI_URI21":"http://linked.data.gov.au/dataset/asgsed3/SAL/11545","SHAPE_Leng":0.119870017515,"SHAPE_Area":0.000543924758702}},
{"type":"Feature","geometry":{"type":"Polygon","coordinates":[[[151.1762,-33.8827],[151.182,-33.8855],[151.1872,-33.8847],[151.1823,-33.8823],[151.1796,-33.8769],[151.1769,-33.876],[151.1762,-33.8827]]]},"properties":{"SAL_CODE21":"11549","SAL_NAME21":"Forest Lodge","STE_CODE21":"1","STE_NAME21":"New South Wales","AUS_CODE21":"AUS","AUS_NAME21":"Australia","AREASQKM21":0.4502,"LOCI_URI21":"http://linked.data.gov.au/dataset/asgsed3/SAL/11549","SHAPE_Leng":0.0398887092855,"SHAPE_Area":0.0000438150869305}},
{"type":"Feature","geometry":{"type":"Polygon","coordinates":[[[151.1924,-33.759],[151.1984,-33.7624],[151.1985,-33.7681],[151.2028,-33.7705],[151.2029,-33.7735],[151.2044,-33.7725],[151.2053,-33.769],[151.2039,-33.7665],[151.2059,-33.7635],[151.2083,-33.7668],[151.213,-33.7676],[151.215,-33.7701],[151.2219,-33.7689],[151.2229,-33.7636],[151.2277,-33.7643],[151.2291,-33.7613],[151.2298,-33.759],[151.2244,-33.7581],[151.2228,-33.7544],[151.2186,-33.7522],[151.2165,-33.7498],[151.2132,-33.7508],[151.2096,-33.7539],[151.2045,-33.753],[151.1958,-33.754],[151.1913,-33.7559],[151.1924,-33.759]]]},"properties":{"SAL_CODE21":"11551","SAL_NAME21":"Forestville (NSW)","STE_CODE21":"1","STE_NAME21":"New South Wales","AUS_CODE21":"AUS","AUS_NAME21":"Australia","AREASQKM21":4.6871,"LOCI_URI21":"http://linked.data.gov.au/dataset/asgsed3/SAL/11551","SHAPE_Leng":0.141718916656,"SHAPE_Area":0.000456111247102}},
{"type":"Feature","geometry":{"type":"Polygon","coordinates":[[[151.4623,-33.3989],[151.4593,-33.4025],[151.4565,-33.408],[151.4585,-33.4106],[151.4557,-33.4166],[151.4595,-33.4197],[151.4624,-33.4188],[151.463,-33.4152],[151.4689,-33.4098],[151.4764,-33.4075],[151.4785,-33.4034],[151.485,-33.3987],[151.4767,-33.3974],[151.476,-33.4009],[151.4645,-33.3998],[151.4623,-33.3989]]]},"properties":{"SAL_CODE21":"11552","SAL_NAME21":"Forresters Beach","STE_CODE21":"1","STE_NAME21":"New South Wales","AUS_CODE21":"AUS","AUS_NAME21":"Australia","AREASQKM21":2.7678,"LOCI_URI21":"http://linked.data.gov.au/dataset/asgsed3/SAL/11552","SHAPE_Leng":0.0963855394838,"SHAPE_Area":0.000268318377781}},
{"type":"Feature","geometry":{"type":"Polygon","coordinates":[[[151.4007,-33.3322],[151.3926,-33.3371],[151.3898,-33.3391],[151.3861,-33.3436],[151.382,-33.3467],[151.3847,-33.351],[151.3901,-33.3518],[151.389,-33.3587],[151.3946,-33.3644],[151.3986,-33.3632],[151.3991,-33.3609],[151.4052,-33.3618],[151.4068,-33.3653],[151.4118,-33.366],[151.4137,-33.3615],[151.4134,-33.3571],[151.4098,-33.3517],[151.4111,-33.3452],[151.4154,-33.3442],[151.4161,-33.3409],[151.4193,-33.3396],[151.4139,-33.3382],[151.4114,-33.3324],[151.4117,-33.3305],[151.4067,-33.3298],[151.4007,-33.3322]]]},"properties":{"SAL_CODE21":"11557","SAL_NAME21":"Fountaindale","STE_CODE21":"1","STE_NAME21":"New South Wales","AUS_CODE21":"AUS","AUS_NAME21":"Australia","AREASQKM21":7.7739,"LOCI_URI21":"http://linked.data.gov.au/dataset/asgsed3/SAL/11557","SHAPE_Leng":0.135075427053,"SHAPE_Area":0.000752991456587}},
{"type":"Feature","geometry":{"type":"Polygon","coordinates":[[[151.6068,-33.1785],[151.6067,-33.1825],[151.6153,-33.1926],[151.6198,-33.1944],[151.6218,-33.1971],[151.6253,-33.1977],[151.622,-33.1894],[151.6233,-33.1875],[151.6293,-33.1871],[151.6298,-33.1842],[151.6287,-33.1797],[151.618,-33.1781],[151.6187,-33.1752],[151.6093,-33.1738],[151.609,-33.1778],[151.6068,-33.1785]]]},"properties":{"SAL_CODE21":"11562","SAL_NAME21":"Frazer Park","STE_CODE21":"1","STE_NAME21":"New South Wales","AUS_CODE21":"AUS","AUS_NAME21":"Australia","AREASQKM21":2.9774,"LOCI_URI21":"http://linked.data.gov.au/dataset/asgsed3/SAL/11562","SHAPE_Leng":0.102571015158,"SHAPE_Area":0.000287866970637}},
{"type":"Feature","geometry":{"type":"Polygon","coordinates":[[[151.602,-33.2092],[151.6041,-33.2076],[151.6028,-33.2067],[151.6018,-33.2016],[151.5999,-33.1993],[151.5951,-33.1967],[151.5898,-33.1847],[151.5841,-33.1865],[151.5834,-33.1872],[151.59,-33.1969],[151.5864,-33.1988],[151.5884,-33.2015],[151.5886,-33.2046],[151.5912,-33.2076],[151.602,-33.2092]]]},"properties":{"SAL_CODE21":"11566","SAL_NAME21":"Freemans","STE_CODE21":"1","STE_NAME21":"New South Wales","AUS_CODE21":"AUS","AUS_NAME21":"Australia","AREASQKM21":2.2434,"LOCI_URI21":"http://linked.data.gov.au/dataset/asgsed3/SAL/11566","SHAPE_Leng":0.081020315459,"SHAPE_Area":0.000216933351732}},
{"type":"Feature","geometry":{"type":"Polygon","coordinates":[[[150.8142,-33.604],[150.8171,-33.6048],[150.8229,-33.6029],[150.8194,-33.597],[150.8299,-33.5917],[150.8315,-33.5887],[150.8317,-33.5853],[150.8304,-33.5734],[150.8317,-33.5693],[150.8278,-33.5688],[150.8274,-33.5654],[150.8295,-33.5634],[150.8255,-33.5608],[150.8217,-33.5602],[150.8198,-33.5507],[150.8209,-33.5453],[150.8197,-33.5424],[150.8165,-33.5419],[150.8176,-33.5361],[150.815,-33.5342],[150.8092,-33.5347],[150.8079,-33.5362],[150.7995,-33.541],[150.7966,-33.5411],[150.7929,-33.544],[150.79,-33.5439],[150.7851,-33.5457],[150.7827,-33.5444],[150.775,-33.545],[150.7724,-33.5468],[150.7634,-33.5468],[150.7578,-33.5458],[150.7585,-33.5478],[150.7623,-33.5483],[150.7616,-33.5521],[150.7554,-33.5517],[150.7583,-33.5645],[150.7597,-33.5651],[150.7664,-33.5656],[150.7718,-33.5668],[150.7775,-33.5688],[150.7911,-33.5768],[150.799,-33.5807],[150.8086,-33.5836],[150.8151,-33.5837],[150.8207,-33.5826],[150.8249,-33.5851],[150.8191,-33.5944],[150.8142,-33.5996],[150.8142,-33.604]]]},"properties":{"SAL_CODE21":"11567","SAL_NAME21":"Freemans Reach","STE_CODE21":"1","STE_NAME21":"New South Wales","AUS_CODE21":"AUS","AUS_NAME21":"Australia","AREASQKM21":24.5998,"LOCI_URI21":"http://linked.data.gov.au/dataset/asgsed3/SAL/11567","SHAPE_Leng":0.316299847634,"SHAPE_Area":0.002388576642}},
{"type":"Feature","geometry":{"type":"Polygon","coordinates":[[[151.2491,-33.7567],[151.2498,-33.752],[151.2538,-33.7468],[151.2537,-33.7428],[151.2522,-33.7405],[151.2472,-33.7398],[151.2451,-33.7416],[151.237,-33.7405],[151.2366,-33.7368],[151.2271,-33.739],[151.2232,-33.7391],[151.2206,-33.7416],[151.2118,-33.7393],[151.2081,-33.7402],[151.2048,-33.7369],[151.2017,-33.7367],[151.1984,-33.74],[151.203,-33.7469],[151.1977,-33.747],[151.1921,-33.7481],[151.1958,-33.754],[151.2045,-33.753],[151.2096,-33.7539],[151.2132,-33.7508],[151.2165,-33.7498],[151.2186,-33.7522],[151.2228,-33.7544],[151.2244,-33.7581],[151.2298,-33.759],[151.2291,-33.7613],[151.2313,-33.7656],[151.2335,-33.7659],[151.2324,-33.7626],[151.2351,-33.7557],[151.2394,-33.7554],[151.2491,-33.7567]]]},"properties":{"SAL_CODE21":"11571","SAL_NAME21":"Frenchs Forest","STE_CODE21":"1","STE_NAME21":"New South Wales","AUS_CODE21":"AUS","AUS_NAME21":"Australia","AREASQKM21":8.6914,"LOCI_URI21":"http://linked.data.gov.au/dataset/asgsed3/SAL/11571","SHAPE_Leng":0.234609556541,"SHAPE_Area":0.000845698057623}},
{"type":"Feature","geometry":{"type":"Polygon","coordinates":[[[151.2786,-33.7693],[151.2786,-33.7726],[151.2749,-33.7719],[151.2737,-33.7749],[151.2761,-33.7763],[151.2755,-33.7788],[151.2792,-33.7821],[151.283,-33.7796],[151.286,-33.7801],[151.2898,-33.7826],[151.2926,-33.7807],[151.2939,-33.7764],[151.2902,-33.7752],[151.2876,-33.7704],[151.2786,-33.7693]]]},"properties":{"SAL_CODE21":"11572","SAL_NAME21":"Freshwater (NSW)","STE_CODE21":"1","STE_NAME21":"New South Wales","AUS_CODE21":"AUS","AUS_NAME21":"Australia","AREASQKM21":1.7543,"LOCI_URI21":"http://linked.data.gov.au/dataset/asgsed3/SAL/11572","SHAPE_Leng":0.0776769292373,"SHAPE_Area":0.000170729211319}},
{"type":"Feature","geometry":{"type":"Polygon","coordinates":[[[150.9088,-33.6456],[150.923,-33.6279],[150.9201,-33.6244],[150.9232,-33.6198],[150.915,-33.6168],[150.9044,-33.6118],[150.8896,-33.6335],[150.8961,-33.6355],[150.9016,-33.6386],[150.9086,-33.6404],[150.9088,-33.6456]]]},"properties":{"SAL_CODE21":"11580","SAL_NAME21":"Gables","STE_CODE21":"1","STE_NAME21":"New South Wales","AUS_CODE21":"AUS","AUS_NAME21":"Australia","AREASQKM21":6.121,"LOCI_URI21":"http://linked.data.gov.au/dataset/asgsed3/SAL/11580","SHAPE_Leng":0.107778494034,"SHAPE_Area":0.000594771046722}},
{"type":"Feature","geometry":{"type":"Polygon","coordinates":[[[151.0301,-33.6344],[151.0307,-33.6368],[151.032,-33.6391],[151.0301,-33.6429],[151.0306,-33.6483],[151.0335,-33.6545],[151.0328,-33.6617],[151.0381,-33.6624],[151.0395,-33.6609],[151.0443,-33.663],[151.0497,-33.6633],[151.0512,-33.6659],[151.0572,-33.6678],[151.0574,-33.6703],[151.0662,-33.6727],[151.0694,-33.6723],[151.0736,-33.6735],[151.0781,-33.6706],[151.077,-33.6687],[151.08,-33.6649],[151.0811,-33.6625],[151.0854,-33.6585],[151.0875,-33.6547],[151.0923,-33.6522],[151.0941,-33.6486],[151.0979,-33.6493],[151.1002,-33.6471],[151.1017,-33.6385],[151.1056,-33.6382],[151.1103,-33.6334],[151.1077,-33.6302],[151.1093,-33.6277],[151.1051,-33.6253],[151.1005,-33.6282],[151.094,-33.6289],[151.0881,-33.6265],[151.0867,-33.6278],[151.0813,-33.6272],[151.0768,-33.6292],[151.0747,-33.6318],[151.0686,-33.632],[151.068,-33.6353],[151.0632,-33.6341],[151.056,-33.634],[151.052,-33.635],[151.0519,-33.6303],[151.0467,-33.6312],[151.0397,-33.6337],[151.039,-33.6319],[151.0301,-33.6344]]]},"properties":{"SAL_CODE21":"11586","SAL_NAME21":"Galston","STE_CODE21":"1","STE_NAME21":"New South Wales","AUS_CODE21":"AUS","AUS_NAME21":"Australia","AREASQKM21":23.5592,"LOCI_URI21":"http://linked.data.gov.au/dataset/asgsed3/SAL/11586","SHAPE_Leng":0.277647401906,"SHAPE_Area":0.00228971739492}},
{"type":"Feature","geometry":{"type":"Polygon","coordinates":[[[150.9984,-33.9157],[151.0031,-33.9165],[151.0048,-33.9121],[151,-33.9118],[151.001,-33.9068],[150.9947,-33.9058],[150.9953,-33.9037],[150.9906,-33.9006],[150.986,-33.8998],[150.9764,-33.9036],[150.9795,-33.9063],[150.9774,-33.9092],[150.9735,-33.9099],[150.9739,-33.9155],[150.9816,-33.9164],[150.9818,-33.9136],[150.9852,-33.9123],[150.9873,-33.9139],[150.9984,-33.9157]]]},"properties":{"SAL_CODE21":"11605","SAL_NAME21":"Georges Hall","STE_CODE21":"1","STE_NAME21":"New South Wales","AUS_CODE21":"AUS","AUS_NAME21":"Australia","AREASQKM21":3.2933,"LOCI_URI21":"http://linked.data.gov.au/dataset/asgsed3/SAL/11605","SHAPE_Leng":0.107909034413,"SHAPE_Area":0.000321009117004}},
{"type":"Feature","geometry":{"type":"Polygon","coordinates":[[[150.8016,-34.1712],[150.7994,-34.1668],[150.7957,-34.1647],[150.7994,-34.1596],[150.7982,-34.1574],[150.8014,-34.1487],[150.798,-34.1457],[150.8001,-34.1399],[150.7996,-34.1324],[150.7985,-34.129],[150.802,-34.1283],[150.801,-34.1232],[150.8096,-34.1195],[150.8102,-34.1166],[150.8023,-34.1161],[150.7999,-34.1182],[150.797,-34.1172],[150.7938,-34.1155],[150.7903,-34.1114],[150.7863,-34.1104],[150.7861,-34.1061],[150.7812,-34.1027],[150.7792,-34.0994],[150.777,-34.0935],[150.7729,-34.0958],[150.7752,-34.099],[150.7769,-34.1017],[150.7763,-34.1053],[150.7744,-34.1071],[150.7639,-34.1058],[150.7621,-34.1069],[150.7588,-34.1159],[150.7561,-34.1206],[150.7559,-34.1248],[150.7501,-34.1323],[150.7552,-34.1361],[150.7563,-34.1413],[150.7518,-34.1465],[150.7498,-34.1521],[150.7523,-34.1556],[150.7547,-34.1618],[150.7521,-34.1639],[150.8016,-34.1712]]]},"properties":{"SAL_CODE21":"11621","SAL_NAME21":"Gilead","STE_CODE21":"1","STE_NAME21":"New South Wales","AUS_CODE21":"AUS","AUS_NAME21":"Australia","AREASQKM21":28.0354,"LOCI_URI21":"http://linked.data.gov.au/dataset/asgsed3/SAL/11621","SHAPE_Leng":0.304569119188,"SHAPE_Area":0.00274017700117}},
{"type":"Feature","geometry":{"type":"Polygon","coordinates":[[[150.9525,-33.7955],[150.9519,-33.7906],[150.9389,-33.7945],[150.9377,-33.8007],[150.9339,-33.8071],[150.9361,-33.8081],[150.9459,-33.8095],[150.952,-33.8002],[150.954,-33.7998],[150.9525,-33.7955]]]},"properties":{"SAL_CODE21":"11640","SAL_NAME21":"Girraween (NSW)","STE_CODE21":"1","STE_NAME21":"New South Wales","AUS_CODE21":"AUS","AUS_NAME21":"Australia","AREASQKM21":2.3156,"LOCI_URI21":"http://linked.data.gov.au/dataset/asgsed3/SAL/11640","SHAPE_Leng":0.0645297162686,"SHAPE_Area":0.000225469076361}},
{"type":"Feature","geometry":{"type":"Polygon","coordinates":[[[151.1352,-33.8141],[151.1295,-33.817],[151.124,-33.8168],[151.1206,-33.8201],[151.1203,-33.8246],[151.1158,-33.8248],[151.1152,-33.8263],[151.1202,-33.8296],[151.1201,-33.833],[151.1212,-33.835],[151.1197,-33.8377],[151.1243,-33.84],[151.1331,-33.841],[151.1356,-33.8398],[151.1331,-33.838],[151.1352,-33.8349],[151.1342,-33.8307],[151.1302,-33.8281],[151.136,-33.8195],[151.1377,-33.818],[151.1363,-33.8148],[151.1352,-33.8141]]]},"properties":{"SAL_CODE21":"11642","SAL_NAME21":"Gladesville","STE_CODE21":"1","STE_NAME21":"New South Wales","AUS_CODE21":"AUS","AUS_NAME21":"Australia","AREASQKM21":3.5065,"LOCI_URI21":"http://linked.data.gov.au/dataset/asgsed3/SAL/11642","SHAPE_Leng":0.113404549571,"SHAPE_Area":0.000341451013116}},
{"type":"Feature","geometry":{"type":"Polygon","coordinates":[[[151.1769,-33.876],[151.1796,-33.8769],[151.1823,-33.8823],[151.1872,-33.8847],[151.1949,-33.8844],[151.194,-33.8761],[151.1923,-33.8739],[151.1893,-33.8756],[151.1848,-33.8709],[151.1805,-33.8712],[151.1774,-33.8727],[151.1769,-33.876]]]},"properties":{"SAL_CODE21":"11645","SAL_NAME21":"Glebe (NSW)","STE_CODE21":"1","STE_NAME21":"New South Wales","AUS_CODE21":"AUS","AUS_NAME21":"Australia","AREASQKM21":1.6872,"LOCI_URI21":"http://linked.data.gov.au/dataset/asgsed3/SAL/11645","SHAPE_Leng":0.0657569301129,"SHAPE_Area":0.000164448092596}},
{"type":"Feature","geometry":{"type":"Polygon","coordinates":[[[150.7619,-34.0187],[150.7612,-34.02],[150.761,-34.0202],[150.7725,-34.0251],[150.7791,-34.018],[150.7818,-34.0205],[150.7844,-34.0199],[150.7872,-34.0232],[150.786,-34.025],[150.787,-34.0294],[150.7907,-34.0337],[150.791,-34.0281],[150.7893,-34.0236],[150.7918,-34.0201],[150.7883,-34.0176],[150.7877,-34.0154],[150.794,-34.0119],[150.7964,-34.0096],[150.7942,-34.008],[150.7959,-34.0038],[150.7877,-33.9936],[150.785,-33.9967],[150.7719,-34.0081],[150.764,-34.0157],[150.7619,-34.0187]]]},"properties":{"SAL_CODE21":"11646","SAL_NAME21":"Gledswood Hills","STE_CODE21":"1","STE_NAME21":"New South Wales","AUS_CODE21":"AUS","AUS_NAME21":"Australia","AREASQKM21":5.8032,"LOCI_URI21":"http://linked.data.gov.au/dataset/asgsed3/SAL/11646","SHAPE_Leng":0.144598072083,"SHAPE_Area":0.000566407157254}},
{"type":"Feature","geometry":{"type":"Polygon","coordinates":[[[150.7944,-34.0823],[150.7941,-34.0793],[150.7896,-34.0759],[150.7865,-34.0762],[150.7782,-34.0821],[150.7717,-34.0825],[150.762,-34.0846],[150.7562,-34.0874],[150.7519,-34.0912],[150.7494,-34.0953],[150.7752,-34.099],[150.7729,-34.0958],[150.777,-34.0935],[150.7792,-34.0994],[150.7803,-34.0979],[150.7875,-34.093],[150.7887,-34.0866],[150.7944,-34.0823]]]},"properties":{"SAL_CODE21":"11649","SAL_NAME21":"Glen Alpine","STE_CODE21":"1","STE_NAME21":"New South Wales","AUS_CODE21":"AUS","AUS_NAME21":"Australia","AREASQKM21":5.3624,"LOCI_URI21":"http://linked.data.gov.au/dataset/asgsed3/SAL/11649","SHAPE_Leng":0.137733665266,"SHAPE_Area":0.000523834147338}},
{"type":"Feature","geometry":{"type":"Polygon","coordinates":[[[150.6082,-33.7595],[150.6083,-33.7614],[150.6121,-33.7659],[150.6161,-33.769],[150.6072,-33.7678],[150.6092,-33.7756],[150.6146,-33.7756],[150.6205,-33.774],[150.6221,-33.7766],[150.6261,-33.7794],[150.6282,-33.7826],[150.6304,-33.7708],[150.635,-33.7671],[150.6394,-33.7691],[150.6426,-33.7688],[150.6418,-33.7585],[150.6446,-33.7532],[150.6438,-33.7493],[150.6428,-33.7492],[150.6411,-33.7521],[150.6331,-33.7535],[150.6288,-33.7514],[150.6257,-33.7511],[150.6141,-33.754],[150.6122,-33.7578],[150.6082,-33.7595]]]},"properties":{"SAL_CODE21":"11660","SAL_NAME21":"Glenbrook","STE_CODE21":"1","STE_NAME21":"New South Wales","AUS_CODE21":"AUS","AUS_NAME21":"Australia","AREASQKM21":7.0313,"LOCI_URI21":"http://linked.data.gov.au/dataset/asgsed3/SAL/11660","SHAPE_Leng":0.163382945613,"SHAPE_Area":0.000684305224246}},
{"type":"Feature","geometry":{"type":"Polygon","coordinates":[[[150.8494,-33.7337],[150.8467,-33.745],[150.8452,-33.7519],[150.847,-33.7549],[150.8465,-33.7604],[150.8557,-33.7618],[150.8571,-33.7575],[150.8617,-33.7525],[150.862,-33.7499],[150.8651,-33.7472],[150.8662,-33.7414],[150.8537,-33.7374],[150.8494,-33.7337]]]},"properties":{"SAL_CODE21":"11663","SAL_NAME21":"Glendenning","STE_CODE21":"1","STE_NAME21":"New South Wales","AUS_CODE21":"AUS","AUS_NAME21":"Australia","AREASQKM21":3.5717,"LOCI_URI21":"http://linked.data.gov.au/dataset/asgsed3/SAL/11663","SHAPE_Leng":0.091591883985,"SHAPE_Area":0.000347551242033}},
{"type":"Feature","geometry":{"type":"Polygon","coordinates":[[[150.8735,-33.9709],[150.8728,-33.9749],[150.8752,-33.9788],[150.8789,-33.9813],[150.882,-33.977],[150.887,-33.9774],[150.8908,-33.9819],[150.8959,-33.9837],[150.9032,-33.983],[150.911,-33.979],[150.9132,-33.9649],[150.9132,-33.9648],[150.903,-33.9634],[150.8993,-33.9619],[150.8904,-33.961],[150.8868,-33.9582],[150.8745,-33.9669],[150.8735,-33.9709]]]},"properties":{"SAL_CODE21":"11668","SAL_NAME21":"Glenfield (NSW)","STE_CODE21":"1","STE_NAME21":"New South Wales","AUS_CODE21":"AUS","AUS_NAME21":"Australia","AREASQKM21":6.9946,"LOCI_URI21":"http://linked.data.gov.au/dataset/asgsed3/SAL/11668","SHAPE_Leng":0.120644688014,"SHAPE_Area":0.000682342788771}},
{"type":"Feature","geometry":{"type":"Polygon","coordinates":[[[151.0247,-33.7103],[151.0226,-33.7072],[151.0118,-33.7027],[151.0121,-33.6999],[151.0094,-33.6962],[151.0042,-33.693],[150.9983,-33.6922],[150.9977,-33.689],[150.9945,-33.6887],[150.9906,-33.6886],[150.9888,-33.6916],[150.9819,-33.6919],[150.9753,-33.6909],[150.9718,-33.692],[150.9674,-33.691],[150.9689,-33.6928],[150.9793,-33.6995],[150.9841,-33.7035],[150.9888,-33.7034],[150.9901,-33.7056],[150.9938,-33.7078],[150.9943,-33.7109],[150.9966,-33.7131],[151.0016,-33.7146],[151.0161,-33.7147],[151.019,-33.7168],[151.0211,-33.7145],[151.0185,-33.713],[151.0211,-33.7099],[151.0247,-33.7103]]]},"properties":{"SAL_CODE21":"11671","SAL_NAME21":"Glenhaven","STE_CODE21":"1","STE_NAME21":"New South Wales","AUS_CODE21":"AUS","AUS_NAME21":"Australia","AREASQKM21":7.2139,"LOCI_URI21":"http://linked.data.gov.au/dataset/asgsed3/SAL/11671","SHAPE_Leng":0.180717013672,"SHAPE_Area":0.000701591533396}},
{"type":"Feature","geometry":{"type":"Polygon","coordinates":[[[150.5947,-34.086],[150.6007,-34.0895],[150.6076,-34.0871],[150.613,-34.0891],[150.6177,-34.0636],[150.6103,-34.0619],[150.6099,-34.0606],[150.6013,-34.059],[150.5891,-34.0671],[150.5877,-34.0719],[150.5909,-34.0782],[150.5939,-34.0795],[150.5928,-34.0818],[150.5947,-34.086]]]},"properties":{"SAL_CODE21":"11673","SAL_NAME21":"Glenmore (NSW)","STE_CODE21":"1","STE_NAME21":"New South Wales","AUS_CODE21":"AUS","AUS_NAME21":"Australia","AREASQKM21":6.6956,"LOCI_URI21":"http://linked.data.gov.au/dataset/asgsed3/SAL/11673","SHAPE_Leng":0.110982414175,"SHAPE_Area":0.000653945145734}},
{"type":"Feature","geometry":{"type":"Polygon","coordinates":[[[150.661,-33.7757],[150.6596,-33.7854],[150.6572,-33.7873],[150.658,-33.7905],[150.6635,-33.7937],[150.666,-33.7966],[150.6684,-33.7957],[150.6797,-33.7975],[150.6786,-33.8031],[150.6718,-33.8022],[150.6702,-33.8039],[150.6741,-33.8076],[150.6795,-33.8072],[150.6821,-33.8097],[150.6867,-33.8116],[150.6899,-33.8088],[150.6948,-33.8091],[150.6973,-33.8018],[150.6995,-33.7919],[150.7038,-33.7855],[150.693,-33.7834],[150.6853,-33.7811],[150.6816,-33.7797],[150.6732,-33.7749],[150.6709,-33.775],[150.669,-33.7784],[150.664,-33.776],[150.661,-33.7757]]]},"properties":{"SAL_CODE21":"11674","SAL_NAME21":"Glenmore Park","STE_CODE21":"1","STE_NAME21":"New South Wales","AUS_CODE21":"AUS","AUS_NAME21":"Australia","AREASQKM21":9.7306,"LOCI_URI21":"http://linked.data.gov.au/dataset/asgsed3/SAL/11674","SHAPE_Leng":0.179443797075,"SHAPE_Area":0.000947307749286}},
{"type":"Feature","geometry":{"type":"Polygon","coordinates":[[[151.4193,-33.3396],[151.4161,-33.3409],[151.4154,-33.3442],[151.4111,-33.3452],[151.4098,-33.3517],[151.4134,-33.3571],[151.4137,-33.3615],[151.4118,-33.366],[151.4116,-33.367],[151.4215,-33.37],[151.4263,-33.3646],[151.4291,-33.3592],[151.434,-33.3564],[151.4324,-33.3546],[151.4347,-33.3526],[151.4314,-33.3488],[151.4289,-33.3428],[151.429,-33.3389],[151.432,-33.3347],[151.4302,-33.3305],[151.4268,-33.3323],[151.4275,-33.3344],[151.4193,-33.3396]]]},"properties":{"SAL_CODE21":"11676","SAL_NAME21":"Glenning Valley","STE_CODE21":"1","STE_NAME21":"New South Wales","AUS_CODE21":"AUS","AUS_NAME21":"Australia","AREASQKM21":5.6557,"LOCI_URI21":"http://linked.data.gov.au/dataset/asgsed3/SAL/11676","SHAPE_Leng":0.125885286316,"SHAPE_Area":0.000547830164118}},
{"type":"Feature","geometry":{"type":"Polygon","coordinates":[[[151.0345,-33.604],[151.0356,-33.6012],[151.0358,-33.5945],[151.033,-33.5898],[151.0363,-33.5873],[151.035,-33.5816],[151.033,-33.5784],[151.0327,-33.5686],[151.0309,-33.5658],[151.0332,-33.5624],[151.0316,-33.5586],[151.0296,-33.5573],[151.0208,-33.5594],[151.0139,-33.5581],[151.0133,-33.5558],[151.0098,-33.5532],[151.0132,-33.5484],[151.0103,-33.545],[151.013,-33.5399],[151.0136,-33.5376],[151.0115,-33.5313],[151.0195,-33.5259],[151.0243,-33.5236],[151.0284,-33.5186],[151.029,-33.5165],[151.0228,-33.5048],[151.0153,-33.5078],[151.0121,-33.5078],[151.0048,-33.5054],[151.0012,-33.5058],[150.9937,-33.5103],[150.9819,-33.5084],[150.9798,-33.5194],[150.9817,-33.5217],[150.9796,-33.5324],[150.9793,-33.5381],[150.9743,-33.5415],[150.9658,-33.5443],[150.9646,-33.5486],[150.9609,-33.5472],[150.9578,-33.5507],[150.9509,-33.5467],[150.9514,-33.5437],[150.9467,-33.5422],[150.9446,-33.5539],[150.9427,-33.5536],[150.941,-33.5622],[150.9413,-33.5653],[150.9379,-33.5648],[150.9389,-33.5693],[150.9412,-33.5712],[150.9391,-33.5733],[150.9418,-33.577],[150.9398,-33.5787],[150.943,-33.5814],[150.9423,-33.5846],[150.9395,-33.5879],[150.9428,-33.5922],[150.9458,-33.5937],[150.9495,-33.5984],[150.9527,-33.5984],[150.9516,-33.6052],[150.9598,-33.6066],[150.9619,-33.6042],[150.9682,-33.6049],[150.9689,-33.6008],[150.9724,-33.6012],[150.9714,-33.6071],[150.976,-33.6088],[150.9782,-33.6116],[150.9776,-33.6155],[150.9818,-33.616],[150.9813,-33.6189],[150.9854,-33.6194],[150.9849,-33.6223],[150.987,-33.6242],[150.9937,-33.6238],[151.0027,-33.6248],[151.0026,-33.626],[151.0111,-33.6262],[151.0123,-33.6223],[151.0236,-33.6238],[151.022,-33.6274],[151.0225,-33.6352],[151.0307,-33.6368],[151.0301,-33.6344],[151.0286,-33.622],[151.0316,-33.6182],[151.0318,-33.6124],[151.035,-33.6115],[151.0333,-33.6051],[151.0345,-33.604]]]},"properties":{"SAL_CODE21":"11677","SAL_NAME21":"Glenorie","STE_CODE21":"1","STE_NAME21":"New South Wales","AUS_CODE21":"AUS","AUS_NAME21":"Australia","AREASQKM21":79.435,"LOCI_URI21":"http://linked.data.gov.au/dataset/asgsed3/SAL/11677","SHAPE_Leng":0.541184237621,"SHAPE_Area":0.00771368233803}},
{"type":"Feature","geometry":{"type":"Polygon","coordinates":[[[150.9179,-33.7385],[150.9177,-33.7393],[150.9313,-33.7426],[150.9404,-33.7464],[150.9466,-33.7498],[150.9532,-33.7546],[150.9478,-33.742],[150.9401,-33.7255],[150.9379,-33.7204],[150.932,-33.7216],[150.925,-33.7273],[150.9214,-33.7312],[150.9179,-33.7385]]]},"properties":{"SAL_CODE21":"11686","SAL_NAME21":"Glenwood (NSW)","STE_CODE21":"1","STE_NAME21":"New South Wales","AUS_CODE21":"AUS","AUS_NAME21":"Australia","AREASQKM21":5.1186,"LOCI_URI21":"http://linked.data.gov.au/dataset/asgsed3/SAL/11686","SHAPE_Leng":0.106164905302,"SHAPE_Area":0.000497983351792}},
{"type":"Feature","geometry":{"type":"Polygon","coordinates":[[[151.209,-33.3873],[151.1878,-33.3839],[151.1777,-33.3792],[151.1768,-33.3848],[151.1705,-33.3842],[151.17,-33.3866],[151.1643,-33.3858],[151.1603,-33.3868],[151.156,-33.3956],[151.155,-33.4006],[151.153,-33.4039],[151.1524,-33.409],[151.1686,-33.4117],[151.1673,-33.4176],[151.163,-33.4172],[151.1589,-33.4188],[151.1617,-33.4213],[151.1649,-33.4268],[151.169,-33.4287],[151.1707,-33.4324],[151.1771,-33.4281],[151.1857,-33.429],[151.1905,-33.4282],[151.1955,-33.4288],[151.1973,-33.4303],[151.1964,-33.4347],[151.2022,-33.4356],[151.2052,-33.4378],[151.2115,-33.4387],[151.2097,-33.4357],[151.2098,-33.4314],[151.2024,-33.4303],[151.203,-33.4274],[151.2087,-33.4265],[151.2123,-33.4105],[151.2056,-33.4094],[151.2073,-33.4014],[151.2073,-33.3972],[151.2045,-33.3948],[151.206,-33.3905],[151.209,-33.3873]]]},"properties":{"SAL_CODE21":"11687","SAL_NAME21":"Glenworth Valley","STE_CODE21":"1","STE_NAME21":"New South Wales","AUS_CODE21":"AUS","AUS_NAME21":"Australia","AREASQKM21":22.754,"LOCI_URI21":"http://linked.data.gov.au/dataset/asgsed3/SAL/11687","SHAPE_Leng":0.282221068954,"SHAPE_Area":0.00220545251489}},
{"type":"Feature","geometry":{"type":"Polygon","coordinates":[[[150.7661,-33.523],[150.7654,-33.5263],[150.761,-33.5257],[150.7557,-33.527],[150.7544,-33.5335],[150.7476,-33.5326],[150.7466,-33.5385],[150.7532,-33.5395],[150.7519,-33.5472],[150.7551,-33.5476],[150.7578,-33.5458],[150.7634,-33.5468],[150.7724,-33.5468],[150.775,-33.545],[150.7827,-33.5444],[150.7851,-33.5457],[150.79,-33.5439],[150.7929,-33.544],[150.7966,-33.5411],[150.7995,-33.541],[150.8079,-33.5362],[150.8092,-33.5347],[150.815,-33.5342],[150.8176,-33.5361],[150.825,-33.5354],[150.8281,-33.5342],[150.8291,-33.5292],[150.8249,-33.5286],[150.8168,-33.5253],[150.814,-33.5231],[150.8072,-33.5243],[150.8037,-33.5206],[150.7983,-33.5182],[150.7772,-33.5153],[150.7762,-33.5202],[150.7661,-33.523]]]},"properties":{"SAL_CODE21":"11688","SAL_NAME21":"Glossodia","STE_CODE21":"1","STE_NAME21":"New South Wales","AUS_CODE21":"AUS","AUS_NAME21":"Australia","AREASQKM21":15.5359,"LOCI_URI21":"http://linked.data.gov.au/dataset/asgsed3/SAL/11688","SHAPE_Leng":0.237109814366,"SHAPE_Area":0.00150798208878}},
{"type":"Feature","geometry":{"type":"Polygon","coordinates":[[[151.1711,-33.7516],[151.1668,-33.7482],[151.1617,-33.7463],[151.1582,-33.7428],[151.1565,-33.7491],[151.1509,-33.7476],[151.1477,-33.7506],[151.1409,-33.7546],[151.1424,-33.7589],[151.1407,-33.769],[151.1425,-33.7711],[151.1464,-33.7691],[151.1452,-33.7665],[151.1485,-33.7636],[151.158,-33.7602],[151.1587,-33.758],[151.1658,-33.7565],[151.1679,-33.7551],[151.1711,-33.7516]]]},"properties":{"SAL_CODE21":"11724","SAL_NAME21":"Gordon (NSW)","STE_CODE21":"1","STE_NAME21":"New South Wales","AUS_CODE21":"AUS","AUS_NAME21":"Australia","AREASQKM21":3.7885,"LOCI_URI21":"http://linked.data.gov.au/dataset/asgsed3/SAL/11724","SHAPE_Leng":0.124914895222,"SHAPE_Area":0.000368644024368}},
{"type":"Feature","geometry":{"type":"Polygon","coordinates":[[[151.4955,-33.2636],[151.5008,-33.2624],[151.5074,-33.2631],[151.5077,-33.2606],[151.5115,-33.2599],[151.5187,-33.2609],[151.5153,-33.2542],[151.5143,-33.2482],[151.5155,-33.2451],[151.5074,-33.2439],[151.5063,-33.2493],[151.4959,-33.2506],[151.4969,-33.254],[151.4923,-33.2625],[151.4955,-33.2636]]]},"properties":{"SAL_CODE21":"11727","SAL_NAME21":"Gorokan","STE_CODE21":"1","STE_NAME21":"New South Wales","AUS_CODE21":"AUS","AUS_NAME21":"Australia","AREASQKM21":3.0867,"LOCI_URI21":"http://linked.data.gov.au/dataset/asgsed3/SAL/11727","SHAPE_Leng":0.0946795699164,"SHAPE_Area":0.00029867590425}},
{"type":"Feature","geometry":{"type":"Polygon","coordinates":[[[151.3504,-33.427],[151.3511,-33.4234],[151.3518,-33.4201],[151.3428,-33.4189],[151.3426,-33.4157],[151.3443,-33.4124],[151.3475,-33.4093],[151.3404,-33.4095],[151.3392,-33.4115],[151.3347,-33.413],[151.3329,-33.4156],[151.3294,-33.4169],[151.3331,-33.4216],[151.3386,-33.4229],[151.3357,-33.4292],[151.3388,-33.43],[151.3414,-33.4335],[151.3414,-33.4394],[151.3427,-33.4332],[151.3469,-33.4337],[151.3504,-33.427]]]},"properties":{"SAL_CODE21":"11728","SAL_NAME21":"Gosford","STE_CODE21":"1","STE_NAME21":"New South Wales","AUS_CODE21":"AUS","AUS_NAME21":"Australia","AREASQKM21":2.9512,"LOCI_URI21":"http://linked.data.gov.au/dataset/asgsed3/SAL/11728","SHAPE_Leng":0.121225366499,"SHAPE_Area":0.000286093865555}},
{"type":"Feature","geometry":{"type":"Polygon","coordinates":[[[150.874,-33.6567],[150.8666,-33.6526],[150.8577,-33.6573],[150.8707,-33.6746],[150.8789,-33.6702],[150.8909,-33.6639],[150.893,-33.6624],[150.886,-33.6603],[150.8766,-33.6596],[150.874,-33.6567]]]},"properties":{"SAL_CODE21":"11743","SAL_NAME21":"Grantham Farm","STE_CODE21":"1","STE_NAME21":"New South Wales","AUS_CODE21":"AUS","AUS_NAME21":"Australia","AREASQKM21":3.6184,"LOCI_URI21":"http://linked.data.gov.au/dataset/asgsed3/SAL/11743","SHAPE_Leng":0.086644216796,"SHAPE_Area":0.000351779080798}},
{"type":"Feature","geometry":{"type":"Polygon","coordinates":[[[151.0192,-33.8373],[151.0158,-33.8353],[151.0163,-33.8326],[151.0205,-33.8297],[151.0175,-33.8274],[151.013,-33.8269],[151.0074,-33.8269],[151.0073,-33.8245],[150.9965,-33.8257],[150.9943,-33.8266],[150.9943,-33.8267],[150.9967,-33.8277],[151.0048,-33.8265],[151.0043,-33.8293],[151.0005,-33.8303],[150.9961,-33.8338],[151.0018,-33.8371],[151.0008,-33.84],[151.0066,-33.8418],[151.0077,-33.8463],[151.0169,-33.8477],[151.0168,-33.8429],[151.0192,-33.8373]]]},"properties":{"SAL_CODE21":"11745","SAL_NAME21":"Granville (NSW)","STE_CODE21":"1","STE_NAME21":"New South Wales","AUS_CODE21":"AUS","AUS_NAME21":"Australia","AREASQKM21":3.3556,"LOCI_URI21":"http://linked.data.gov.au/dataset/asgsed3/SAL/11745","SHAPE_Leng":0.116444758997,"SHAPE_Area":0.000326866645975}},
{"type":"Feature","geometry":{"type":"Polygon","coordinates":[[[150.6597,-34.0705],[150.663,-34.0704],[150.6737,-34.072],[150.6789,-34.0639],[150.6815,-34.0616],[150.6835,-34.057],[150.6824,-34.0533],[150.6888,-34.0529],[150.6858,-34.0497],[150.6821,-34.0509],[150.678,-34.0488],[150.6704,-34.0477],[150.67,-34.0443],[150.666,-34.0406],[150.6606,-34.0512],[150.6599,-34.0548],[150.6568,-34.0624],[150.6568,-34.0648],[150.662,-34.0671],[150.6597,-34.0705]]]},"properties":{"SAL_CODE21":"11746","SAL_NAME21":"Grasmere","STE_CODE21":"1","STE_NAME21":"New South Wales","AUS_CODE21":"AUS","AUS_NAME21":"Australia","AREASQKM21":5.4384,"LOCI_URI21":"http://linked.data.gov.au/dataset/asgsed3/SAL/11746","SHAPE_Leng":0.118541115646,"SHAPE_Area":0.00053105452066}},
{"type":"Feature","geometry":{"type":"Polygon","coordinates":[[[151.0776,-34.047],[151.0738,-34.0482],[151.0746,-34.0503],[151.0723,-34.0627],[151.0825,-34.0605],[151.084,-34.0636],[151.0903,-34.0613],[151.0891,-34.0582],[151.086,-34.0561],[151.0828,-34.0576],[151.0771,-34.054],[151.0776,-34.047]]]},"properties":{"SAL_CODE21":"11750","SAL_NAME21":"Grays Point","STE_CODE21":"1","STE_NAME21":"New South Wales","AUS_CODE21":"AUS","AUS_NAME21":"Australia","AREASQKM21":1.3057,"LOCI_URI21":"http://linked.data.gov.au/dataset/asgsed3/SAL/11750","SHAPE_Leng":0.0957607242782,"SHAPE_Area":0.000127523316572}},
{"type":"Feature","geometry":{"type":"Polygon","coordinates":[[[151.3013,-33.5892],[151.2992,-33.5911],[151.3032,-33.5942],[151.3013,-33.5892]]]},"properties":{"SAL_CODE21":"11751","SAL_NAME21":"Great Mackerel Beach","STE_CODE21":"1","STE_NAME21":"New South Wales","AUS_CODE21":"AUS","AUS_NAME21":"Australia","AREASQKM21":0.1217,"LOCI_URI21":"http://linked.data.gov.au/dataset/asgsed3/SAL/11751","SHAPE_Leng":0.0235921947829,"SHAPE_Area":0.0000118257804821}},
{"type":"Feature","geometry":{"type":"Polygon","coordinates":[[[151.3696,-33.4428],[151.3671,-33.4456],[151.3611,-33.4473],[151.3611,-33.4504],[151.3576,-33.4505],[151.3568,-33.4552],[151.3538,-33.4598],[151.356,-33.4634],[151.3599,-33.4666],[151.3609,-33.464],[151.3726,-33.4658],[151.378,-33.4663],[151.3786,-33.4637],[151.3893,-33.4608],[151.3932,-33.4569],[151.3993,-33.454],[151.4028,-33.4498],[151.4109,-33.4509],[151.412,-33.4459],[151.4061,-33.4452],[151.3988,-33.4447],[151.3979,-33.4492],[151.3864,-33.4477],[151.3873,-33.4446],[151.3829,-33.4412],[151.3734,-33.4387],[151.3727,-33.4432],[151.3696,-33.4428]]]},"properties":{"SAL_CODE21":"11760","SAL_NAME21":"Green Point (Central Coast - NSW)","STE_CODE21":"1","STE_NAME21":"New South Wales","AUS_CODE21":"AUS","AUS_NAME21":"Australia","AREASQKM21":8.5435,"LOCI_URI21":"http://linked.data.gov.au/dataset/asgsed3/SAL/11760","SHAPE_Leng":0.173240496762,"SHAPE_Area":0.000828519120832}},
{"type":"Feature","geometry":{"type":"Polygon","coordinates":[[[150.8745,-33.8986],[150.8678,-33.8958],[150.8571,-33.8944],[150.8556,-33.9003],[150.8552,-33.9053],[150.8548,-33.9092],[150.8629,-33.9085],[150.8669,-33.9108],[150.8752,-33.9109],[150.8762,-33.9037],[150.8844,-33.905],[150.8846,-33.902],[150.8745,-33.8986]]]},"properties":{"SAL_CODE21":"11762","SAL_NAME21":"Green Valley (NSW)","STE_CODE21":"1","STE_NAME21":"New South Wales","AUS_CODE21":"AUS","AUS_NAME21":"Australia","AREASQKM21":3.2145,"LOCI_URI21":"http://linked.data.gov.au/dataset/asgsed3/SAL/11762","SHAPE_Leng":0.0860199043512,"SHAPE_Area":0.000313333783468}},
{"type":"Feature","geometry":{"type":"Polygon","coordinates":[[[151.0455,-33.9143],[151.0464,-33.9133],[151.056,-33.9147],[151.0558,-33.9161],[151.0641,-33.9167],[151.0684,-33.913],[151.0729,-33.9115],[151.0765,-33.9078],[151.0771,-33.9074],[151.0773,-33.9073],[151.0717,-33.9028],[151.0698,-33.8995],[151.0671,-33.8904],[151.0688,-33.8858],[151.0673,-33.883],[151.0615,-33.883],[151.0586,-33.8843],[151.055,-33.8863],[151.0551,-33.8886],[151.0589,-33.8904],[151.0499,-33.8968],[151.0453,-33.901],[151.0379,-33.8991],[151.0377,-33.9038],[151.0417,-33.9071],[151.0419,-33.9107],[151.0455,-33.9143]]]},"properties":{"SAL_CODE21":"11763","SAL_NAME21":"Greenacre","STE_CODE21":"1","STE_NAME21":"New South Wales","AUS_CODE21":"AUS","AUS_NAME21":"Australia","AREASQKM21":7.4435,"LOCI_URI21":"http://linked.data.gov.au/dataset/asgsed3/SAL/11763","SHAPE_Leng":0.15169244947,"SHAPE_Area":0.000725603098317}},
{"type":"Feature","geometry":{"type":"Polygon","coordinates":[[[150.7053,-33.9146],[150.6959,-33.9076],[150.6941,-33.9049],[150.6869,-33.9052],[150.6785,-33.9042],[150.6777,-33.8999],[150.6714,-33.892],[150.6693,-33.8915],[150.6677,-33.8943],[150.6606,-33.897],[150.6579,-33.8928],[150.6503,-33.895],[150.6471,-33.8995],[150.6451,-33.9004],[150.6457,-33.9053],[150.6409,-33.9052],[150.6352,-33.9034],[150.6392,-33.9095],[150.6443,-33.91],[150.6489,-33.9143],[150.6489,-33.9171],[150.6434,-33.9256],[150.6389,-33.928],[150.6343,-33.929],[150.6274,-33.935],[150.6198,-33.9475],[150.618,-33.9529],[150.6195,-33.9582],[150.6215,-33.9596],[150.6236,-33.9603],[150.6276,-33.9572],[150.6296,-33.9571],[150.6326,-33.9534],[150.6356,-33.9556],[150.6438,-33.9598],[150.6501,-33.9595],[150.6551,-33.9572],[150.6571,-33.9533],[150.6655,-33.9478],[150.6742,-33.9467],[150.6779,-33.9475],[150.6832,-33.9468],[150.6882,-33.945],[150.7002,-33.9466],[150.7013,-33.9404],[150.6955,-33.9393],[150.6917,-33.9397],[150.6938,-33.9268],[150.7053,-33.9146]]]},"properties":{"SAL_CODE21":"11765","SAL_NAME21":"Greendale (Liverpool - NSW)","STE_CODE21":"1","STE_NAME21":"New South Wales","AUS_CODE21":"AUS","AUS_NAME21":"Australia","AREASQKM21":33.9317,"LOCI_URI21":"http://linked.data.gov.au/dataset/asgsed3/SAL/11765","SHAPE_Leng":0.334851106243,"SHAPE_Area":0.00330844378336}},
{"type":"Feature","geometry":{"type":"Polygon","coordinates":[[[150.8847,-33.8697],[150.885,-33.876],[150.8873,-33.8812],[150.8904,-33.8825],[150.9008,-33.874],[150.8979,-33.8682],[150.8874,-33.8701],[150.8847,-33.8697]]]},"properties":{"SAL_CODE21":"11767","SAL_NAME21":"Greenfield Park","STE_CODE21":"1","STE_NAME21":"New South Wales","AUS_CODE21":"AUS","AUS_NAME21":"Australia","AREASQKM21":1.5028,"LOCI_URI21":"http://linked.data.gov.au/dataset/asgsed3/SAL/11767","SHAPE_Leng":0.0515582799716,"SHAPE_Area":0.000146457692982}},
{"type":"Feature","geometry":{"type":"Polygon","coordinates":[[[151.1777,-33.3792],[151.1716,-33.3785],[151.1724,-33.3722],[151.1713,-33.3708],[151.1587,-33.3691],[151.1507,-33.372],[151.1477,-33.3717],[151.1469,-33.3679],[151.1414,-33.3688],[151.1409,-33.3724],[151.1428,-33.3768],[151.1395,-33.3802],[151.1399,-33.3823],[151.1407,-33.3836],[151.1463,-33.385],[151.151,-33.3836],[151.1501,-33.3901],[151.154,-33.393],[151.1603,-33.3868],[151.1643,-33.3858],[151.17,-33.3866],[151.1705,-33.3842],[151.1768,-33.3848],[151.1777,-33.3792]]]},"properties":{"SAL_CODE21":"11768","SAL_NAME21":"Greengrove","STE_CODE21":"1","STE_NAME21":"New South Wales","AUS_CODE21":"AUS","AUS_NAME21":"Australia","AREASQKM21":5.6692,"LOCI_URI21":"http://linked.data.gov.au/dataset/asgsed3/SAL/11768","SHAPE_Leng":0.1325644833,"SHAPE_Area":0.000549316982492}},
{"type":"Feature","geometry":{"type":"Polygon","coordinates":[[[151.1611,-34.0406],[151.1671,-34.0349],[151.1616,-34.0341],[151.1567,-34.0394],[151.1611,-34.0406]]]},"properties":{"SAL_CODE21":"11770","SAL_NAME21":"Greenhills Beach","STE_CODE21":"1","STE_NAME21":"New South Wales","AUS_CODE21":"AUS","AUS_NAME21":"Australia","AREASQKM21":0.3931,"LOCI_URI21":"http://linked.data.gov.au/dataset/asgsed3/SAL/11770","SHAPE_Leng":0.032928888705,"SHAPE_Area":0.0000383656684333}},
{"type":"Feature","geometry":{"type":"Polygon","coordinates":[[[151.1789,-33.8166],[151.1804,-33.819],[151.1799,-33.8253],[151.1821,-33.8297],[151.1819,-33.8334],[151.1843,-33.8362],[151.1794,-33.8403],[151.1874,-33.8425],[151.185,-33.8388],[151.189,-33.8336],[151.1892,-33.8312],[151.1927,-33.828],[151.1902,-33.8274],[151.1867,-33.8224],[151.1822,-33.8179],[151.1789,-33.8166]]]},"properties":{"SAL_CODE21":"11776","SAL_NAME21":"Greenwich","STE_CODE21":"1","STE_NAME21":"New South Wales","AUS_CODE21":"AUS","AUS_NAME21":"Australia","AREASQKM21":1.6623,"LOCI_URI21":"http://linked.data.gov.au/dataset/asgsed3/SAL/11776","SHAPE_Leng":0.0846999018086,"SHAPE_Area":0.000161858263919}},
{"type":"Feature","geometry":{"type":"Polygon","coordinates":[[[150.7965,-34.044],[150.7899,-34.0393],[150.7926,-34.036],[150.7907,-34.0337],[150.787,-34.0294],[150.786,-34.025],[150.7872,-34.0232],[150.7844,-34.0199],[150.7818,-34.0205],[150.7791,-34.018],[150.7725,-34.0251],[150.761,-34.0202],[150.7556,-34.0269],[150.7681,-34.034],[150.7696,-34.0366],[150.7729,-34.0325],[150.7839,-34.0387],[150.7804,-34.0429],[150.7856,-34.0444],[150.7888,-34.0405],[150.7933,-34.0456],[150.7965,-34.044]]]},"properties":{"SAL_CODE21":"11780","SAL_NAME21":"Gregory Hills","STE_CODE21":"1","STE_NAME21":"New South Wales","AUS_CODE21":"AUS","AUS_NAME21":"Australia","AREASQKM21":4.6567,"LOCI_URI21":"http://linked.data.gov.au/dataset/asgsed3/SAL/11780","SHAPE_Leng":0.137628103897,"SHAPE_Area":0.00045456819474}},
{"type":"Feature","geometry":{"type":"Polygon","coordinates":[[[150.9339,-33.8071],[150.9308,-33.8056],[150.9289,-33.8065],[150.9351,-33.8095],[150.9328,-33.8157],[150.9342,-33.8159],[150.9319,-33.8276],[150.929,-33.8296],[150.926,-33.8278],[150.9197,-33.8325],[150.9175,-33.8352],[150.9129,-33.8342],[150.9163,-33.8373],[150.9227,-33.8395],[150.9241,-33.8419],[150.9273,-33.8406],[150.9248,-33.8358],[150.9251,-33.8336],[150.9363,-33.8339],[150.9364,-33.8355],[150.9542,-33.838],[150.958,-33.838],[150.9603,-33.8303],[150.9626,-33.8308],[150.9626,-33.8285],[150.9625,-33.8185],[150.9647,-33.8144],[150.9585,-33.813],[150.9499,-33.811],[150.9459,-33.8095],[150.9361,-33.8081],[150.9339,-33.8071]]]},"properties":{"SAL_CODE21":"11787","SAL_NAME21":"Greystanes","STE_CODE21":"1","STE_NAME21":"New South Wales","AUS_CODE21":"AUS","AUS_NAME21":"Australia","AREASQKM21":8.9689,"LOCI_URI21":"http://linked.data.gov.au/dataset/asgsed3/SAL/11787","SHAPE_Leng":0.185893473989,"SHAPE_Area":0.000873470951414}},
{"type":"Feature","geometry":{"type":"Polygon","coordinates":[[[150.6289,-33.6115],[150.628,-33.615],[150.6358,-33.6191],[150.6409,-33.6203],[150.6444,-33.6199],[150.652,-33.6169],[150.6475,-33.613],[150.6509,-33.6067],[150.6566,-33.6028],[150.6577,-33.6006],[150.6612,-33.5987],[150.6599,-33.5907],[150.6598,-33.5845],[150.6652,-33.5849],[150.6642,-33.59],[150.6786,-33.5921],[150.679,-33.5903],[150.6872,-33.5913],[150.6907,-33.5893],[150.6926,-33.5912],[150.6974,-33.5897],[150.6915,-33.5867],[150.6891,-33.5814],[150.6864,-33.5801],[150.6864,-33.5746],[150.6824,-33.5741],[150.6817,-33.572],[150.6808,-33.5695],[150.6681,-33.5675],[150.665,-33.5664],[150.6545,-33.5649],[150.6541,-33.5672],[150.6479,-33.5664],[150.6465,-33.5632],[150.6432,-33.5627],[150.6446,-33.5548],[150.6394,-33.5565],[150.635,-33.5563],[150.6324,-33.5697],[150.6348,-33.5729],[150.6389,-33.5759],[150.6376,-33.5831],[150.636,-33.5834],[150.6351,-33.5879],[150.6431,-33.5889],[150.6413,-33.5966],[150.6478,-33.5973],[150.6434,-33.6012],[150.6391,-33.6001],[150.635,-33.6044],[150.637,-33.6057],[150.6333,-33.6091],[150.6289,-33.6115]]]},"properties":{"SAL_CODE21":"11791","SAL_NAME21":"Grose Vale","STE_CODE21":"1","STE_NAME21":"New South Wales","AUS_CODE21":"AUS","AUS_NAME21":"Australia","AREASQKM21":18.4767,"LOCI_URI21":"http://linked.data.gov.au/dataset/asgsed3/SAL/11791","SHAPE_Leng":0.330540863916,"SHAPE_Area":0.00179449772359}},
{"type":"Feature","geometry":{"type":"Polygon","coordinates":[[[150.7046,-33.5959],[150.698,-33.5922],[150.6974,-33.5897],[150.6926,-33.5912],[150.6907,-33.5893],[150.6872,-33.5913],[150.679,-33.5903],[150.6786,-33.5921],[150.6642,-33.59],[150.6652,-33.5849],[150.6598,-33.5845],[150.6599,-33.5907],[150.6612,-33.5987],[150.6577,-33.6006],[150.6566,-33.6028],[150.6509,-33.6067],[150.6475,-33.613],[150.652,-33.6169],[150.6608,-33.6145],[150.6695,-33.6141],[150.6769,-33.616],[150.6822,-33.6156],[150.6912,-33.6124],[150.6958,-33.6096],[150.6966,-33.6068],[150.7008,-33.6049],[150.7055,-33.5995],[150.7046,-33.5959]]]},"properties":{"SAL_CODE21":"11792","SAL_NAME21":"Grose Wold","STE_CODE21":"1","STE_NAME21":"New South Wales","AUS_CODE21":"AUS","AUS_NAME21":"Australia","AREASQKM21":11.3467,"LOCI_URI21":"http://linked.data.gov.au/dataset/asgsed3/SAL/11792","SHAPE_Leng":0.170658140588,"SHAPE_Area":0.00110221519961}},
{"type":"Feature","geometry":{"type":"Polygon","coordinates":[[[151.0038,-33.8707],[151.0062,-33.863],[151.0083,-33.8522],[151.0066,-33.8513],[151.001,-33.8518],[150.9994,-33.8489],[150.9959,-33.8485],[150.9926,-33.8455],[150.9906,-33.8479],[150.9742,-33.8447],[150.9697,-33.8446],[150.973,-33.8488],[150.9708,-33.8557],[150.9767,-33.8568],[150.9754,-33.8614],[150.9793,-33.8601],[150.9825,-33.8572],[150.9905,-33.8641],[150.9947,-33.8683],[151.0034,-33.8731],[151.0038,-33.8707]]]},"properties":{"SAL_CODE21":"11796","SAL_NAME21":"Guildford (NSW)","STE_CODE21":"1","STE_NAME21":"New South Wales","AUS_CODE21":"AUS","AUS_NAME21":"Australia","AREASQKM21":5.904,"LOCI_URI21":"http://linked.data.gov.au/dataset/asgsed3/SAL/11796","SHAPE_Leng":0.1463954537,"SHAPE_Area":0.000575200316386}},
{"type":"Feature","geometry":{"type":"Polygon","coordinates":[[[150.9697,-33.8446],[150.9659,-33.8411],[150.9638,-33.8408],[150.9627,-33.8447],[150.9605,-33.8442],[150.9585,-33.8501],[150.9565,-33.8497],[150.9551,-33.8543],[150.9599,-33.8535],[150.9708,-33.8557],[150.973,-33.8488],[150.9697,-33.8446]]]},"properties":{"SAL_CODE21":"11797","SAL_NAME21":"Guildford West","STE_CODE21":"1","STE_NAME21":"New South Wales","AUS_CODE21":"AUS","AUS_NAME21":"Australia","AREASQKM21":1.6085,"LOCI_URI21":"http://linked.data.gov.au/dataset/asgsed3/SAL/11797","SHAPE_Leng":0.0597513893781,"SHAPE_Area":0.00015671943975}},
{"type":"Feature","geometry":{"type":"Polygon","coordinates":[[[150.9985,-33.3552],[150.9913,-33.3643],[150.9937,-33.3647],[150.9918,-33.3733],[150.9959,-33.374],[150.9941,-33.3823],[150.9925,-33.3843],[150.9934,-33.3974],[150.9948,-33.3994],[150.9995,-33.4013],[151.0099,-33.4006],[151.0177,-33.4001],[151.0232,-33.401],[151.0296,-33.4036],[151.0328,-33.4063],[151.0334,-33.4126],[151.0309,-33.4218],[151.0323,-33.4273],[151.0357,-33.4292],[151.043,-33.4293],[151.0459,-33.4311],[151.0485,-33.4377],[151.0526,-33.4411],[151.0622,-33.442],[151.0643,-33.4462],[151.0635,-33.4507],[151.064,-33.4545],[151.0685,-33.4601],[151.0743,-33.4573],[151.0728,-33.4492],[151.0758,-33.4459],[151.0786,-33.4451],[151.0812,-33.4471],[151.086,-33.4554],[151.0872,-33.4632],[151.0902,-33.4636],[151.0921,-33.4537],[151.0918,-33.4476],[151.105,-33.4401],[151.1059,-33.4292],[151.1015,-33.4167],[151.1097,-33.4056],[151.1173,-33.3952],[151.1069,-33.3923],[151.1071,-33.3879],[151.112,-33.3865],[151.1128,-33.3822],[151.1179,-33.3775],[151.119,-33.3694],[151.1139,-33.3641],[151.1151,-33.3611],[151.1104,-33.3549],[151.1086,-33.3542],[151.1063,-33.3496],[151.1052,-33.3442],[151.1023,-33.3413],[151.0946,-33.3373],[151.0922,-33.3375],[151.0745,-33.335],[151.0746,-33.3343],[151.07,-33.333],[151.0658,-33.3352],[151.0668,-33.3398],[151.0644,-33.3419],[151.0564,-33.3431],[151.0515,-33.3409],[151.0444,-33.3442],[151.042,-33.3437],[151.0395,-33.347],[151.0312,-33.3508],[151.0243,-33.3498],[151.0238,-33.3513],[151.0184,-33.3536],[151.0152,-33.3535],[151.0124,-33.3492],[151.0016,-33.3503],[150.9996,-33.3511],[150.9985,-33.3552]]]},"properties":{"SAL_CODE21":"11814","SAL_NAME21":"Gunderman","STE_CODE21":"1","STE_NAME21":"New South Wales","AUS_CODE21":"AUS","AUS_NAME21":"Australia","AREASQKM21":102.6904,"LOCI_URI21":"http://linked.data.gov.au/dataset/asgsed3/SAL/11814","SHAPE_Leng":0.538474192537,"SHAPE_Area":0.00995126387103}},
{"type":"Feature","geometry":{"type":"Polygon","coordinates":[[[151.578,-33.1484],[151.588,-33.1497],[151.5913,-33.142],[151.5905,-33.1397],[151.5873,-33.138],[151.5912,-33.133],[151.587,-33.1308],[151.5769,-33.1294],[151.5733,-33.132],[151.5758,-33.1371],[151.5751,-33.1405],[151.5723,-33.1401],[151.5726,-33.1439],[151.5747,-33.148],[151.578,-33.1484]]]},"properties":{"SAL_CODE21":"11831","SAL_NAME21":"Gwandalan","STE_CODE21":"1","STE_NAME21":"New South Wales","AUS_CODE21":"AUS","AUS_NAME21":"Australia","AREASQKM21":2.8747,"LOCI_URI21":"http://linked.data.gov.au/dataset/asgsed3/SAL/11831","SHAPE_Leng":0.0869754564657,"SHAPE_Area":0.00027780029734}},
{"type":"Feature","geometry":{"type":"Polygon","coordinates":[[[151.0776,-34.047],[151.0791,-34.0432],[151.0823,-34.0414],[151.0899,-34.0425],[151.0912,-34.0392],[151.0938,-34.0245],[151.089,-34.0238],[151.085,-34.0266],[151.0783,-34.0311],[151.081,-34.032],[151.0788,-34.0428],[151.0726,-34.0474],[151.0738,-34.0482],[151.0776,-34.047]]]},"properties":{"SAL_CODE21":"11833","SAL_NAME21":"Gymea","STE_CODE21":"1","STE_NAME21":"New South Wales","AUS_CODE21":"AUS","AUS_NAME21":"Australia","AREASQKM21":2.2066,"LOCI_URI21":"http://linked.data.gov.au/dataset/asgsed3/SAL/11833","SHAPE_Leng":0.0971640872964,"SHAPE_Area":0.000215386633308}},
{"type":"Feature","geometry":{"type":"Polygon","coordinates":[[[151.0771,-34.054],[151.0839,-34.0559],[151.0877,-34.0556],[151.0923,-34.0576],[151.0951,-34.0521],[151.0978,-34.0488],[151.0968,-34.047],[151.0964,-34.0435],[151.0899,-34.0425],[151.0823,-34.0414],[151.0791,-34.0432],[151.0776,-34.047],[151.0771,-34.054]]]},"properties":{"SAL_CODE21":"11834","SAL_NAME21":"Gymea Bay","STE_CODE21":"1","STE_NAME21":"New South Wales","AUS_CODE21":"AUS","AUS_NAME21":"Australia","AREASQKM21":2.381,"LOCI_URI21":"http://linked.data.gov.au/dataset/asgsed3/SAL/11834","SHAPE_Leng":0.0792665051213,"SHAPE_Area":0.000232476385828}},
{"type":"Feature","geometry":{"type":"Polygon","coordinates":[[[151.139,-33.886],[151.145,-33.8897],[151.1449,-33.8822],[151.1502,-33.8728],[151.1505,-33.8721],[151.1451,-33.8696],[151.1421,-33.8704],[151.137,-33.8731],[151.1331,-33.8729],[151.1275,-33.8742],[151.135,-33.8843],[151.139,-33.886]]]},"properties":{"SAL_CODE21":"11835","SAL_NAME21":"Haberfield","STE_CODE21":"1","STE_NAME21":"New South Wales","AUS_CODE21":"AUS","AUS_NAME21":"Australia","AREASQKM21":2.3858,"LOCI_URI21":"http://linked.data.gov.au/dataset/asgsed3/SAL/11835","SHAPE_Leng":0.0689912902496,"SHAPE_Area":0.000232451292729}},
{"type":"Feature","geometry":{"type":"Polygon","coordinates":[[[151.5536,-33.226],[151.5626,-33.2066],[151.5556,-33.2129],[151.5513,-33.2123],[151.5503,-33.2197],[151.5482,-33.2232],[151.5423,-33.223],[151.5411,-33.2288],[151.5412,-33.2289],[151.5435,-33.2264],[151.5536,-33.226]]]},"properties":{"SAL_CODE21":"11837","SAL_NAME21":"Halekulani","STE_CODE21":"1","STE_NAME21":"New South Wales","AUS_CODE21":"AUS","AUS_NAME21":"Australia","AREASQKM21":1.3972,"LOCI_URI21":"http://linked.data.gov.au/dataset/asgsed3/SAL/11837","SHAPE_Leng":0.0799144249899,"SHAPE_Area":0.000135143478926}},
{"type":"Feature","geometry":{"type":"Polygon","coordinates":[[[151.4474,-33.2179],[151.446,-33.2203],[151.4396,-33.2204],[151.4274,-33.2252],[151.4241,-33.2297],[151.4324,-33.2329],[151.4399,-33.2399],[151.4455,-33.2419],[151.4504,-33.2175],[151.4474,-33.2179]]]},"properties":{"SAL_CODE21":"11840","SAL_NAME21":"Halloran","STE_CODE21":"1","STE_NAME21":"New South Wales","AUS_CODE21":"AUS","AUS_NAME21":"Australia","AREASQKM21":3.4707,"LOCI_URI21":"http://linked.data.gov.au/dataset/asgsed3/SAL/11840","SHAPE_Leng":0.0817677660489,"SHAPE_Area":0.000335727285792}},
{"type":"Feature","geometry":{"type":"Polygon","coordinates":[[[151.4731,-33.2642],[151.4798,-33.2633],[151.4843,-33.2606],[151.4896,-33.2521],[151.4814,-33.2493],[151.4738,-33.2444],[151.4598,-33.2423],[151.4559,-33.2615],[151.457,-33.2617],[151.4731,-33.2642]]]},"properties":{"SAL_CODE21":"11850","SAL_NAME21":"Hamlyn Terrace","STE_CODE21":"1","STE_NAME21":"New South Wales","AUS_CODE21":"AUS","AUS_NAME21":"Australia","AREASQKM21":5.2148,"LOCI_URI21":"http://linked.data.gov.au/dataset/asgsed3/SAL/11850","SHAPE_Leng":0.0912152335478,"SHAPE_Area":0.000504576016177}},
{"type":"Feature","geometry":{"type":"Polygon","coordinates":[[[150.9434,-33.943],[150.948,-33.9471],[150.9581,-33.9588],[150.9613,-33.9544],[150.966,-33.9546],[150.9704,-33.9537],[150.9733,-33.9514],[150.9707,-33.9469],[150.9633,-33.9481],[150.9528,-33.9462],[150.9452,-33.943],[150.9434,-33.943]]]},"properties":{"SAL_CODE21":"11851","SAL_NAME21":"Hammondville","STE_CODE21":"1","STE_NAME21":"New South Wales","AUS_CODE21":"AUS","AUS_NAME21":"Australia","AREASQKM21":1.8176,"LOCI_URI21":"http://linked.data.gov.au/dataset/asgsed3/SAL/11851","SHAPE_Leng":0.0763538795945,"SHAPE_Area":0.000177279436488}},
{"type":"Feature","geometry":{"type":"Polygon","coordinates":[[[151.3589,-33.5274],[151.3608,-33.5238],[151.3557,-33.5243],[151.3548,-33.5215],[151.3529,-33.5229],[151.3485,-33.5324],[151.3581,-33.5292],[151.3589,-33.5274]]]},"properties":{"SAL_CODE21":"11859","SAL_NAME21":"Hardys Bay","STE_CODE21":"1","STE_NAME21":"New South Wales","AUS_CODE21":"AUS","AUS_NAME21":"Australia","AREASQKM21":0.606,"LOCI_URI21":"http://linked.data.gov.au/dataset/asgsed3/SAL/11859","SHAPE_Leng":0.0455335330778,"SHAPE_Area":0.0000588212239555}},
{"type":"Feature","geometry":{"type":"Polygon","coordinates":[[[150.711,-34.0197],[150.7213,-34.0303],[150.7258,-34.0286],[150.7282,-34.0301],[150.7335,-34.0371],[150.7398,-34.0394],[150.7463,-34.0363],[150.7556,-34.0269],[150.761,-34.0202],[150.7612,-34.02],[150.7503,-34.0188],[150.7464,-34.0177],[150.7413,-34.0134],[150.7333,-34.0147],[150.7281,-34.0123],[150.7244,-34.0118],[150.7241,-34.0144],[150.7167,-34.0135],[150.7094,-34.0149],[150.711,-34.0197]]]},"properties":{"SAL_CODE21":"11866","SAL_NAME21":"Harrington Park","STE_CODE21":"1","STE_NAME21":"New South Wales","AUS_CODE21":"AUS","AUS_NAME21":"Australia","AREASQKM21":8.0043,"LOCI_URI21":"http://linked.data.gov.au/dataset/asgsed3/SAL/11866","SHAPE_Leng":0.131855133126,"SHAPE_Area":0.000781286617963}},
{"type":"Feature","geometry":{"type":"Polygon","coordinates":[[[151.013,-33.8269],[151.0137,-33.8226],[151.0167,-33.8202],[151.0169,-33.8186],[151.0107,-33.8181],[151.0073,-33.8195],[151.0073,-33.8245],[151.0074,-33.8269],[151.013,-33.8269]]]},"properties":{"SAL_CODE21":"11867","SAL_NAME21":"Harris Park","STE_CODE21":"1","STE_NAME21":"New South Wales","AUS_CODE21":"AUS","AUS_NAME21":"Australia","AREASQKM21":0.6342,"LOCI_URI21":"http://linked.data.gov.au/dataset/asgsed3/SAL/11867","SHAPE_Leng":0.035829387307,"SHAPE_Area":0.0000617983407648}},
{"type":"Feature","geometry":{"type":"Polygon","coordinates":[[[150.8303,-33.731],[150.8388,-33.7371],[150.8418,-33.7376],[150.846,-33.7294],[150.8455,-33.7285],[150.8388,-33.7268],[150.831,-33.7261],[150.8303,-33.731]]]},"properties":{"SAL_CODE21":"11873","SAL_NAME21":"Hassall Grove","STE_CODE21":"1","STE_NAME21":"New South Wales","AUS_CODE21":"AUS","AUS_NAME21":"Australia","AREASQKM21":1.2203,"LOCI_URI21":"http://linked.data.gov.au/dataset/asgsed3/SAL/11873","SHAPE_Leng":0.0447128022015,"SHAPE_Area":0.000118736610763}},
{"type":"Feature","geometry":{"type":"Polygon","coordinates":[[[150.6549,-33.6697],[150.6576,-33.6617],[150.6337,-33.6587],[150.6328,-33.6631],[150.635,-33.6635],[150.6333,-33.6723],[150.6362,-33.6713],[150.6342,-33.6812],[150.6382,-33.6817],[150.6404,-33.6709],[150.6487,-33.6723],[150.6549,-33.6697]]]},"properties":{"SAL_CODE21":"11879","SAL_NAME21":"Hawkesbury Heights","STE_CODE21":"1","STE_NAME21":"New South Wales","AUS_CODE21":"AUS","AUS_NAME21":"Australia","AREASQKM21":2.9929,"LOCI_URI21":"http://linked.data.gov.au/dataset/asgsed3/SAL/11879","SHAPE_Leng":0.0931953498379,"SHAPE_Area":0.000290943039298}},
{"type":"Feature","geometry":{"type":"Polygon","coordinates":[[[151.2068,-33.8858],[151.2091,-33.8798],[151.2093,-33.8784],[151.2025,-33.8771],[151.1999,-33.8776],[151.2029,-33.8838],[151.2068,-33.8858]]]},"properties":{"SAL_CODE21":"11884","SAL_NAME21":"Haymarket","STE_CODE21":"1","STE_NAME21":"New South Wales","AUS_CODE21":"AUS","AUS_NAME21":"Australia","AREASQKM21":0.5179,"LOCI_URI21":"http://linked.data.gov.au/dataset/asgsed3/SAL/11884","SHAPE_Leng":0.0322795861928,"SHAPE_Area":0.0000505118341551}},
{"type":"Feature","geometry":{"type":"Polygon","coordinates":[[[150.4668,-33.7519],[150.4673,-33.746],[150.4599,-33.745],[150.4625,-33.7317],[150.4705,-33.7281],[150.472,-33.7219],[150.4682,-33.7194],[150.4685,-33.712],[150.4657,-33.7103],[150.4704,-33.7048],[150.4746,-33.7032],[150.4756,-33.7008],[150.4662,-33.7004],[150.4576,-33.7028],[150.4517,-33.7027],[150.4489,-33.7023],[150.4458,-33.7177],[150.441,-33.7194],[150.4412,-33.7217],[150.4448,-33.7261],[150.4426,-33.7371],[150.4409,-33.7457],[150.4394,-33.7528],[150.4456,-33.7556],[150.4478,-33.7536],[150.4526,-33.7538],[150.4526,-33.7561],[150.4578,-33.7574],[150.4616,-33.757],[150.4627,-33.7511],[150.4668,-33.7519]]]},"properties":{"SAL_CODE21":"11888","SAL_NAME21":"Hazelbrook","STE_CODE21":"1","STE_NAME21":"New South Wales","AUS_CODE21":"AUS","AUS_NAME21":"Australia","AREASQKM21":12.4995,"LOCI_URI21":"http://linked.data.gov.au/dataset/asgsed3/SAL/11888","SHAPE_Leng":0.22042272375,"SHAPE_Area":0.00121596305574}},
{"type":"Feature","geometry":{"type":"Polygon","coordinates":[[[150.9963,-34.0602],[150.9959,-34.0628],[150.9873,-34.065],[150.9847,-34.0676],[150.9854,-34.0701],[150.9818,-34.0798],[150.9769,-34.0857],[150.9738,-34.0866],[150.9744,-34.0912],[150.9729,-34.0955],[150.9754,-34.0975],[150.9853,-34.0997],[150.9892,-34.1027],[150.9952,-34.102],[150.997,-34.0987],[151.003,-34.0929],[151.0054,-34.0939],[151.0085,-34.0915],[151.0083,-34.0879],[151.0155,-34.089],[151.0197,-34.0849],[151.021,-34.0804],[151.0116,-34.079],[151.008,-34.0783],[151.0067,-34.0746],[151.0046,-34.0731],[150.9988,-34.0718],[150.9979,-34.0686],[150.999,-34.0644],[150.9963,-34.0602]]]},"properties":{"SAL_CODE21":"11890","SAL_NAME21":"Heathcote (NSW)","STE_CODE21":"1","STE_NAME21":"New South Wales","AUS_CODE21":"AUS","AUS_NAME21":"Australia","AREASQKM21":10.1724,"LOCI_URI21":"http://linked.data.gov.au/dataset/asgsed3/SAL/11890","SHAPE_Leng":0.16388578062,"SHAPE_Area":0.00099362377017}},
{"type":"Feature","geometry":{"type":"Polygon","coordinates":[[[150.822,-33.7342],[150.82,-33.7434],[150.8203,-33.7474],[150.8189,-33.7563],[150.8255,-33.7573],[150.8284,-33.7439],[150.8279,-33.7411],[150.8291,-33.7355],[150.822,-33.7342]]]},"properties":{"SAL_CODE21":"11893","SAL_NAME21":"Hebersham","STE_CODE21":"1","STE_NAME21":"New South Wales","AUS_CODE21":"AUS","AUS_NAME21":"Australia","AREASQKM21":1.6812,"LOCI_URI21":"http://linked.data.gov.au/dataset/asgsed3/SAL/11893","SHAPE_Leng":0.0598233712701,"SHAPE_Area":0.000163565423093}},
{"type":"Feature","geometry":{"type":"Polygon","coordinates":[[[150.8996,-33.9096],[150.8987,-33.9077],[150.8878,-33.9041],[150.8846,-33.902],[150.8844,-33.905],[150.8841,-33.9107],[150.8873,-33.9137],[150.8899,-33.9116],[150.8942,-33.911],[150.8996,-33.9096]]]},"properties":{"SAL_CODE21":"11894","SAL_NAME21":"Heckenberg","STE_CODE21":"1","STE_NAME21":"New South Wales","AUS_CODE21":"AUS","AUS_NAME21":"Australia","AREASQKM21":0.9283,"LOCI_URI21":"http://linked.data.gov.au/dataset/asgsed3/SAL/11894","SHAPE_Leng":0.0468103653976,"SHAPE_Area":0.0000904775074538}},
{"type":"Feature","geometry":{"type":"Polygon","coordinates":[[[151.1331,-33.841],[151.1338,-33.8448],[151.1379,-33.8447],[151.1374,-33.8422],[151.1424,-33.8418],[151.1396,-33.8394],[151.1356,-33.8398],[151.1331,-33.841]]]},"properties":{"SAL_CODE21":"11898","SAL_NAME21":"Henley","STE_CODE21":"1","STE_NAME21":"New South Wales","AUS_CODE21":"AUS","AUS_NAME21":"Australia","AREASQKM21":0.2731,"LOCI_URI21":"http://linked.data.gov.au/dataset/asgsed3/SAL/11898","SHAPE_Leng":0.0287567361284,"SHAPE_Area":0.0000265995010778}},
{"type":"Feature","geometry":{"type":"Polygon","coordinates":[[[150.8519,-33.2232],[150.8549,-33.2205],[150.8626,-33.2191],[150.8646,-33.2152],[150.8671,-33.2139],[150.8697,-33.2161],[150.873,-33.2157],[150.8758,-33.2101],[150.878,-33.209],[150.8802,-33.212],[150.8851,-33.2091],[150.8885,-33.2129],[150.8948,-33.2161],[150.8991,-33.2196],[150.9022,-33.2199],[150.9074,-33.2179],[150.9126,-33.218],[150.9218,-33.2201],[150.9242,-33.2239],[150.9297,-33.2256],[150.9306,-33.2271],[150.9563,-33.2313],[150.9518,-33.2245],[150.9517,-33.2203],[150.9561,-33.2156],[150.9513,-33.2065],[150.9429,-33.1981],[150.9441,-33.1921],[150.9423,-33.1894],[150.9417,-33.1849],[150.9375,-33.1837],[150.9355,-33.1794],[150.9282,-33.1685],[150.9297,-33.1626],[150.9297,-33.1585],[150.9245,-33.1578],[150.9251,-33.1529],[150.9307,-33.141],[150.9341,-33.137],[150.9384,-33.1368],[150.9401,-33.1348],[150.9481,-33.1314],[150.9539,-33.1263],[150.9502,-33.1227],[150.9456,-33.1219],[150.942,-33.1232],[150.939,-33.1204],[150.9339,-33.1192],[150.9336,-33.1157],[150.9314,-33.1131],[150.9286,-33.1131],[150.9241,-33.1111],[150.9196,-33.1125],[150.9164,-33.1116],[150.9114,-33.1145],[150.9052,-33.1158],[150.9,-33.1212],[150.8861,-33.1192],[150.8859,-33.1215],[150.882,-33.1238],[150.8812,-33.1264],[150.8769,-33.1272],[150.8771,-33.1325],[150.8711,-33.1301],[150.8655,-33.1317],[150.8658,-33.1386],[150.8605,-33.1437],[150.8618,-33.1479],[150.8674,-33.153],[150.8659,-33.1579],[150.8605,-33.1558],[150.8612,-33.1604],[150.8588,-33.1625],[150.8465,-33.1608],[150.8446,-33.1707],[150.8543,-33.1721],[150.8502,-33.1949],[150.8452,-33.2233],[150.8519,-33.2232]]]},"properties":{"SAL_CODE21":"11908","SAL_NAME21":"Higher Macdonald","STE_CODE21":"1","STE_NAME21":"New South Wales","AUS_CODE21":"AUS","AUS_NAME21":"Australia","AREASQKM21":87.0132,"LOCI_URI21":"http://linked.data.gov.au/dataset/asgsed3/SAL/11908","SHAPE_Leng":0.522078551484,"SHAPE_Area":0.0084116875302}},
{"type":"Feature","geometry":{"type":"Polygon","coordinates":[[[151.2237,-33.9578],[151.2303,-33.9556],[151.2304,-33.9541],[151.2316,-33.9506],[151.2282,-33.9489],[151.2234,-33.9481],[151.2237,-33.9578]]]},"properties":{"SAL_CODE21":"11918","SAL_NAME21":"Hillsdale","STE_CODE21":"1","STE_NAME21":"New South Wales","AUS_CODE21":"AUS","AUS_NAME21":"Australia","AREASQKM21":0.5461,"LOCI_URI21":"http://linked.data.gov.au/dataset/asgsed3/SAL/11918","SHAPE_Leng":0.0329881219521,"SHAPE_Area":0.0000532867089149}},
{"type":"Feature","geometry":{"type":"Polygon","coordinates":[[[150.8752,-33.9109],[150.8669,-33.9108],[150.8629,-33.9085],[150.8548,-33.9092],[150.8576,-33.9213],[150.8547,-33.9217],[150.8526,-33.9189],[150.8489,-33.9235],[150.8484,-33.9244],[150.8561,-33.9264],[150.867,-33.926],[150.8717,-33.9272],[150.8746,-33.9135],[150.8752,-33.9109]]]},"properties":{"SAL_CODE21":"11922","SAL_NAME21":"Hinchinbrook (NSW)","STE_CODE21":"1","STE_NAME21":"New South Wales","AUS_CODE21":"AUS","AUS_NAME21":"Australia","AREASQKM21":3.2282,"LOCI_URI21":"http://linked.data.gov.au/dataset/asgsed3/SAL/11922","SHAPE_Leng":0.0985189866484,"SHAPE_Area":0.000314756285479}},
{"type":"Feature","geometry":{"type":"Polygon","coordinates":[[[150.747,-33.6077],[150.7517,-33.6042],[150.7478,-33.6027],[150.7439,-33.5989],[150.7339,-33.602],[150.7429,-33.6109],[150.747,-33.6077]]]},"properties":{"SAL_CODE21":"11924","SAL_NAME21":"Hobartville","STE_CODE21":"1","STE_NAME21":"New South Wales","AUS_CODE21":"AUS","AUS_NAME21":"Australia","AREASQKM21":1.0912,"LOCI_URI21":"http://linked.data.gov.au/dataset/asgsed3/SAL/11924","SHAPE_Leng":0.0453805086123,"SHAPE_Area":0.000106012635175}},
{"type":"Feature","geometry":{"type":"Polygon","coordinates":[[[151.3946,-33.4277],[151.3968,-33.4248],[151.3976,-33.4213],[151.4031,-33.4208],[151.4031,-33.4178],[151.4147,-33.4031],[151.4237,-33.3991],[151.426,-33.3941],[151.4302,-33.3947],[151.4325,-33.3839],[151.4285,-33.3824],[151.4228,-33.3843],[151.4141,-33.3831],[151.4109,-33.384],[151.4087,-33.388],[151.4138,-33.3888],[151.4124,-33.3943],[151.4058,-33.3982],[151.4035,-33.3956],[151.3976,-33.3996],[151.398,-33.4033],[151.3924,-33.4047],[151.3879,-33.4079],[151.3856,-33.4118],[151.3829,-33.4133],[151.378,-33.4199],[151.3775,-33.4233],[151.3901,-33.4253],[151.3936,-33.4282],[151.3946,-33.4277]]]},"properties":{"SAL_CODE21":"11928","SAL_NAME21":"Holgate","STE_CODE21":"1","STE_NAME21":"New South Wales","AUS_CODE21":"AUS","AUS_NAME21":"Australia","AREASQKM21":9.0457,"LOCI_URI21":"http://linked.data.gov.au/dataset/asgsed3/SAL/11928","SHAPE_Leng":0.200354431206,"SHAPE_Area":0.000876733091077}},
{"type":"Feature","geometry":{"type":"Polygon","coordinates":[[[150.9943,-33.8267],[150.9924,-33.833],[150.9961,-33.8338],[151.0005,-33.8303],[151.0043,-33.8293],[151.0048,-33.8265],[150.9967,-33.8277],[150.9943,-33.8267]]]},"properties":{"SAL_CODE21":"11932","SAL_NAME21":"Holroyd","STE_CODE21":"1","STE_NAME21":"New South Wales","AUS_CODE21":"AUS","AUS_NAME21":"Australia","AREASQKM21":0.5042,"LOCI_URI21":"http://linked.data.gov.au/dataset/asgsed3/SAL/11932","SHAPE_Leng":0.0341060795838,"SHAPE_Area":0.000049107809741}},
{"type":"Feature","geometry":{"type":"Polygon","coordinates":[[[150.8322,-34.0948],[150.8303,-34.097],[150.8278,-34.1051],[150.8254,-34.1061],[150.8206,-34.1107],[150.8185,-34.1087],[150.8143,-34.1108],[150.8148,-34.113],[150.8508,-34.118],[150.853,-34.1218],[150.8517,-34.1238],[150.8529,-34.1275],[150.8496,-34.1315],[150.8503,-34.136],[150.8469,-34.1382],[150.8499,-34.1401],[150.8486,-34.1431],[150.8513,-34.146],[150.8507,-34.1484],[150.8473,-34.1512],[150.8475,-34.1539],[150.8419,-34.1593],[150.84,-34.1632],[150.8358,-34.1645],[150.8349,-34.1665],[150.8289,-34.1667],[150.8274,-34.1642],[150.8221,-34.1623],[150.8195,-34.1648],[150.8154,-34.1668],[150.8166,-34.1732],[150.8409,-34.1765],[150.8446,-34.1757],[150.8457,-34.1788],[150.8513,-34.1786],[150.8491,-34.1821],[150.855,-34.1841],[150.8537,-34.1784],[150.856,-34.1777],[150.8595,-34.181],[150.8631,-34.1827],[150.8699,-34.1817],[150.8748,-34.1874],[150.8795,-34.1869],[150.8994,-34.1896],[150.8939,-34.1837],[150.8902,-34.1832],[150.8879,-34.1814],[150.8877,-34.1744],[150.8921,-34.1698],[150.8945,-34.1651],[150.8934,-34.1623],[150.8986,-34.1613],[150.9006,-34.1522],[150.9059,-34.1498],[150.9114,-34.1277],[150.9133,-34.1259],[150.9118,-34.123],[150.9166,-34.1175],[150.9167,-34.1126],[150.9194,-34.1105],[150.9199,-34.1056],[150.9216,-34.1047],[150.923,-34.0994],[150.9259,-34.0956],[150.9253,-34.0933],[150.9366,-34.0951],[150.9336,-34.1094],[150.9396,-34.1118],[150.9474,-34.1079],[150.9503,-34.1048],[150.9529,-34.1062],[150.9569,-34.1039],[150.9609,-34.1052],[150.9608,-34.101],[150.9622,-34.0976],[150.9659,-34.0958],[150.9711,-34.1001],[150.9754,-34.0975],[150.9729,-34.0955],[150.9744,-34.0912],[150.9738,-34.0866],[150.9769,-34.0857],[150.9818,-34.0798],[150.9854,-34.0701],[150.9847,-34.0676],[150.9873,-34.065],[150.9959,-34.0628],[150.9963,-34.0602],[150.9937,-34.0578],[150.9884,-34.0585],[150.9816,-34.0548],[150.9694,-34.0532],[150.9637,-34.0496],[150.96,-34.044],[150.9596,-34.0408],[150.963,-34.0309],[150.9684,-34.0258],[150.9806,-34.0172],[150.9835,-34.0148],[150.9945,-34.0024],[150.9967,-33.9941],[150.9957,-33.9912],[150.9927,-33.9889],[150.9918,-33.9811],[150.9831,-33.9732],[150.9698,-33.9658],[150.9685,-33.9645],[150.966,-33.9546],[150.9613,-33.9544],[150.9581,-33.9588],[150.948,-33.9471],[150.946,-33.9499],[150.9461,-33.9619],[150.9469,-33.9637],[150.9316,-33.9646],[150.9189,-33.9654],[150.9132,-33.9649],[150.911,-33.979],[150.9078,-33.9903],[150.909,-33.9978],[150.9124,-33.9994],[150.9109,-34.0017],[150.9041,-34.0048],[150.9015,-34.0072],[150.9021,-34.0114],[150.9058,-34.0184],[150.8998,-34.0207],[150.8969,-34.0208],[150.8927,-34.0188],[150.8935,-34.0134],[150.8922,-34.0114],[150.8923,-34.0056],[150.8886,-34.0055],[150.8873,-34.0137],[150.8865,-34.0249],[150.8861,-34.0287],[150.8873,-34.0337],[150.8906,-34.0384],[150.8944,-34.0401],[150.8925,-34.0431],[150.8914,-34.0454],[150.8946,-34.0481],[150.8924,-34.0512],[150.8892,-34.0513],[150.8823,-34.0551],[150.8787,-34.0626],[150.8736,-34.0607],[150.8756,-34.0665],[150.8692,-34.0727],[150.8681,-34.077],[150.8639,-34.0827],[150.8598,-34.0825],[150.8544,-34.0786],[150.854,-34.0839],[150.8487,-34.0849],[150.8481,-34.0817],[150.8443,-34.0827],[150.8382,-34.0881],[150.8343,-34.094],[150.8322,-34.0948]]]},"properties":{"SAL_CODE21":"11933","SAL_NAME21":"Holsworthy","STE_CODE21":"1","STE_NAME21":"New South Wales","AUS_CODE21":"AUS","AUS_NAME21":"Australia","AREASQKM21":190.2772,"LOCI_URI21":"http://linked.data.gov.au/dataset/asgsed3/SAL/11933","SHAPE_Leng":1.07144085016,"SHAPE_Area":0.018582825202}},
{"type":"Feature","geometry":{"type":"Polygon","coordinates":[[[151.0814,-33.85],[151.0784,-33.8533],[151.0715,-33.8563],[151.0769,-33.8587],[151.0768,-33.8647],[151.0695,-33.8694],[151.0724,-33.8707],[151.0782,-33.8681],[151.0847,-33.8712],[151.0919,-33.8691],[151.0908,-33.8655],[151.0881,-33.8651],[151.0848,-33.8601],[151.0823,-33.8526],[151.0814,-33.85]]]},"properties":{"SAL_CODE21":"11936","SAL_NAME21":"Homebush (NSW)","STE_CODE21":"1","STE_NAME21":"New South Wales","AUS_CODE21":"AUS","AUS_NAME21":"Australia","AREASQKM21":2.0479,"LOCI_URI21":"http://linked.data.gov.au/dataset/asgsed3/SAL/11936","SHAPE_Leng":0.0980352820581,"SHAPE_Area":0.0001995432641}},
{"type":"Feature","geometry":{"type":"Polygon","coordinates":[[[151.0715,-33.8563],[151.0692,-33.8583],[151.064,-33.8561],[151.0606,-33.8606],[151.0611,-33.8638],[151.0567,-33.8645],[151.0613,-33.8666],[151.0695,-33.8694],[151.0768,-33.8647],[151.0769,-33.8587],[151.0715,-33.8563]]]},"properties":{"SAL_CODE21":"11937","SAL_NAME21":"Homebush West","STE_CODE21":"1","STE_NAME21":"New South Wales","AUS_CODE21":"AUS","AUS_NAME21":"Australia","AREASQKM21":1.7008,"LOCI_URI21":"http://linked.data.gov.au/dataset/asgsed3/SAL/11937","SHAPE_Leng":0.0714674580671,"SHAPE_Area":0.00016569975411}},
{"type":"Feature","geometry":{"type":"Polygon","coordinates":[[[150.8386,-33.942],[150.8373,-33.9441],[150.8386,-33.9501],[150.8492,-33.9515],[150.849,-33.9483],[150.8513,-33.9464],[150.85,-33.9436],[150.8468,-33.9411],[150.8439,-33.9437],[150.8386,-33.942]]]},"properties":{"SAL_CODE21":"11942","SAL_NAME21":"Horningsea Park","STE_CODE21":"1","STE_NAME21":"New South Wales","AUS_CODE21":"AUS","AUS_NAME21":"Australia","AREASQKM21":0.9808,"LOCI_URI21":"http://linked.data.gov.au/dataset/asgsed3/SAL/11942","SHAPE_Leng":0.0490173420493,"SHAPE_Area":0.0000956308006702}},
{"type":"Feature","geometry":{"type":"Polygon","coordinates":[[[151.1051,-33.6823],[151.1039,-33.6804],[151.0942,-33.6853],[151.086,-33.6827],[151.0871,-33.6782],[151.0809,-33.6822],[151.0807,-33.6865],[151.0827,-33.689],[151.0819,-33.6937],[151.0797,-33.7053],[151.0816,-33.7056],[151.0835,-33.7093],[151.0901,-33.7142],[151.092,-33.7154],[151.0986,-33.7163],[151.0999,-33.7153],[151.1022,-33.7135],[151.1013,-33.7104],[151.1024,-33.7063],[151.1064,-33.7064],[151.108,-33.7036],[151.1133,-33.7043],[151.114,-33.7011],[151.118,-33.7018],[151.1214,-33.6923],[151.12,-33.6941],[151.1166,-33.6936],[151.1112,-33.6969],[151.1091,-33.6937],[151.1018,-33.694],[151.1035,-33.6899],[151.1051,-33.6823]]]},"properties":{"SAL_CODE21":"11943","SAL_NAME21":"Hornsby","STE_CODE21":"1","STE_NAME21":"New South Wales","AUS_CODE21":"AUS","AUS_NAME21":"Australia","AREASQKM21":8.3837,"LOCI_URI21":"http://linked.data.gov.au/dataset/asgsed3/SAL/11943","SHAPE_Leng":0.202772010861,"SHAPE_Area":0.000815260453416}},
{"type":"Feature","geometry":{"type":"Polygon","coordinates":[[[151.1093,-33.6277],[151.1077,-33.6302],[151.1103,-33.6334],[151.1056,-33.6382],[151.1017,-33.6385],[151.1002,-33.6471],[151.0979,-33.6493],[151.0941,-33.6486],[151.0923,-33.6522],[151.0875,-33.6547],[151.0854,-33.6585],[151.0811,-33.6625],[151.08,-33.6649],[151.0839,-33.6655],[151.0864,-33.6692],[151.0846,-33.6708],[151.0875,-33.6734],[151.0871,-33.6782],[151.086,-33.6827],[151.0942,-33.6853],[151.1039,-33.6804],[151.1028,-33.6712],[151.106,-33.6678],[151.1051,-33.6661],[151.107,-33.6622],[151.1112,-33.6574],[151.1105,-33.652],[151.1121,-33.649],[151.1153,-33.6464],[151.1203,-33.643],[151.1203,-33.6408],[151.1178,-33.635],[151.1203,-33.6307],[151.1191,-33.6261],[151.1167,-33.6284],[151.1123,-33.6255],[151.1093,-33.6277]]]},"properties":{"SAL_CODE21":"11944","SAL_NAME21":"Hornsby Heights","STE_CODE21":"1","STE_NAME21":"New South Wales","AUS_CODE21":"AUS","AUS_NAME21":"Australia","AREASQKM21":10.2176,"LOCI_URI21":"http://linked.data.gov.au/dataset/asgsed3/SAL/11944","SHAPE_Leng":0.20740001274,"SHAPE_Area":0.000993158250121}},
{"type":"Feature","geometry":{"type":"Polygon","coordinates":[[[151.2996,-33.4958],[151.3057,-33.4946],[151.3047,-33.4911],[151.3012,-33.4889],[151.2989,-33.4885],[151.2969,-33.4963],[151.2996,-33.4958]]]},"properties":{"SAL_CODE21":"11948","SAL_NAME21":"Horsfield Bay","STE_CODE21":"1","STE_NAME21":"New South Wales","AUS_CODE21":"AUS","AUS_NAME21":"Australia","AREASQKM21":0.4167,"LOCI_URI21":"http://linked.data.gov.au/dataset/asgsed3/SAL/11948","SHAPE_Leng":0.0336002884731,"SHAPE_Area":0.0000404371492712}},
{"type":"Feature","geometry":{"type":"Polygon","coordinates":[[[150.8727,-33.8465],[150.8744,-33.8417],[150.8783,-33.8348],[150.8808,-33.8352],[150.8827,-33.8292],[150.8844,-33.8295],[150.8709,-33.8238],[150.8564,-33.8208],[150.8277,-33.8207],[150.8129,-33.8223],[150.8117,-33.8254],[150.8208,-33.8267],[150.819,-33.8352],[150.8235,-33.8359],[150.8222,-33.8427],[150.82,-33.8535],[150.8281,-33.8572],[150.8292,-33.8599],[150.8537,-33.8631],[150.8634,-33.8645],[150.8641,-33.8621],[150.8678,-33.86],[150.8708,-33.8569],[150.8684,-33.8493],[150.8727,-33.8465]]]},"properties":{"SAL_CODE21":"11950","SAL_NAME21":"Horsley Park","STE_CODE21":"1","STE_NAME21":"New South Wales","AUS_CODE21":"AUS","AUS_NAME21":"Australia","AREASQKM21":21.9683,"LOCI_URI21":"http://linked.data.gov.au/dataset/asgsed3/SAL/11950","SHAPE_Leng":0.227344118578,"SHAPE_Area":0.00213981436196}},
{"type":"Feature","geometry":{"type":"Polygon","coordinates":[[[150.8591,-33.9354],[150.859,-33.9325],[150.8634,-33.9304],[150.8684,-33.9302],[150.8701,-33.9273],[150.8737,-33.9277],[150.8717,-33.9272],[150.867,-33.926],[150.8561,-33.9264],[150.8484,-33.9244],[150.8461,-33.9313],[150.854,-33.9348],[150.8591,-33.9354]]]},"properties":{"SAL_CODE21":"11958","SAL_NAME21":"Hoxton Park","STE_CODE21":"1","STE_NAME21":"New South Wales","AUS_CODE21":"AUS","AUS_NAME21":"Australia","AREASQKM21":1.5387,"LOCI_URI21":"http://linked.data.gov.au/dataset/asgsed3/SAL/11958","SHAPE_Leng":0.0735421501853,"SHAPE_Area":0.000150024956179}},
{"type":"Feature","geometry":{"type":"Polygon","coordinates":[[[151.1363,-33.8148],[151.1377,-33.818],[151.136,-33.8195],[151.1302,-33.8281],[151.1342,-33.8307],[151.1352,-33.8349],[151.1359,-33.8365],[151.1432,-33.8356],[151.1438,-33.8365],[151.1532,-33.8378],[151.157,-33.8393],[151.1588,-33.843],[151.1658,-33.8427],[151.1665,-33.8384],[151.1622,-33.8376],[151.157,-33.8325],[151.1528,-33.8308],[151.1498,-33.8319],[151.1438,-33.8291],[151.1435,-33.8267],[151.1471,-33.8254],[151.1468,-33.8199],[151.1437,-33.8179],[151.1398,-33.8186],[151.1369,-33.8152],[151.1363,-33.8148]]]},"properties":{"SAL_CODE21":"11961","SAL_NAME21":"Hunters Hill","STE_CODE21":"1","STE_NAME21":"New South Wales","AUS_CODE21":"AUS","AUS_NAME21":"Australia","AREASQKM21":3.6317,"LOCI_URI21":"http://linked.data.gov.au/dataset/asgsed3/SAL/11961","SHAPE_Leng":0.135705446303,"SHAPE_Area":0.000353720781551}},
{"type":"Feature","geometry":{"type":"Polygon","coordinates":[[[150.8715,-33.7924],[150.8702,-33.8004],[150.8801,-33.8012],[150.886,-33.801],[150.8891,-33.8018],[150.896,-33.8016],[150.8962,-33.7978],[150.8894,-33.7957],[150.8715,-33.7924]]]},"properties":{"SAL_CODE21":"11964","SAL_NAME21":"Huntingwood","STE_CODE21":"1","STE_NAME21":"New South Wales","AUS_CODE21":"AUS","AUS_NAME21":"Australia","AREASQKM21":1.7233,"LOCI_URI21":"http://linked.data.gov.au/dataset/asgsed3/SAL/11964","SHAPE_Leng":0.0665449351084,"SHAPE_Area":0.000167783337201}},
{"type":"Feature","geometry":{"type":"Polygon","coordinates":[[[151.1356,-33.8398],[151.1396,-33.8394],[151.1451,-33.8377],[151.1359,-33.8365],[151.1352,-33.8349],[151.1331,-33.838],[151.1356,-33.8398]]]},"properties":{"SAL_CODE21":"11967","SAL_NAME21":"Huntleys Cove","STE_CODE21":"1","STE_NAME21":"New South Wales","AUS_CODE21":"AUS","AUS_NAME21":"Australia","AREASQKM21":0.274,"LOCI_URI21":"http://linked.data.gov.au/dataset/asgsed3/SAL/11967","SHAPE_Leng":0.0289383503395,"SHAPE_Area":0.0000266872110242}},
{"type":"Feature","geometry":{"type":"Polygon","coordinates":[[[151.1424,-33.8418],[151.1468,-33.8411],[151.1451,-33.8377],[151.1396,-33.8394],[151.1424,-33.8418]]]},"properties":{"SAL_CODE21":"11968","SAL_NAME21":"Huntleys Point","STE_CODE21":"1","STE_NAME21":"New South Wales","AUS_CODE21":"AUS","AUS_NAME21":"Australia","AREASQKM21":0.2135,"LOCI_URI21":"http://linked.data.gov.au/dataset/asgsed3/SAL/11968","SHAPE_Leng":0.0232915735869,"SHAPE_Area":0.0000208020222554}},
{"type":"Feature","geometry":{"type":"Polygon","coordinates":[[[151.1235,-33.9067],[151.1221,-33.9144],[151.1274,-33.9149],[151.1297,-33.9162],[151.135,-33.9132],[151.1344,-33.9057],[151.1286,-33.9047],[151.1251,-33.9038],[151.1235,-33.9067]]]},"properties":{"SAL_CODE21":"11970","SAL_NAME21":"Hurlstone Park","STE_CODE21":"1","STE_NAME21":"New South Wales","AUS_CODE21":"AUS","AUS_NAME21":"Australia","AREASQKM21":1.2013,"LOCI_URI21":"http://linked.data.gov.au/dataset/asgsed3/SAL/11970","SHAPE_Leng":0.0474768165705,"SHAPE_Area":0.000117093881376}},
{"type":"Feature","geometry":{"type":"Polygon","coordinates":[[[151.1157,-33.9701],[151.1125,-33.9653],[151.1127,-33.9623],[151.1021,-33.9498],[151.0914,-33.9513],[151.0848,-33.9523],[151.0852,-33.9545],[151.098,-33.9697],[151.0978,-33.9753],[151.1023,-33.9747],[151.1083,-33.972],[151.1131,-33.9696],[151.1157,-33.9701]]]},"properties":{"SAL_CODE21":"11971","SAL_NAME21":"Hurstville","STE_CODE21":"1","STE_NAME21":"New South Wales","AUS_CODE21":"AUS","AUS_NAME21":"Australia","AREASQKM21":4.2255,"LOCI_URI21":"http://linked.data.gov.au/dataset/asgsed3/SAL/11971","SHAPE_Leng":0.107382704113,"SHAPE_Area":0.00041231728176}},
{"type":"Feature","geometry":{"type":"Polygon","coordinates":[[[151.0978,-33.9778],[151.0978,-33.9753],[151.098,-33.9697],[151.0878,-33.9768],[151.0889,-33.9788],[151.088,-33.9827],[151.0942,-33.9844],[151.0978,-33.9778]]]},"properties":{"SAL_CODE21":"11972","SAL_NAME21":"Hurstville Grove","STE_CODE21":"1","STE_NAME21":"New South Wales","AUS_CODE21":"AUS","AUS_NAME21":"Australia","AREASQKM21":0.9185,"LOCI_URI21":"http://linked.data.gov.au/dataset/asgsed3/SAL/11972","SHAPE_Leng":0.0486102532627,"SHAPE_Area":0.0000895996955839}},
{"type":"Feature","geometry":{"type":"Polygon","coordinates":[[[151.0261,-33.9985],[151.0199,-34.0028],[151.0139,-34.006],[151.0216,-34.0068],[151.0241,-34.0059],[151.0265,-34.0058],[151.0336,-34.0095],[151.0365,-34.009],[151.0385,-34.0059],[151.044,-34.0065],[151.0471,-34.0058],[151.0485,-34.0034],[151.0531,-34.0023],[151.0537,-33.9978],[151.058,-33.9948],[151.0646,-33.9947],[151.0656,-33.9912],[151.0626,-33.9911],[151.0602,-33.9886],[151.0578,-33.992],[151.0514,-33.9947],[151.0391,-33.9927],[151.0354,-33.9934],[151.032,-33.9916],[151.0326,-33.9886],[151.0295,-33.9882],[151.0276,-33.9893],[151.0261,-33.9985]]]},"properties":{"SAL_CODE21":"11982","SAL_NAME21":"Illawong","STE_CODE21":"1","STE_NAME21":"New South Wales","AUS_CODE21":"AUS","AUS_NAME21":"Australia","AREASQKM21":4.7601,"LOCI_URI21":"http://linked.data.gov.au/dataset/asgsed3/SAL/11982","SHAPE_Leng":0.154003054627,"SHAPE_Area":0.000464481384435}},
{"type":"Feature","geometry":{"type":"Polygon","coordinates":[[[150.848,-34.0136],[150.8595,-34.0156],[150.8599,-34.0168],[150.8679,-34.0143],[150.8726,-34.02],[150.8763,-34.0218],[150.878,-34.0202],[150.8815,-34.0229],[150.8844,-34.0224],[150.8865,-34.0249],[150.8873,-34.0137],[150.8886,-34.0055],[150.8859,-34.0025],[150.8798,-33.9988],[150.8752,-33.9947],[150.871,-33.992],[150.8749,-33.9876],[150.8684,-33.9856],[150.8636,-33.9853],[150.857,-33.9859],[150.8535,-33.9885],[150.847,-33.9965],[150.8325,-34.007],[150.8276,-34.0123],[150.8279,-34.0127],[150.8302,-34.0116],[150.837,-34.0121],[150.848,-34.0136]]]},"properties":{"SAL_CODE21":"11987","SAL_NAME21":"Ingleburn","STE_CODE21":"1","STE_NAME21":"New South Wales","AUS_CODE21":"AUS","AUS_NAME21":"Australia","AREASQKM21":12.4382,"LOCI_URI21":"http://linked.data.gov.au/dataset/asgsed3/SAL/11987","SHAPE_Leng":0.190593307829,"SHAPE_Area":0.00121385917622}},
{"type":"Feature","geometry":{"type":"Polygon","coordinates":[[[151.279,-33.6599],[151.2776,-33.6649],[151.2751,-33.6645],[151.2724,-33.6678],[151.2706,-33.665],[151.2673,-33.6645],[151.266,-33.6711],[151.2638,-33.6732],[151.259,-33.6729],[151.2537,-33.6702],[151.2504,-33.6778],[151.2477,-33.6819],[151.2398,-33.6851],[151.2387,-33.6878],[151.233,-33.6844],[151.2318,-33.6914],[151.2324,-33.6952],[151.2366,-33.6958],[151.2359,-33.6996],[151.2316,-33.699],[151.2295,-33.7094],[151.2366,-33.7104],[151.2379,-33.7147],[151.2397,-33.7173],[151.2459,-33.7193],[151.2525,-33.7189],[151.2569,-33.7161],[151.2666,-33.7175],[151.2698,-33.716],[151.272,-33.7126],[151.2748,-33.7123],[151.2748,-33.7088],[151.272,-33.7063],[151.2622,-33.7052],[151.259,-33.7033],[151.2601,-33.6942],[151.2663,-33.6951],[151.2667,-33.6929],[151.275,-33.6943],[151.2776,-33.6909],[151.2832,-33.6917],[151.2835,-33.6918],[151.2844,-33.6871],[151.2823,-33.6852],[151.2832,-33.6792],[151.28,-33.6775],[151.2822,-33.6749],[151.2835,-33.6686],[151.2823,-33.6648],[151.2843,-33.664],[151.2833,-33.66],[151.279,-33.6599]]]},"properties":{"SAL_CODE21":"11988","SAL_NAME21":"Ingleside","STE_CODE21":"1","STE_NAME21":"New South Wales","AUS_CODE21":"AUS","AUS_NAME21":"Australia","AREASQKM21":18.0872,"LOCI_URI21":"http://linked.data.gov.au/dataset/asgsed3/SAL/11988","SHAPE_Leng":0.278629024803,"SHAPE_Area":0.00175879502626}},
{"type":"Feature","geometry":{"type":"Polygon","coordinates":[[[150.6599,-33.7647],[150.6732,-33.7749],[150.6816,-33.7797],[150.6853,-33.7811],[150.6894,-33.7613],[150.668,-33.7587],[150.6599,-33.7647]]]},"properties":{"SAL_CODE21":"12009","SAL_NAME21":"Jamisontown","STE_CODE21":"1","STE_NAME21":"New South Wales","AUS_CODE21":"AUS","AUS_NAME21":"Australia","AREASQKM21":3.9581,"LOCI_URI21":"http://linked.data.gov.au/dataset/asgsed3/SAL/12009","SHAPE_Leng":0.0827114813999,"SHAPE_Area":0.000385174058259}},
{"type":"Feature","geometry":{"type":"Polygon","coordinates":[[[151.0512,-34.0146],[151.0498,-34.0164],[151.0498,-34.0206],[151.0505,-34.02],[151.0591,-34.0213],[151.063,-34.0237],[151.0668,-34.0216],[151.0725,-34.021],[151.0753,-34.0193],[151.0762,-34.0178],[151.0739,-34.0106],[151.0718,-34.008],[151.0694,-34.0092],[151.0606,-34.008],[151.0616,-34.0148],[151.0602,-34.016],[151.0512,-34.0146]]]},"properties":{"SAL_CODE21":"12010","SAL_NAME21":"Jannali","STE_CODE21":"1","STE_NAME21":"New South Wales","AUS_CODE21":"AUS","AUS_NAME21":"Australia","AREASQKM21":2.4959,"LOCI_URI21":"http://linked.data.gov.au/dataset/asgsed3/SAL/12010","SHAPE_Leng":0.102524588903,"SHAPE_Area":0.000243635520299}},
{"type":"Feature","geometry":{"type":"Polygon","coordinates":[[[151.4051,-33.2694],[151.4058,-33.2655],[151.4041,-33.2591],[151.4051,-33.2513],[151.4117,-33.2411],[151.4195,-33.2326],[151.4241,-33.2297],[151.4274,-33.2252],[151.4396,-33.2204],[151.4351,-33.2148],[151.4286,-33.2139],[151.4354,-33.1999],[151.4315,-33.1993],[151.4332,-33.1942],[151.4185,-33.1921],[151.4179,-33.1951],[151.411,-33.1941],[151.4107,-33.1957],[151.3987,-33.1935],[151.3893,-33.1879],[151.3883,-33.1924],[151.3849,-33.192],[151.383,-33.2021],[151.3808,-33.2043],[151.3734,-33.2023],[151.3665,-33.2032],[151.3606,-33.2024],[151.3604,-33.204],[151.3534,-33.203],[151.3542,-33.1984],[151.3421,-33.1967],[151.3472,-33.1674],[151.3427,-33.1657],[151.3134,-33.1618],[151.3115,-33.1641],[151.3108,-33.1708],[151.3035,-33.1772],[151.2992,-33.1766],[151.2984,-33.1804],[151.3014,-33.1807],[151.3008,-33.1891],[151.2957,-33.1884],[151.2937,-33.1989],[151.2864,-33.1984],[151.2839,-33.2049],[151.2885,-33.2055],[151.2867,-33.2152],[151.2962,-33.2165],[151.2976,-33.2179],[151.3,-33.2132],[151.2953,-33.2127],[151.2966,-33.2056],[151.3052,-33.2067],[151.304,-33.2137],[151.3119,-33.2148],[151.3117,-33.216],[151.3185,-33.217],[151.3174,-33.2231],[151.3129,-33.2247],[151.3108,-33.2351],[151.3147,-33.2357],[151.3133,-33.2429],[151.3202,-33.2438],[151.3228,-33.2422],[151.3311,-33.2444],[151.3303,-33.2492],[151.3335,-33.2496],[151.3328,-33.2533],[151.3376,-33.2539],[151.3371,-33.2567],[151.3393,-33.2591],[151.3451,-33.26],[151.3528,-33.26],[151.3524,-33.2622],[151.3575,-33.2629],[151.3581,-33.2606],[151.3641,-33.2614],[151.3645,-33.2597],[151.3729,-33.261],[151.3724,-33.2629],[151.3682,-33.2623],[151.3675,-33.2655],[151.3771,-33.2668],[151.3818,-33.2667],[151.3832,-33.2704],[151.3903,-33.2681],[151.3936,-33.268],[151.3901,-33.2654],[151.3899,-33.2595],[151.3992,-33.2624],[151.4036,-33.2657],[151.4051,-33.2694]],[[151.3793,-33.2393],[151.3771,-33.2405],[151.3764,-33.2443],[151.3703,-33.2435],[151.3707,-33.2417],[151.36,-33.2407],[151.3597,-33.2421],[151.3484,-33.2404],[151.3461,-33.2384],[151.3419,-33.2378],[151.3423,-33.2358],[151.3339,-33.2344],[151.3346,-33.231],[151.3431,-33.2322],[151.3473,-33.2338],[151.3556,-33.2351],[151.3581,-33.2234],[151.3613,-33.2248],[151.3644,-33.2284],[151.3676,-33.2288],[151.3667,-33.2324],[151.3722,-33.2332],[151.3718,-33.2352],[151.3793,-33.2366],[151.3793,-33.2393]]]},"properties":{"SAL_CODE21":"12036","SAL_NAME21":"Jilliby","STE_CODE21":"1","STE_NAME21":"New South Wales","AUS_CODE21":"AUS","AUS_NAME21":"Australia","AREASQKM21":84.0196,"LOCI_URI21":"http://linked.data.gov.au/dataset/asgsed3/SAL/12036","SHAPE_Leng":0.809090125104,"SHAPE_Area":0.00812630258416}},
{"type":"Feature","geometry":{"type":"Polygon","coordinates":[[[150.7247,-33.7371],[150.7409,-33.7398],[150.7522,-33.7409],[150.7533,-33.7394],[150.7591,-33.7415],[150.7618,-33.7352],[150.7617,-33.7324],[150.7596,-33.7301],[150.764,-33.7257],[150.7625,-33.7216],[150.7658,-33.7176],[150.764,-33.7183],[150.7554,-33.7163],[150.7349,-33.7136],[150.7346,-33.7153],[150.7265,-33.7143],[150.7253,-33.7153],[150.7255,-33.7191],[150.723,-33.7212],[150.7182,-33.7325],[150.7255,-33.7335],[150.7247,-33.7371]]]},"properties":{"SAL_CODE21":"12050","SAL_NAME21":"Jordan Springs","STE_CODE21":"1","STE_NAME21":"New South Wales","AUS_CODE21":"AUS","AUS_NAME21":"Australia","AREASQKM21":9.7299,"LOCI_URI21":"http://linked.data.gov.au/dataset/asgsed3/SAL/12050","SHAPE_Leng":0.145490321217,"SHAPE_Area":0.000946516151357}},
{"type":"Feature","geometry":{"type":"Polygon","coordinates":[[[150.1735,-33.8172],[150.1708,-33.8165],[150.1643,-33.8192],[150.1601,-33.8241],[150.1571,-33.8291],[150.1508,-33.8358],[150.1508,-33.8407],[150.1523,-33.8483],[150.1477,-33.8512],[150.1422,-33.8572],[150.1376,-33.8569],[150.1246,-33.8636],[150.1226,-33.8706],[150.1192,-33.8751],[150.1134,-33.8754],[150.1069,-33.8782],[150.1019,-33.8825],[150.1024,-33.889],[150.0996,-33.8893],[150.0967,-33.8866],[150.0926,-33.8874],[150.0895,-33.8905],[150.0889,-33.8969],[150.0807,-33.8953],[150.0799,-33.9],[150.0756,-33.8995],[150.0748,-33.9025],[150.0715,-33.9074],[150.0715,-33.9107],[150.0643,-33.9101],[150.0513,-33.9147],[150.0519,-33.9088],[150.0508,-33.902],[150.0483,-33.8982],[150.0488,-33.8953],[150.0474,-33.8887],[150.0436,-33.8902],[150.0338,-33.8916],[150.0286,-33.8949],[150.0256,-33.8949],[150.015,-33.8983],[150.0085,-33.8962],[150.0052,-33.8969],[150.0015,-33.8957],[149.9944,-33.8962],[149.9913,-33.8991],[149.9941,-33.9011],[149.9922,-33.9031],[149.9891,-33.9027],[149.9895,-33.9061],[149.9921,-33.9112],[149.987,-33.9135],[149.9874,-33.9174],[149.9861,-33.9232],[149.9869,-33.9257],[149.9824,-33.9301],[149.9814,-33.934],[149.9795,-33.9351],[149.9827,-33.9399],[149.9811,-33.9418],[149.981,-33.9456],[149.9766,-33.9522],[149.9797,-33.9573],[149.9792,-33.9591],[149.982,-33.9626],[149.9798,-33.9661],[149.9745,-33.9671],[149.9778,-33.9709],[149.9777,-33.9748],[149.9832,-33.9763],[149.9823,-33.9812],[149.9797,-33.981],[149.978,-33.9866],[149.9781,-33.9923],[149.9797,-34.0003],[149.9783,-34.0083],[149.9853,-34.0169],[149.9826,-34.0239],[149.9833,-34.0309],[149.9809,-34.0324],[149.9839,-34.0396],[149.9803,-34.042],[149.9764,-34.0422],[149.9764,-34.0462],[149.9822,-34.0469],[149.9886,-34.0512],[149.9923,-34.056],[150.001,-34.06],[150.0039,-34.0632],[150.0041,-34.0686],[150.0012,-34.0699],[150.0008,-34.0738],[150.0017,-34.0795],[149.9976,-34.0839],[150.0026,-34.0839],[150.0073,-34.0853],[150.003,-34.0933],[150.0027,-34.0963],[150.0053,-34.1032],[150.0121,-34.1066],[150.0117,-34.1097],[150.0239,-34.1155],[150.0315,-34.1168],[150.0376,-34.1208],[150.044,-34.1208],[150.0472,-34.124],[150.0544,-34.1261],[150.0548,-34.1276],[150.0597,-34.129],[150.0644,-34.1291],[150.0712,-34.1316],[150.0782,-34.1264],[150.0821,-34.1211],[150.0855,-34.1206],[150.0895,-34.1256],[150.0887,-34.1296],[150.0905,-34.1334],[150.0952,-34.1373],[150.1052,-34.1385],[150.1045,-34.1418],[150.1077,-34.1463],[150.1125,-34.1478],[150.1149,-34.151],[150.1171,-34.1501],[150.1251,-34.1492],[150.1219,-34.1408],[150.1146,-34.1405],[150.1102,-34.1307],[150.1128,-34.1268],[150.1101,-34.1244],[150.1053,-34.1183],[150.1042,-34.1136],[150.1048,-34.1094],[150.1085,-34.1056],[150.1104,-34.1058],[150.1129,-34.1026],[150.111,-34.0961],[150.1077,-34.093],[150.107,-34.0901],[150.1122,-34.0899],[150.109,-34.0849],[150.112,-34.0844],[150.115,-34.0862],[150.1149,-34.0904],[150.1185,-34.091],[150.1159,-34.0803],[150.1167,-34.0781],[150.1228,-34.0756],[150.1275,-34.0799],[150.1321,-34.0821],[150.1337,-34.0804],[150.129,-34.0779],[150.1277,-34.0756],[150.1317,-34.0728],[150.1372,-34.0743],[150.1374,-34.0715],[150.1423,-34.0733],[150.1457,-34.0714],[150.1453,-34.0676],[150.1427,-34.0641],[150.1434,-34.0582],[150.1408,-34.0512],[150.1424,-34.0489],[150.1467,-34.0477],[150.147,-34.043],[150.1531,-34.0431],[150.1552,-34.0408],[150.1548,-34.0351],[150.1584,-34.0346],[150.1621,-34.0377],[150.1682,-34.0352],[150.1596,-34.0325],[150.1608,-34.0298],[150.1683,-34.028],[150.1693,-34.0258],[150.1652,-34.0235],[150.1671,-34.0213],[150.1721,-34.02],[150.1764,-34.0163],[150.1809,-34.0183],[150.183,-34.0163],[150.183,-34.0119],[150.1863,-34.0103],[150.1905,-34.0103],[150.1915,-34.0073],[150.1951,-34.0048],[150.201,-34.0053],[150.2024,-34.0004],[150.2045,-34.0005],[150.209,-33.9978],[150.2088,-33.9937],[150.2115,-33.9893],[150.2166,-33.9874],[150.2184,-33.9843],[150.2241,-33.9795],[150.2285,-33.9787],[150.2283,-33.9739],[150.2322,-33.9713],[150.2321,-33.968],[150.2372,-33.9655],[150.2333,-33.9621],[150.2355,-33.9599],[150.2412,-33.952],[150.2377,-33.9505],[150.217,-33.9478],[150.2188,-33.9384],[150.2148,-33.9363],[150.21,-33.9374],[150.2033,-33.9438],[150.1982,-33.947],[150.1891,-33.9506],[150.1824,-33.9498],[150.1803,-33.9455],[150.1756,-33.9452],[150.1752,-33.939],[150.1706,-33.9343],[150.1713,-33.93],[150.1679,-33.9175],[150.1652,-33.9154],[150.1651,-33.9124],[150.168,-33.9084],[150.1701,-33.9024],[150.1657,-33.8976],[150.1592,-33.8974],[150.1559,-33.8931],[150.1589,-33.8879],[150.1644,-33.8863],[150.1653,-33.8884],[150.1686,-33.889],[150.1759,-33.8857],[150.1812,-33.8809],[150.1852,-33.8804],[150.1792,-33.8731],[150.1736,-33.8717],[150.1705,-33.8723],[150.166,-33.8645],[150.1688,-33.8629],[150.1743,-33.8623],[150.1761,-33.8605],[150.1756,-33.8528],[150.1818,-33.8479],[150.1823,-33.8417],[150.1853,-33.8381],[150.1827,-33.8299],[150.1786,-33.8304],[150.1762,-33.8343],[150.1721,-33.8312],[150.1692,-33.8266],[150.1743,-33.8212],[150.1735,-33.8172]]]},"properties":{"SAL_CODE21":"12064","SAL_NAME21":"Kanangra","STE_CODE21":"1","STE_NAME21":"New South Wales","AUS_CODE21":"AUS","AUS_NAME21":"Australia","AREASQKM21":451.4931,"LOCI_URI21":"http://linked.data.gov.au/dataset/asgsed3/SAL/12064","SHAPE_Leng":1.52328352996,"SHAPE_Area":0.0440529204578}},
{"type":"Feature","geometry":{"type":"Polygon","coordinates":[[[151.0974,-34.0056],[151.0982,-33.9979],[151.0944,-33.9978],[151.0956,-34.0037],[151.0919,-34.0067],[151.0962,-34.0073],[151.0974,-34.0056]]]},"properties":{"SAL_CODE21":"12068","SAL_NAME21":"Kangaroo Point (NSW)","STE_CODE21":"1","STE_NAME21":"New South Wales","AUS_CODE21":"AUS","AUS_NAME21":"Australia","AREASQKM21":0.2656,"LOCI_URI21":"http://linked.data.gov.au/dataset/asgsed3/SAL/12068","SHAPE_Leng":0.0307643123571,"SHAPE_Area":0.000025923961674}},
{"type":"Feature","geometry":{"type":"Polygon","coordinates":[[[151.4142,-33.3205],[151.4179,-33.3168],[151.4187,-33.3143],[151.4111,-33.314],[151.4053,-33.3122],[151.3996,-33.3114],[151.4008,-33.3086],[151.3994,-33.31],[151.3929,-33.3114],[151.391,-33.3065],[151.3864,-33.3032],[151.3819,-33.3043],[151.3775,-33.3037],[151.3763,-33.3104],[151.3825,-33.311],[151.3854,-33.3167],[151.3855,-33.3213],[151.3845,-33.3263],[151.3839,-33.3319],[151.39,-33.3335],[151.3926,-33.3371],[151.4007,-33.3322],[151.4043,-33.3298],[151.4142,-33.3205]]]},"properties":{"SAL_CODE21":"12072","SAL_NAME21":"Kangy Angy","STE_CODE21":"1","STE_NAME21":"New South Wales","AUS_CODE21":"AUS","AUS_NAME21":"Australia","AREASQKM21":7.1396,"LOCI_URI21":"http://linked.data.gov.au/dataset/asgsed3/SAL/12072","SHAPE_Leng":0.145252687513,"SHAPE_Area":0.000691313248367}},
{"type":"Feature","geometry":{"type":"Polygon","coordinates":[[[151.4959,-33.2506],[151.4918,-33.2496],[151.4896,-33.2521],[151.4843,-33.2606],[151.4798,-33.2633],[151.4731,-33.2642],[151.472,-33.2701],[151.4773,-33.272],[151.4838,-33.2728],[151.4845,-33.2694],[151.4874,-33.2694],[151.4886,-33.2641],[151.4939,-33.2643],[151.4955,-33.2636],[151.4923,-33.2625],[151.4969,-33.254],[151.4959,-33.2506]]]},"properties":{"SAL_CODE21":"12075","SAL_NAME21":"Kanwal","STE_CODE21":"1","STE_NAME21":"New South Wales","AUS_CODE21":"AUS","AUS_NAME21":"Australia","AREASQKM21":2.4327,"LOCI_URI21":"http://linked.data.gov.au/dataset/asgsed3/SAL/12075","SHAPE_Leng":0.0923219899785,"SHAPE_Area":0.000235404409267}},
{"type":"Feature","geometry":{"type":"Polygon","coordinates":[[[151.089,-34.0238],[151.0902,-34.0209],[151.0861,-34.0187],[151.0866,-34.0159],[151.0904,-34.0119],[151.0825,-34.0092],[151.0777,-34.0126],[151.0762,-34.0178],[151.0753,-34.0193],[151.0745,-34.0213],[151.0841,-34.0229],[151.085,-34.0266],[151.089,-34.0238]]]},"properties":{"SAL_CODE21":"12081","SAL_NAME21":"Kareela","STE_CODE21":"1","STE_NAME21":"New South Wales","AUS_CODE21":"AUS","AUS_NAME21":"Australia","AREASQKM21":1.5997,"LOCI_URI21":"http://linked.data.gov.au/dataset/asgsed3/SAL/12081","SHAPE_Leng":0.0668990959467,"SHAPE_Area":0.000156163648903}},
{"type":"Feature","geometry":{"type":"Polygon","coordinates":[[[151.2838,-33.4882],[151.2824,-33.4875],[151.2831,-33.4829],[151.2815,-33.4779],[151.2857,-33.4758],[151.289,-33.476],[151.288,-33.4707],[151.2861,-33.4665],[151.2864,-33.4638],[151.2812,-33.4618],[151.2862,-33.4555],[151.2909,-33.4529],[151.2964,-33.4569],[151.3053,-33.4575],[151.3067,-33.4568],[151.3083,-33.4531],[151.3052,-33.4482],[151.3065,-33.4444],[151.3085,-33.4428],[151.3025,-33.4352],[151.306,-33.4323],[151.3052,-33.4296],[151.3083,-33.4288],[151.3109,-33.4238],[151.3073,-33.4215],[151.3002,-33.4204],[151.2873,-33.4249],[151.285,-33.4247],[151.2804,-33.4283],[151.2783,-33.4316],[151.2727,-33.4359],[151.269,-33.4365],[151.2661,-33.441],[151.262,-33.4403],[151.2496,-33.4438],[151.2461,-33.4496],[151.25,-33.453],[151.2469,-33.4554],[151.244,-33.4538],[151.2394,-33.4551],[151.236,-33.4587],[151.2357,-33.4662],[151.2429,-33.4676],[151.2458,-33.4705],[151.2399,-33.4714],[151.2387,-33.4728],[151.2419,-33.4717],[151.2485,-33.4745],[151.2511,-33.4768],[151.2553,-33.4784],[151.2594,-33.4782],[151.2664,-33.4762],[151.2723,-33.4841],[151.2784,-33.4874],[151.2825,-33.4907],[151.2838,-33.4882]]]},"properties":{"SAL_CODE21":"12082","SAL_NAME21":"Kariong","STE_CODE21":"1","STE_NAME21":"New South Wales","AUS_CODE21":"AUS","AUS_NAME21":"Australia","AREASQKM21":25.7929,"LOCI_URI21":"http://linked.data.gov.au/dataset/asgsed3/SAL/12082","SHAPE_Leng":0.355787283742,"SHAPE_Area":0.00250131469846}},
{"type":"Feature","geometry":{"type":"Polygon","coordinates":[[[150.3202,-33.7206],[150.3224,-33.7188],[150.3244,-33.7093],[150.3227,-33.7076],[150.3256,-33.6959],[150.3269,-33.6856],[150.3289,-33.6784],[150.3221,-33.6797],[150.3209,-33.6768],[150.3163,-33.6751],[150.3146,-33.6758],[150.3086,-33.6746],[150.3086,-33.6718],[150.3056,-33.6766],[150.3062,-33.6788],[150.3033,-33.6807],[150.3044,-33.6833],[150.3015,-33.6905],[150.2975,-33.6933],[150.2996,-33.6954],[150.3056,-33.6953],[150.3049,-33.6994],[150.3003,-33.702],[150.2995,-33.7053],[150.2952,-33.7059],[150.2914,-33.7031],[150.2915,-33.6985],[150.2903,-33.6956],[150.2916,-33.6923],[150.2856,-33.6914],[150.2863,-33.6878],[150.2791,-33.6868],[150.2768,-33.6988],[150.2681,-33.6976],[150.2667,-33.7044],[150.2631,-33.7039],[150.2608,-33.7157],[150.2733,-33.7173],[150.2746,-33.7105],[150.2846,-33.7118],[150.2878,-33.7132],[150.2867,-33.7189],[150.2824,-33.7183],[150.2803,-33.7256],[150.286,-33.7264],[150.2853,-33.73],[150.2822,-33.7323],[150.2882,-33.7331],[150.2908,-33.7349],[150.3001,-33.7361],[150.3019,-33.7306],[150.3019,-33.7266],[150.3053,-33.7263],[150.3072,-33.7295],[150.3114,-33.7313],[150.3155,-33.7317],[150.3155,-33.7293],[150.3182,-33.7251],[150.317,-33.721],[150.3202,-33.7206]]]},"properties":{"SAL_CODE21":"12085","SAL_NAME21":"Katoomba","STE_CODE21":"1","STE_NAME21":"New South Wales","AUS_CODE21":"AUS","AUS_NAME21":"Australia","AREASQKM21":22.1475,"LOCI_URI21":"http://linked.data.gov.au/dataset/asgsed3/SAL/12085","SHAPE_Leng":0.411813509924,"SHAPE_Area":0.00215388495861}},
{"type":"Feature","geometry":{"type":"Polygon","coordinates":[[[150.8134,-34.0235],[150.805,-34.014],[150.8023,-34.0114],[150.7933,-34.0205],[150.7918,-34.0201],[150.7893,-34.0236],[150.791,-34.0281],[150.8078,-34.0271],[150.8134,-34.0235]]]},"properties":{"SAL_CODE21":"12087","SAL_NAME21":"Kearns","STE_CODE21":"1","STE_NAME21":"New South Wales","AUS_CODE21":"AUS","AUS_NAME21":"Australia","AREASQKM21":2.3589,"LOCI_URI21":"http://linked.data.gov.au/dataset/asgsed3/SAL/12087","SHAPE_Leng":0.0658153732713,"SHAPE_Area":0.000230261317368}},
{"type":"Feature","geometry":{"type":"Polygon","coordinates":[[[150.9303,-33.7042],[150.9317,-33.7086],[150.9379,-33.7204],[150.9401,-33.7255],[150.9512,-33.7224],[150.9536,-33.7279],[150.9572,-33.7223],[150.9609,-33.7218],[150.9637,-33.7197],[150.9682,-33.7179],[150.9671,-33.716],[150.9833,-33.7112],[150.9841,-33.7035],[150.9793,-33.6995],[150.9689,-33.6928],[150.9694,-33.6958],[150.9675,-33.697],[150.9545,-33.7011],[150.9455,-33.7039],[150.9414,-33.7084],[150.9303,-33.7042]]]},"properties":{"SAL_CODE21":"12096","SAL_NAME21":"Kellyville","STE_CODE21":"1","STE_NAME21":"New South Wales","AUS_CODE21":"AUS","AUS_NAME21":"Australia","AREASQKM21":9.5979,"LOCI_URI21":"http://linked.data.gov.au/dataset/asgsed3/SAL/12096","SHAPE_Leng":0.160941015724,"SHAPE_Area":0.0009335079218}},
{"type":"Feature","geometry":{"type":"Polygon","coordinates":[[[150.9287,-33.7001],[150.9276,-33.697],[150.9223,-33.6905],[150.917,-33.6919],[150.9193,-33.6976],[150.9127,-33.6987],[150.9134,-33.7042],[150.9107,-33.7156],[150.9156,-33.717],[150.9176,-33.7161],[150.92,-33.7164],[150.9213,-33.7095],[150.9236,-33.7051],[150.9264,-33.7037],[150.9303,-33.7042],[150.9287,-33.7001]]]},"properties":{"SAL_CODE21":"12097","SAL_NAME21":"Kellyville Ridge","STE_CODE21":"1","STE_NAME21":"New South Wales","AUS_CODE21":"AUS","AUS_NAME21":"Australia","AREASQKM21":2.7068,"LOCI_URI21":"http://linked.data.gov.au/dataset/asgsed3/SAL/12097","SHAPE_Leng":0.0856831462092,"SHAPE_Area":0.000263251303867}},
{"type":"Feature","geometry":{"type":"Polygon","coordinates":[[[150.8127,-33.8906],[150.8151,-33.8794],[150.8082,-33.8806],[150.8024,-33.8756],[150.7968,-33.869],[150.7936,-33.864],[150.8013,-33.8649],[150.8059,-33.8406],[150.8222,-33.8427],[150.8235,-33.8359],[150.819,-33.8352],[150.8208,-33.8267],[150.8117,-33.8254],[150.8129,-33.8223],[150.779,-33.8272],[150.7664,-33.8292],[150.7659,-33.8355],[150.7688,-33.8364],[150.7688,-33.8409],[150.766,-33.8493],[150.7675,-33.8524],[150.7694,-33.8544],[150.7683,-33.858],[150.7711,-33.8616],[150.7696,-33.8667],[150.7732,-33.8678],[150.776,-33.8708],[150.7733,-33.8739],[150.7679,-33.8755],[150.7688,-33.8809],[150.7686,-33.8856],[150.7714,-33.8883],[150.7711,-33.8923],[150.7693,-33.8943],[150.7711,-33.8964],[150.7637,-33.901],[150.7629,-33.9054],[150.7602,-33.9055],[150.7589,-33.9087],[150.7555,-33.9111],[150.756,-33.9128],[150.7557,-33.9132],[150.7655,-33.9111],[150.7778,-33.9127],[150.7798,-33.914],[150.7948,-33.916],[150.7967,-33.905],[150.8001,-33.9025],[150.8015,-33.8994],[150.7996,-33.8935],[150.8016,-33.8928],[150.8018,-33.8891],[150.8127,-33.8906]]]},"properties":{"SAL_CODE21":"12102","SAL_NAME21":"Kemps Creek","STE_CODE21":"1","STE_NAME21":"New South Wales","AUS_CODE21":"AUS","AUS_NAME21":"Australia","AREASQKM21":34.4032,"LOCI_URI21":"http://linked.data.gov.au/dataset/asgsed3/SAL/12102","SHAPE_Leng":0.412124372302,"SHAPE_Area":0.00335204934799}},
{"type":"Feature","geometry":{"type":"Polygon","coordinates":[[[151.2226,-33.9013],[151.2221,-33.9049],[151.2143,-33.9038],[151.2143,-33.904],[151.2129,-33.9123],[151.2113,-33.9198],[151.2143,-33.9243],[151.2153,-33.9245],[151.2171,-33.918],[151.2203,-33.918],[151.221,-33.921],[151.2264,-33.9194],[151.2318,-33.9201],[151.236,-33.919],[151.2365,-33.9165],[151.2255,-33.9148],[151.2268,-33.9045],[151.2226,-33.9013]]]},"properties":{"SAL_CODE21":"12107","SAL_NAME21":"Kensington (NSW)","STE_CODE21":"1","STE_NAME21":"New South Wales","AUS_CODE21":"AUS","AUS_NAME21":"Australia","AREASQKM21":2.6691,"LOCI_URI21":"http://linked.data.gov.au/dataset/asgsed3/SAL/12107","SHAPE_Leng":0.0991053603035,"SHAPE_Area":0.000260199201765}},
{"type":"Feature","geometry":{"type":"Polygon","coordinates":[[[150.9629,-33.6829],[150.9677,-33.688],[150.9674,-33.691],[150.9718,-33.692],[150.9753,-33.6909],[150.9819,-33.6919],[150.9888,-33.6916],[150.9906,-33.6886],[150.9945,-33.6887],[150.9952,-33.6852],[151.0002,-33.6863],[151.0012,-33.6844],[151.0076,-33.6849],[151.0124,-33.6876],[151.0144,-33.685],[151.0132,-33.6801],[151.0147,-33.6718],[151.0096,-33.6705],[151.0105,-33.6656],[151.0085,-33.6652],[151.01,-33.658],[151.0092,-33.6538],[151.0066,-33.6534],[151.0055,-33.6499],[151.0066,-33.6462],[151.0061,-33.6418],[151.0038,-33.6415],[151.004,-33.6378],[151.0014,-33.6354],[150.996,-33.6338],[150.9924,-33.6314],[150.9932,-33.6269],[150.9867,-33.6261],[150.987,-33.6242],[150.9849,-33.6223],[150.9854,-33.6194],[150.9813,-33.6189],[150.9818,-33.616],[150.9776,-33.6155],[150.9782,-33.6116],[150.976,-33.6088],[150.9714,-33.6071],[150.9724,-33.6012],[150.9689,-33.6008],[150.9682,-33.6049],[150.9619,-33.6042],[150.9598,-33.6066],[150.9516,-33.6052],[150.9527,-33.5984],[150.9495,-33.5984],[150.9458,-33.5937],[150.9428,-33.5922],[150.9395,-33.5879],[150.9423,-33.5846],[150.9338,-33.5881],[150.9359,-33.5924],[150.9335,-33.598],[150.9301,-33.5995],[150.9302,-33.6018],[150.9328,-33.605],[150.9372,-33.6063],[150.9347,-33.6123],[150.9303,-33.616],[150.9355,-33.6183],[150.9366,-33.6232],[150.9338,-33.6264],[150.9353,-33.6286],[150.94,-33.6292],[150.939,-33.6385],[150.9426,-33.6404],[150.9428,-33.6424],[150.9488,-33.6459],[150.9505,-33.6489],[150.9529,-33.6491],[150.956,-33.6565],[150.9561,-33.6618],[150.9612,-33.6655],[150.9627,-33.6681],[150.9681,-33.6647],[150.9706,-33.6641],[150.9694,-33.6702],[150.9716,-33.6705],[150.9706,-33.6752],[150.973,-33.6767],[150.9783,-33.6777],[150.9783,-33.6808],[150.9739,-33.6826],[150.9691,-33.6815],[150.9646,-33.679],[150.9629,-33.6829]]]},"properties":{"SAL_CODE21":"12108","SAL_NAME21":"Kenthurst","STE_CODE21":"1","STE_NAME21":"New South Wales","AUS_CODE21":"AUS","AUS_NAME21":"Australia","AREASQKM21":45.4945,"LOCI_URI21":"http://linked.data.gov.au/dataset/asgsed3/SAL/12108","SHAPE_Leng":0.472442061754,"SHAPE_Area":0.00442144362057}},
{"type":"Feature","geometry":{"type":"Polygon","coordinates":[[[150.8443,-34.0827],[150.8481,-34.0817],[150.8487,-34.0849],[150.854,-34.0839],[150.8544,-34.0786],[150.8598,-34.0825],[150.8639,-34.0827],[150.8681,-34.077],[150.8692,-34.0727],[150.8756,-34.0665],[150.8736,-34.0607],[150.8787,-34.0626],[150.8823,-34.0551],[150.8892,-34.0513],[150.8924,-34.0512],[150.8946,-34.0481],[150.8914,-34.0454],[150.8925,-34.0431],[150.887,-34.0426],[150.8859,-34.0394],[150.8821,-34.0389],[150.881,-34.0432],[150.8764,-34.0465],[150.8736,-34.0445],[150.8663,-34.0472],[150.863,-34.0438],[150.8576,-34.046],[150.8556,-34.0456],[150.8552,-34.0457],[150.854,-34.0486],[150.8487,-34.0496],[150.8495,-34.0521],[150.8461,-34.0597],[150.8491,-34.061],[150.8493,-34.0663],[150.851,-34.0702],[150.8497,-34.0765],[150.8455,-34.077],[150.8443,-34.0827]]]},"properties":{"SAL_CODE21":"12109","SAL_NAME21":"Kentlyn","STE_CODE21":"1","STE_NAME21":"New South Wales","AUS_CODE21":"AUS","AUS_NAME21":"Australia","AREASQKM21":11.2946,"LOCI_URI21":"http://linked.data.gov.au/dataset/asgsed3/SAL/12109","SHAPE_Leng":0.212300612544,"SHAPE_Area":0.00110295792989}},
{"type":"Feature","geometry":{"type":"Polygon","coordinates":[[[151.4663,-33.1936],[151.4628,-33.1957],[151.4611,-33.1997],[151.4551,-33.2028],[151.4474,-33.2012],[151.4432,-33.201],[151.4447,-33.1933],[151.4386,-33.1954],[151.4354,-33.1999],[151.4286,-33.2139],[151.4351,-33.2148],[151.4396,-33.2204],[151.446,-33.2203],[151.4474,-33.2179],[151.4489,-33.2154],[151.4608,-33.2029],[151.4656,-33.1965],[151.4663,-33.1936]]]},"properties":{"SAL_CODE21":"12128","SAL_NAME21":"Kiar","STE_CODE21":"1","STE_NAME21":"New South Wales","AUS_CODE21":"AUS","AUS_NAME21":"Australia","AREASQKM21":4.5769,"LOCI_URI21":"http://linked.data.gov.au/dataset/asgsed3/SAL/12128","SHAPE_Leng":0.118622881416,"SHAPE_Area":0.000442620666973}},
{"type":"Feature","geometry":{"type":"Polygon","coordinates":[[[151.1679,-33.7551],[151.1658,-33.7565],[151.1587,-33.758],[151.158,-33.7602],[151.1485,-33.7636],[151.1452,-33.7665],[151.1464,-33.7691],[151.1425,-33.7711],[151.138,-33.7744],[151.1401,-33.7766],[151.1387,-33.779],[151.1395,-33.782],[151.1434,-33.7831],[151.1457,-33.7825],[151.1486,-33.7756],[151.1559,-33.7765],[151.1611,-33.7734],[151.1619,-33.7711],[151.1674,-33.7694],[151.1708,-33.7671],[151.178,-33.7674],[151.1747,-33.7644],[151.1728,-33.7593],[151.1679,-33.7551]]]},"properties":{"SAL_CODE21":"12137","SAL_NAME21":"Killara (NSW)","STE_CODE21":"1","STE_NAME21":"New South Wales","AUS_CODE21":"AUS","AUS_NAME21":"Australia","AREASQKM21":4.6319,"LOCI_URI21":"http://linked.data.gov.au/dataset/asgsed3/SAL/12137","SHAPE_Leng":0.141924655937,"SHAPE_Area":0.000450767207578}},
{"type":"Feature","geometry":{"type":"Polygon","coordinates":[[[151.2335,-33.7659],[151.2313,-33.7656],[151.2291,-33.7613],[151.2277,-33.7643],[151.2229,-33.7636],[151.2219,-33.7689],[151.215,-33.7701],[151.213,-33.7676],[151.2083,-33.7668],[151.2059,-33.7635],[151.2039,-33.7665],[151.2053,-33.769],[151.2044,-33.7725],[151.2083,-33.7755],[151.2121,-33.7765],[151.2152,-33.7807],[151.2187,-33.7827],[151.2253,-33.7837],[151.2294,-33.7826],[151.2299,-33.7786],[151.2323,-33.7779],[151.2383,-33.7787],[151.2378,-33.7759],[151.2335,-33.7659]]]},"properties":{"SAL_CODE21":"12138","SAL_NAME21":"Killarney Heights","STE_CODE21":"1","STE_NAME21":"New South Wales","AUS_CODE21":"AUS","AUS_NAME21":"Australia","AREASQKM21":4.244,"LOCI_URI21":"http://linked.data.gov.au/dataset/asgsed3/SAL/12138","SHAPE_Leng":0.131431554469,"SHAPE_Area":0.000413046479512}},
{"type":"Feature","geometry":{"type":"Polygon","coordinates":[[[151.4734,-33.3688],[151.4741,-33.3658],[151.4689,-33.3653],[151.4627,-33.3628],[151.4552,-33.3589],[151.4489,-33.3547],[151.4493,-33.3578],[151.4473,-33.3589],[151.4518,-33.3633],[151.4526,-33.3698],[151.4576,-33.3735],[151.4561,-33.3755],[151.4608,-33.3781],[151.4698,-33.376],[151.4706,-33.3721],[151.4734,-33.3688]]]},"properties":{"SAL_CODE21":"12139","SAL_NAME21":"Killarney Vale","STE_CODE21":"1","STE_NAME21":"New South Wales","AUS_CODE21":"AUS","AUS_NAME21":"Australia","AREASQKM21":3.018,"LOCI_URI21":"http://linked.data.gov.au/dataset/asgsed3/SAL/12139","SHAPE_Leng":0.0916483335441,"SHAPE_Area":0.00029239928155}},
{"type":"Feature","geometry":{"type":"Polygon","coordinates":[[[151.3593,-33.5332],[151.3683,-33.5295],[151.3694,-33.525],[151.3677,-33.5219],[151.3688,-33.5155],[151.3701,-33.5136],[151.3661,-33.5093],[151.3639,-33.5091],[151.3656,-33.5123],[151.3595,-33.5116],[151.3583,-33.5145],[151.3608,-33.5238],[151.3589,-33.5274],[151.3572,-33.5315],[151.3593,-33.5332]]]},"properties":{"SAL_CODE21":"12141","SAL_NAME21":"Killcare","STE_CODE21":"1","STE_NAME21":"New South Wales","AUS_CODE21":"AUS","AUS_NAME21":"Australia","AREASQKM21":1.6566,"LOCI_URI21":"http://linked.data.gov.au/dataset/asgsed3/SAL/12141","SHAPE_Leng":0.0909902705758,"SHAPE_Area":0.00016079144507}},
{"type":"Feature","geometry":{"type":"Polygon","coordinates":[[[151.3781,-33.5164],[151.3701,-33.5136],[151.3688,-33.5155],[151.3677,-33.5219],[151.3694,-33.525],[151.3683,-33.5295],[151.3716,-33.5288],[151.3787,-33.5314],[151.3793,-33.5274],[151.3821,-33.527],[151.3845,-33.5173],[151.3781,-33.5164]]]},"properties":{"SAL_CODE21":"12142","SAL_NAME21":"Killcare Heights","STE_CODE21":"1","STE_NAME21":"New South Wales","AUS_CODE21":"AUS","AUS_NAME21":"Australia","AREASQKM21":2.1459,"LOCI_URI21":"http://linked.data.gov.au/dataset/asgsed3/SAL/12142","SHAPE_Leng":0.0765331701967,"SHAPE_Area":0.000208259110385}},
{"type":"Feature","geometry":{"type":"Polygon","coordinates":[[[151.4136,-33.4656],[151.4111,-33.4652],[151.4118,-33.4612],[151.4077,-33.4598],[151.3977,-33.4583],[151.3993,-33.454],[151.3932,-33.4569],[151.3893,-33.4608],[151.3786,-33.4637],[151.378,-33.4663],[151.3726,-33.4658],[151.3714,-33.4718],[151.3801,-33.4702],[151.3828,-33.4722],[151.3799,-33.4771],[151.3882,-33.4782],[151.3875,-33.4823],[151.394,-33.4831],[151.3992,-33.4815],[151.4115,-33.4833],[151.4115,-33.491],[151.4183,-33.4892],[151.424,-33.4868],[151.4272,-33.4855],[151.4309,-33.4859],[151.4328,-33.4819],[151.4309,-33.4784],[151.4131,-33.4759],[151.4148,-33.469],[151.4136,-33.4656]]]},"properties":{"SAL_CODE21":"12149","SAL_NAME21":"Kincumber","STE_CODE21":"1","STE_NAME21":"New South Wales","AUS_CODE21":"AUS","AUS_NAME21":"Australia","AREASQKM21":9.9139,"LOCI_URI21":"http://linked.data.gov.au/dataset/asgsed3/SAL/12149","SHAPE_Leng":0.199430762123,"SHAPE_Area":0.000961629719109}},
{"type":"Feature","geometry":{"type":"Polygon","coordinates":[[[151.3872,-33.4867],[151.3875,-33.4823],[151.3882,-33.4782],[151.3799,-33.4771],[151.3774,-33.4845],[151.3733,-33.4877],[151.3763,-33.4897],[151.3821,-33.4904],[151.3853,-33.4907],[151.3872,-33.4867]]]},"properties":{"SAL_CODE21":"12150","SAL_NAME21":"Kincumber South","STE_CODE21":"1","STE_NAME21":"New South Wales","AUS_CODE21":"AUS","AUS_NAME21":"Australia","AREASQKM21":1.2726,"LOCI_URI21":"http://linked.data.gov.au/dataset/asgsed3/SAL/12150","SHAPE_Leng":0.0542582559733,"SHAPE_Area":0.000123450818556}},
{"type":"Feature","geometry":{"type":"Polygon","coordinates":[[[151.5606,-33.1727],[151.5578,-33.1675],[151.5546,-33.1646],[151.5537,-33.1693],[151.558,-33.1782],[151.558,-33.1781],[151.5606,-33.1727]]]},"properties":{"SAL_CODE21":"12154","SAL_NAME21":"Kingfisher Shores","STE_CODE21":"1","STE_NAME21":"New South Wales","AUS_CODE21":"AUS","AUS_NAME21":"Australia","AREASQKM21":0.4213,"LOCI_URI21":"http://linked.data.gov.au/dataset/asgsed3/SAL/12154","SHAPE_Leng":0.0325423751123,"SHAPE_Area":0.0000407247388854}},
{"type":"Feature","geometry":{"type":"Polygon","coordinates":[[[150.9532,-33.7546],[150.9466,-33.7498],[150.9404,-33.7464],[150.9313,-33.7426],[150.9177,-33.7393],[150.9163,-33.7477],[150.9205,-33.7479],[150.9263,-33.7507],[150.9277,-33.753],[150.9397,-33.7565],[150.9428,-33.7586],[150.9466,-33.758],[150.9511,-33.7622],[150.9553,-33.7583],[150.9532,-33.7546]]]},"properties":{"SAL_CODE21":"12157","SAL_NAME21":"Kings Langley","STE_CODE21":"1","STE_NAME21":"New South Wales","AUS_CODE21":"AUS","AUS_NAME21":"Australia","AREASQKM21":3.6669,"LOCI_URI21":"http://linked.data.gov.au/dataset/asgsed3/SAL/12157","SHAPE_Leng":0.0975845182161,"SHAPE_Area":0.000356871618475}},
{"type":"Feature","geometry":{"type":"Polygon","coordinates":[[[150.9061,-33.7365],[150.8939,-33.7352],[150.897,-33.7375],[150.9002,-33.7416],[150.9003,-33.7468],[150.9018,-33.7514],[150.9054,-33.7518],[150.9129,-33.7509],[150.9163,-33.7477],[150.9177,-33.7393],[150.9179,-33.7385],[150.9061,-33.7365]]]},"properties":{"SAL_CODE21":"12158","SAL_NAME21":"Kings Park (NSW)","STE_CODE21":"1","STE_NAME21":"New South Wales","AUS_CODE21":"AUS","AUS_NAME21":"Australia","AREASQKM21":2.6051,"LOCI_URI21":"http://linked.data.gov.au/dataset/asgsed3/SAL/12158","SHAPE_Leng":0.0728715274487,"SHAPE_Area":0.000253458545496}},
{"type":"Feature","geometry":{"type":"Polygon","coordinates":[[[151.2299,-33.9318],[151.2303,-33.9336],[151.238,-33.9347],[151.2379,-33.9328],[151.2393,-33.9258],[151.2345,-33.925],[151.236,-33.919],[151.2318,-33.9201],[151.2264,-33.9194],[151.221,-33.921],[151.2203,-33.918],[151.2171,-33.918],[151.2153,-33.9245],[151.2218,-33.9254],[151.2283,-33.9254],[151.2299,-33.9318]]]},"properties":{"SAL_CODE21":"12164","SAL_NAME21":"Kingsford (NSW)","STE_CODE21":"1","STE_NAME21":"New South Wales","AUS_CODE21":"AUS","AUS_NAME21":"Australia","AREASQKM21":1.9873,"LOCI_URI21":"http://linked.data.gov.au/dataset/asgsed3/SAL/12164","SHAPE_Leng":0.0830728881749,"SHAPE_Area":0.000193744441634}},
{"type":"Feature","geometry":{"type":"Polygon","coordinates":[[[151.0904,-33.9314],[151.0873,-33.9328],[151.085,-33.9358],[151.0895,-33.9382],[151.0875,-33.9411],[151.0914,-33.9513],[151.1021,-33.9498],[151.1105,-33.949],[151.1077,-33.9383],[151.1129,-33.9368],[151.1104,-33.9343],[151.1085,-33.9278],[151.0989,-33.9288],[151.0904,-33.9314]]]},"properties":{"SAL_CODE21":"12166","SAL_NAME21":"Kingsgrove","STE_CODE21":"1","STE_NAME21":"New South Wales","AUS_CODE21":"AUS","AUS_NAME21":"Australia","AREASQKM21":4.491,"LOCI_URI21":"http://linked.data.gov.au/dataset/asgsed3/SAL/12166","SHAPE_Leng":0.110349110352,"SHAPE_Area":0.000437936925346}},
{"type":"Feature","geometry":{"type":"Polygon","coordinates":[[[150.7432,-33.7761],[150.7459,-33.7652],[150.735,-33.7622],[150.7357,-33.7575],[150.7332,-33.7572],[150.7209,-33.7554],[150.7148,-33.7488],[150.7144,-33.7469],[150.7122,-33.7564],[150.7098,-33.7641],[150.7119,-33.7757],[150.7147,-33.7737],[150.7212,-33.7748],[150.7256,-33.7699],[150.7274,-33.7718],[150.733,-33.7726],[150.7335,-33.7704],[150.7412,-33.7715],[150.7403,-33.7757],[150.7432,-33.7761]]]},"properties":{"SAL_CODE21":"12171","SAL_NAME21":"Kingswood (Penrith - NSW)","STE_CODE21":"1","STE_NAME21":"New South Wales","AUS_CODE21":"AUS","AUS_NAME21":"Australia","AREASQKM21":5.4859,"LOCI_URI21":"http://linked.data.gov.au/dataset/asgsed3/SAL/12171","SHAPE_Leng":0.134190343875,"SHAPE_Area":0.000533839998652}},
{"type":"Feature","geometry":{"type":"Polygon","coordinates":[[[150.704,-34.0482],[150.7081,-34.0478],[150.7152,-34.0439],[150.7178,-34.0471],[150.7222,-34.0448],[150.7245,-34.0436],[150.724,-34.0396],[150.7196,-34.0346],[150.7213,-34.0303],[150.711,-34.0197],[150.7102,-34.0253],[150.7057,-34.032],[150.6946,-34.0412],[150.6987,-34.0432],[150.704,-34.0482]]]},"properties":{"SAL_CODE21":"12180","SAL_NAME21":"Kirkham","STE_CODE21":"1","STE_NAME21":"New South Wales","AUS_CODE21":"AUS","AUS_NAME21":"Australia","AREASQKM21":4.22,"LOCI_URI21":"http://linked.data.gov.au/dataset/asgsed3/SAL/12180","SHAPE_Leng":0.101216211197,"SHAPE_Area":0.000411979298567}},
{"type":"Feature","geometry":{"type":"Polygon","coordinates":[[[151.085,-34.0266],[151.0841,-34.0229],[151.0745,-34.0213],[151.0753,-34.0193],[151.0725,-34.021],[151.0668,-34.0216],[151.0688,-34.0226],[151.0658,-34.0367],[151.0594,-34.0403],[151.0653,-34.0423],[151.0726,-34.0474],[151.0788,-34.0428],[151.081,-34.032],[151.0783,-34.0311],[151.085,-34.0266]]]},"properties":{"SAL_CODE21":"12181","SAL_NAME21":"Kirrawee","STE_CODE21":"1","STE_NAME21":"New South Wales","AUS_CODE21":"AUS","AUS_NAME21":"Australia","AREASQKM21":3.5675,"LOCI_URI21":"http://linked.data.gov.au/dataset/asgsed3/SAL/12181","SHAPE_Leng":0.112082816486,"SHAPE_Area":0.000348294071573}},
{"type":"Feature","geometry":{"type":"Polygon","coordinates":[[[151.2157,-33.8444],[151.2117,-33.8437],[151.2139,-33.8497],[151.2189,-33.8526],[151.2201,-33.8494],[151.2157,-33.8444]]]},"properties":{"SAL_CODE21":"12182","SAL_NAME21":"Kirribilli","STE_CODE21":"1","STE_NAME21":"New South Wales","AUS_CODE21":"AUS","AUS_NAME21":"Australia","AREASQKM21":0.4335,"LOCI_URI21":"http://linked.data.gov.au/dataset/asgsed3/SAL/12182","SHAPE_Leng":0.0362622101427,"SHAPE_Area":0.0000422086510587}},
{"type":"Feature","geometry":{"type":"Polygon","coordinates":[[[151.1367,-33.9798],[151.1409,-33.9802],[151.1416,-33.9782],[151.1429,-33.9728],[151.1446,-33.9695],[151.1447,-33.9654],[151.1431,-33.9606],[151.1372,-33.9589],[151.1345,-33.9561],[151.1307,-33.959],[151.1305,-33.9607],[151.1264,-33.9629],[151.1291,-33.9671],[151.1271,-33.9677],[151.1312,-33.9726],[151.1336,-33.9713],[151.1365,-33.975],[151.1367,-33.9798]]]},"properties":{"SAL_CODE21":"12190","SAL_NAME21":"Kogarah","STE_CODE21":"1","STE_NAME21":"New South Wales","AUS_CODE21":"AUS","AUS_NAME21":"Australia","AREASQKM21":2.5954,"LOCI_URI21":"http://linked.data.gov.au/dataset/asgsed3/SAL/12190","SHAPE_Leng":0.0874405375022,"SHAPE_Area":0.000253187818315}},
{"type":"Feature","geometry":{"type":"Polygon","coordinates":[[[151.1243,-33.9773],[151.1181,-33.9816],[151.1198,-33.9827],[151.122,-33.9877],[151.1301,-33.9838],[151.1303,-33.983],[151.1285,-33.9827],[151.1243,-33.9773]]]},"properties":{"SAL_CODE21":"12191","SAL_NAME21":"Kogarah Bay","STE_CODE21":"1","STE_NAME21":"New South Wales","AUS_CODE21":"AUS","AUS_NAME21":"Australia","AREASQKM21":0.6648,"LOCI_URI21":"http://linked.data.gov.au/dataset/asgsed3/SAL/12191","SHAPE_Leng":0.0373410413948,"SHAPE_Area":0.0000648601073189}},
{"type":"Feature","geometry":{"type":"Polygon","coordinates":[[[151.3175,-33.4796],[151.3243,-33.4758],[151.3243,-33.4742],[151.3196,-33.4696],[151.3203,-33.4655],[151.3135,-33.4607],[151.3142,-33.4588],[151.3097,-33.4582],[151.3089,-33.461],[151.3121,-33.4638],[151.3113,-33.4683],[151.3161,-33.4689],[151.3148,-33.4747],[151.3184,-33.4753],[151.3175,-33.4796]]]},"properties":{"SAL_CODE21":"12194","SAL_NAME21":"Koolewong","STE_CODE21":"1","STE_NAME21":"New South Wales","AUS_CODE21":"AUS","AUS_NAME21":"Australia","AREASQKM21":1.3143,"LOCI_URI21":"http://linked.data.gov.au/dataset/asgsed3/SAL/12194","SHAPE_Leng":0.0727920833017,"SHAPE_Area":0.000127476463331}},
{"type":"Feature","geometry":{"type":"Polygon","coordinates":[[[151.273,-33.6591],[151.2725,-33.659],[151.2745,-33.6531],[151.2746,-33.645],[151.277,-33.6382],[151.2773,-33.6382],[151.2749,-33.635],[151.2759,-33.6329],[151.2767,-33.6288],[151.2826,-33.6281],[151.2834,-33.6241],[151.2884,-33.6222],[151.2947,-33.6229],[151.2988,-33.6209],[151.3029,-33.6205],[151.3006,-33.6142],[151.3032,-33.6123],[151.3018,-33.6103],[151.3047,-33.6041],[151.3026,-33.6025],[151.3011,-33.6051],[151.2965,-33.607],[151.2945,-33.6061],[151.2925,-33.6053],[151.2966,-33.6009],[151.301,-33.5946],[151.3032,-33.5942],[151.2992,-33.5911],[151.3013,-33.5892],[151.3073,-33.5862],[151.3096,-33.5835],[151.3107,-33.5789],[151.308,-33.5755],[151.2981,-33.5724],[151.2919,-33.572],[151.2894,-33.5736],[151.2832,-33.5734],[151.2829,-33.5778],[151.2812,-33.58],[151.2763,-33.5829],[151.2723,-33.583],[151.2723,-33.5868],[151.2679,-33.5861],[151.2608,-33.59],[151.2495,-33.5887],[151.251,-33.5937],[151.2584,-33.5933],[151.2598,-33.5982],[151.2555,-33.5968],[151.2518,-33.5982],[151.2543,-33.6037],[151.2464,-33.6018],[151.2462,-33.5958],[151.2435,-33.5944],[151.2423,-33.5999],[151.2391,-33.5997],[151.2368,-33.6026],[151.2317,-33.6036],[151.2284,-33.6014],[151.2273,-33.5986],[151.2235,-33.6024],[151.2183,-33.6015],[151.2237,-33.6088],[151.2185,-33.6091],[151.2155,-33.6128],[151.2074,-33.6155],[151.206,-33.6232],[151.1993,-33.6222],[151.1996,-33.6204],[151.1961,-33.6222],[151.1877,-33.6216],[151.1836,-33.6254],[151.1759,-33.6272],[151.173,-33.6267],[151.1734,-33.6319],[151.1706,-33.6334],[151.1693,-33.6366],[151.1651,-33.6394],[151.1648,-33.6485],[151.1609,-33.6506],[151.1616,-33.6544],[151.1641,-33.6562],[151.1615,-33.6596],[151.1627,-33.6617],[151.1669,-33.6645],[151.1689,-33.6678],[151.1672,-33.6723],[151.1688,-33.6762],[151.1719,-33.6775],[151.1659,-33.6861],[151.1675,-33.6881],[151.1727,-33.6928],[151.1763,-33.6979],[151.1884,-33.6985],[151.1914,-33.7027],[151.1903,-33.709],[151.1953,-33.7097],[151.2012,-33.7083],[151.2069,-33.7034],[151.2101,-33.702],[151.2069,-33.698],[151.2121,-33.6968],[151.2136,-33.6927],[151.2169,-33.6892],[151.205,-33.6879],[151.206,-33.683],[151.2031,-33.6823],[151.2001,-33.6848],[151.196,-33.6849],[151.193,-33.6831],[151.189,-33.682],[151.1876,-33.6846],[151.1804,-33.6835],[151.1772,-33.6848],[151.1756,-33.6813],[151.1764,-33.6771],[151.1737,-33.6756],[151.1739,-33.6727],[151.1905,-33.6629],[151.1933,-33.6646],[151.1976,-33.6621],[151.2007,-33.6658],[151.2019,-33.6697],[151.2044,-33.6701],[151.2053,-33.6731],[151.2128,-33.6744],[151.216,-33.6766],[151.2233,-33.6774],[151.2268,-33.676],[151.23,-33.6776],[151.2327,-33.676],[151.2328,-33.6725],[151.2386,-33.6732],[151.233,-33.6844],[151.2387,-33.6878],[151.2398,-33.6851],[151.2477,-33.6819],[151.2504,-33.6778],[151.2537,-33.6702],[151.259,-33.6729],[151.2638,-33.6732],[151.266,-33.6711],[151.2673,-33.6645],[151.2706,-33.665],[151.2724,-33.6678],[151.2751,-33.6645],[151.2776,-33.6649],[151.279,-33.6599],[151.273,-33.6591]]]},"properties":{"SAL_CODE21":"12213","SAL_NAME21":"Ku-ring-gai Chase","STE_CODE21":"1","STE_NAME21":"New South Wales","AUS_CODE21":"AUS","AUS_NAME21":"Australia","AREASQKM21":93.9011,"LOCI_URI21":"http://linked.data.gov.au/dataset/asgsed3/SAL/12213","SHAPE_Leng":0.96277452169,"SHAPE_Area":0.00912531084123}},
{"type":"Feature","geometry":{"type":"Polygon","coordinates":[[[151.1031,-33.1345],[151.101,-33.1387],[151.0997,-33.1444],[151.1058,-33.1515],[151.101,-33.1626],[151.1018,-33.1679],[151.1006,-33.1711],[151.1011,-33.1774],[151.1042,-33.1812],[151.1,-33.1839],[151.0967,-33.1935],[151.1004,-33.1955],[151.0984,-33.2024],[151.099,-33.2108],[151.0983,-33.2165],[151.0987,-33.2207],[151.1011,-33.2222],[151.1068,-33.2312],[151.1004,-33.2416],[151.0992,-33.2473],[151.1255,-33.2482],[151.1288,-33.2514],[151.1337,-33.252],[151.1301,-33.2675],[151.1316,-33.2717],[151.1362,-33.2723],[151.1369,-33.2688],[151.1412,-33.2693],[151.1426,-33.2622],[151.1578,-33.2639],[151.1566,-33.2703],[151.164,-33.269],[151.1731,-33.2692],[151.1736,-33.266],[151.177,-33.2659],[151.1792,-33.2633],[151.1835,-33.2647],[151.1868,-33.2645],[151.1912,-33.262],[151.1958,-33.2636],[151.202,-33.2701],[151.2125,-33.2717],[151.2219,-33.2708],[151.2236,-33.271],[151.2269,-33.2642],[151.2334,-33.2651],[151.2325,-33.2703],[151.2379,-33.271],[151.2405,-33.2578],[151.2422,-33.2502],[151.2726,-33.2543],[151.277,-33.2551],[151.2762,-33.2593],[151.2991,-33.2623],[151.3006,-33.2549],[151.2868,-33.2531],[151.2876,-33.2479],[151.282,-33.2472],[151.2835,-33.2386],[151.2748,-33.2378],[151.255,-33.2352],[151.2584,-33.2193],[151.2504,-33.2182],[151.247,-33.2161],[151.2398,-33.2152],[151.2362,-33.2094],[151.2346,-33.2171],[151.2242,-33.2156],[151.2254,-33.2098],[151.2152,-33.2083],[151.2158,-33.2047],[151.2083,-33.2036],[151.21,-33.1948],[151.2148,-33.194],[151.2158,-33.1887],[151.2231,-33.1897],[151.2238,-33.1859],[151.2259,-33.1754],[151.2203,-33.1746],[151.2214,-33.1686],[151.2235,-33.1689],[151.2245,-33.1638],[151.2187,-33.163],[151.2169,-33.166],[151.2132,-33.1655],[151.216,-33.1519],[151.212,-33.1514],[151.2126,-33.1485],[151.2093,-33.1474],[151.2117,-33.1428],[151.2141,-33.1412],[151.2155,-33.1345],[151.2073,-33.1333],[151.2026,-33.1388],[151.2,-33.1374],[151.1958,-33.1373],[151.1916,-33.1339],[151.1857,-33.1335],[151.1825,-33.1312],[151.1763,-33.1288],[151.1725,-33.1282],[151.162,-33.1238],[151.1601,-33.1209],[151.1543,-33.1176],[151.152,-33.1142],[151.143,-33.1112],[151.1388,-33.1117],[151.1355,-33.1104],[151.1284,-33.1148],[151.1257,-33.1153],[151.1229,-33.1195],[151.1197,-33.1214],[151.117,-33.1248],[151.1113,-33.1274],[151.1077,-33.1279],[151.1031,-33.1345]]]},"properties":{"SAL_CODE21":"12214","SAL_NAME21":"Kulnura","STE_CODE21":"1","STE_NAME21":"New South Wales","AUS_CODE21":"AUS","AUS_NAME21":"Australia","AREASQKM21":189.3341,"LOCI_URI21":"http://linked.data.gov.au/dataset/asgsed3/SAL/12214","SHAPE_Leng":0.850725070399,"SHAPE_Area":0.0183086499341}},
{"type":"Feature","geometry":{"type":"Polygon","coordinates":[[[150.6849,-33.562],[150.6975,-33.5636],[150.6995,-33.5604],[150.7026,-33.5633],[150.7064,-33.5611],[150.7028,-33.5576],[150.7073,-33.5544],[150.7059,-33.5527],[150.7079,-33.5494],[150.7123,-33.5508],[150.7165,-33.5549],[150.7176,-33.5573],[150.7227,-33.5539],[150.7264,-33.5541],[150.7269,-33.5516],[150.7281,-33.5471],[150.7259,-33.5446],[150.7213,-33.5449],[150.7234,-33.5402],[150.7192,-33.5397],[150.7155,-33.5344],[150.7113,-33.5388],[150.7053,-33.5417],[150.7008,-33.5426],[150.6962,-33.5378],[150.6964,-33.5409],[150.694,-33.5446],[150.6835,-33.5433],[150.6802,-33.5485],[150.6743,-33.5537],[150.6798,-33.5545],[150.6787,-33.5613],[150.6849,-33.562]]]},"properties":{"SAL_CODE21":"12223","SAL_NAME21":"Kurmond","STE_CODE21":"1","STE_NAME21":"New South Wales","AUS_CODE21":"AUS","AUS_NAME21":"Australia","AREASQKM21":8.3269,"LOCI_URI21":"http://linked.data.gov.au/dataset/asgsed3/SAL/12223","SHAPE_Leng":0.200362030106,"SHAPE_Area":0.000808398252639}},
{"type":"Feature","geometry":{"type":"Polygon","coordinates":[[[151.1567,-34.0394],[151.1616,-34.0341],[151.1671,-34.0349],[151.1611,-34.0406],[151.165,-34.0412],[151.1721,-34.0374],[151.1762,-34.0361],[151.1857,-34.0346],[151.1942,-34.0366],[151.1988,-34.0417],[151.2055,-34.0401],[151.2074,-34.0415],[151.2142,-34.0415],[151.2207,-34.0393],[151.2254,-34.0343],[151.2289,-34.0251],[151.2297,-34.0199],[151.2317,-34.0174],[151.2301,-34.0083],[151.2282,-34.0042],[151.2228,-34.0014],[151.2185,-34.003],[151.2163,-34.0059],[151.2117,-34.0078],[151.2062,-34.0083],[151.1889,-34.007],[151.1869,-34.0084],[151.1987,-34.0101],[151.1984,-34.0145],[151.2054,-34.0146],[151.2054,-34.0163],[151.1999,-34.0179],[151.1967,-34.0206],[151.1902,-34.0206],[151.1858,-34.0195],[151.1807,-34.0259],[151.1765,-34.0253],[151.1743,-34.0235],[151.1725,-34.0196],[151.1693,-34.0233],[151.1627,-34.023],[151.1592,-34.0215],[151.1564,-34.017],[151.1577,-34.0149],[151.1641,-34.0131],[151.1686,-34.0131],[151.1703,-34.0158],[151.1754,-34.0151],[151.1749,-34.0122],[151.1722,-34.011],[151.1743,-34.0083],[151.1725,-34.0062],[151.1631,-34.0002],[151.1635,-34.0065],[151.16,-34.011],[151.1567,-34.0134],[151.1418,-34.0145],[151.1453,-34.019],[151.1514,-34.0213],[151.1556,-34.0247],[151.1604,-34.0275],[151.161,-34.0303],[151.1567,-34.0335],[151.1529,-34.0377],[151.1479,-34.0388],[151.1479,-34.0389],[151.1567,-34.0394]]]},"properties":{"SAL_CODE21":"12224","SAL_NAME21":"Kurnell","STE_CODE21":"1","STE_NAME21":"New South Wales","AUS_CODE21":"AUS","AUS_NAME21":"Australia","AREASQKM21":19.3454,"LOCI_URI21":"http://linked.data.gov.au/dataset/asgsed3/SAL/12224","SHAPE_Leng":0.49584969347,"SHAPE_Area":0.00188831896218}},
{"type":"Feature","geometry":{"type":"Polygon","coordinates":[[[151.2229,-33.8376],[151.2204,-33.8419],[151.2252,-33.8454],[151.2248,-33.8393],[151.2229,-33.8376]]]},"properties":{"SAL_CODE21":"12225","SAL_NAME21":"Kurraba Point","STE_CODE21":"1","STE_NAME21":"New South Wales","AUS_CODE21":"AUS","AUS_NAME21":"Australia","AREASQKM21":0.2349,"LOCI_URI21":"http://linked.data.gov.au/dataset/asgsed3/SAL/12225","SHAPE_Leng":0.0259736981344,"SHAPE_Area":0.000022864857427}},
{"type":"Feature","geometry":{"type":"Polygon","coordinates":[[[150.7586,-33.4684],[150.7567,-33.4643],[150.7511,-33.4635],[150.7517,-33.4601],[150.7489,-33.4598],[150.7436,-33.4637],[150.7414,-33.4595],[150.7369,-33.4566],[150.7283,-33.4541],[150.7247,-33.4523],[150.717,-33.4554],[150.717,-33.4579],[150.7128,-33.463],[150.7082,-33.4587],[150.7024,-33.4606],[150.6983,-33.4653],[150.6952,-33.4667],[150.6939,-33.4696],[150.697,-33.4741],[150.6934,-33.476],[150.6911,-33.4792],[150.6926,-33.481],[150.6893,-33.4831],[150.6897,-33.4871],[150.6847,-33.492],[150.6846,-33.4938],[150.6811,-33.4958],[150.6793,-33.4984],[150.6792,-33.5026],[150.6751,-33.5025],[150.6758,-33.5079],[150.6724,-33.5114],[150.6759,-33.5131],[150.6785,-33.516],[150.6778,-33.5183],[150.68,-33.5225],[150.6764,-33.5259],[150.6755,-33.5321],[150.6729,-33.5336],[150.6578,-33.5315],[150.6566,-33.5381],[150.6532,-33.5435],[150.6589,-33.5471],[150.6544,-33.5532],[150.6482,-33.5584],[150.6446,-33.5548],[150.6432,-33.5627],[150.6465,-33.5632],[150.6479,-33.5664],[150.6541,-33.5672],[150.6545,-33.5649],[150.665,-33.5664],[150.6681,-33.5675],[150.6808,-33.5695],[150.6817,-33.572],[150.6849,-33.562],[150.6787,-33.5613],[150.6798,-33.5545],[150.6743,-33.5537],[150.6802,-33.5485],[150.6835,-33.5433],[150.694,-33.5446],[150.6964,-33.5409],[150.6962,-33.5378],[150.6902,-33.5343],[150.6919,-33.5288],[150.6979,-33.5165],[150.7009,-33.5149],[150.7053,-33.5155],[150.7061,-33.5119],[150.7129,-33.5128],[150.7185,-33.5102],[150.7209,-33.5068],[150.7266,-33.5076],[150.7291,-33.5056],[150.7304,-33.5026],[150.727,-33.4995],[150.7295,-33.4973],[150.7368,-33.4998],[150.739,-33.4994],[150.7404,-33.4922],[150.7448,-33.4929],[150.7492,-33.4821],[150.7515,-33.479],[150.7508,-33.4771],[150.7547,-33.4758],[150.753,-33.4731],[150.755,-33.4694],[150.7586,-33.4684]]]},"properties":{"SAL_CODE21":"12226","SAL_NAME21":"Kurrajong","STE_CODE21":"1","STE_NAME21":"New South Wales","AUS_CODE21":"AUS","AUS_NAME21":"Australia","AREASQKM21":46.3815,"LOCI_URI21":"http://linked.data.gov.au/dataset/asgsed3/SAL/12226","SHAPE_Leng":0.567101518942,"SHAPE_Area":0.00450047960719}},
{"type":"Feature","geometry":{"type":"Polygon","coordinates":[[[150.5733,-33.5193],[150.577,-33.5213],[150.5831,-33.5206],[150.5957,-33.5222],[150.5949,-33.5253],[150.6013,-33.5261],[150.6009,-33.5283],[150.607,-33.5292],[150.6078,-33.5257],[150.6131,-33.5249],[150.6204,-33.5259],[150.6163,-33.5474],[150.6199,-33.5493],[150.628,-33.5505],[150.6264,-33.5456],[150.6294,-33.5461],[150.6319,-33.5503],[150.6345,-33.5506],[150.6357,-33.5447],[150.6374,-33.5449],[150.6393,-33.5383],[150.6423,-33.5387],[150.6432,-33.5337],[150.6409,-33.5334],[150.643,-33.5288],[150.6442,-33.5226],[150.6381,-33.5217],[150.6406,-33.5096],[150.6282,-33.5079],[150.6306,-33.5012],[150.6328,-33.4984],[150.633,-33.4878],[150.6245,-33.4892],[150.615,-33.4888],[150.6107,-33.4927],[150.6085,-33.4923],[150.6011,-33.4964],[150.6008,-33.5014],[150.6018,-33.5065],[150.6017,-33.5125],[150.597,-33.5119],[150.5962,-33.5162],[150.5891,-33.5163],[150.5898,-33.5125],[150.5888,-33.5093],[150.577,-33.5078],[150.576,-33.5138],[150.5743,-33.5137],[150.5733,-33.5193]]]},"properties":{"SAL_CODE21":"12227","SAL_NAME21":"Kurrajong Heights","STE_CODE21":"1","STE_NAME21":"New South Wales","AUS_CODE21":"AUS","AUS_NAME21":"Australia","AREASQKM21":20.7966,"LOCI_URI21":"http://linked.data.gov.au/dataset/asgsed3/SAL/12227","SHAPE_Leng":0.31161137482,"SHAPE_Area":0.00201824075404}},
{"type":"Feature","geometry":{"type":"Polygon","coordinates":[[[150.6394,-33.5565],[150.6446,-33.5548],[150.6482,-33.5584],[150.6544,-33.5532],[150.6589,-33.5471],[150.6532,-33.5435],[150.6566,-33.5381],[150.6578,-33.5315],[150.6729,-33.5336],[150.6755,-33.5321],[150.6764,-33.5259],[150.68,-33.5225],[150.6778,-33.5183],[150.6785,-33.516],[150.6759,-33.5131],[150.6724,-33.5114],[150.6758,-33.5079],[150.6751,-33.5025],[150.6754,-33.4988],[150.6437,-33.4943],[150.6406,-33.5096],[150.6381,-33.5217],[150.6442,-33.5226],[150.643,-33.5288],[150.6409,-33.5334],[150.6432,-33.5337],[150.6423,-33.5387],[150.6393,-33.5383],[150.6374,-33.5449],[150.6357,-33.5447],[150.6345,-33.5506],[150.6319,-33.5503],[150.6394,-33.5565]]]},"properties":{"SAL_CODE21":"12228","SAL_NAME21":"Kurrajong Hills","STE_CODE21":"1","STE_NAME21":"New South Wales","AUS_CODE21":"AUS","AUS_NAME21":"Australia","AREASQKM21":17.4767,"LOCI_URI21":"http://linked.data.gov.au/dataset/asgsed3/SAL/12228","SHAPE_Leng":0.247312153395,"SHAPE_Area":0.00169616183203}},
{"type":"Feature","geometry":{"type":"Polygon","coordinates":[[[151.1571,-33.9468],[151.1528,-33.9505],[151.1637,-33.9521],[151.168,-33.9498],[151.1653,-33.9474],[151.1607,-33.9454],[151.1571,-33.9468]]]},"properties":{"SAL_CODE21":"12234","SAL_NAME21":"Kyeemagh","STE_CODE21":"1","STE_NAME21":"New South Wales","AUS_CODE21":"AUS","AUS_NAME21":"Australia","AREASQKM21":0.5966,"LOCI_URI21":"http://linked.data.gov.au/dataset/asgsed3/SAL/12234","SHAPE_Leng":0.036461615441,"SHAPE_Area":0.0000581928538238}},
{"type":"Feature","geometry":{"type":"Polygon","coordinates":[[[151.102,-33.9852],[151.0964,-33.9879],[151.0965,-33.9909],[151.0991,-33.9935],[151.104,-33.9898],[151.102,-33.9852]]]},"properties":{"SAL_CODE21":"12235","SAL_NAME21":"Kyle Bay","STE_CODE21":"1","STE_NAME21":"New South Wales","AUS_CODE21":"AUS","AUS_NAME21":"Australia","AREASQKM21":0.369,"LOCI_URI21":"http://linked.data.gov.au/dataset/asgsed3/SAL/12235","SHAPE_Leng":0.0352247719491,"SHAPE_Area":0.0000360015566843}},
{"type":"Feature","geometry":{"type":"Polygon","coordinates":[[[151.2524,-33.9924],[151.2463,-33.9906],[151.2427,-33.9881],[151.2395,-33.9887],[151.2356,-33.9867],[151.2355,-33.9843],[151.2311,-33.9813],[151.2279,-33.9821],[151.2301,-33.9834],[151.2313,-33.9872],[151.2286,-33.9889],[151.232,-33.9908],[151.234,-33.9893],[151.2375,-33.9906],[151.2375,-33.9974],[151.2416,-33.9987],[151.2461,-33.9977],[151.2494,-33.9987],[151.2524,-33.9924]]]},"properties":{"SAL_CODE21":"12238","SAL_NAME21":"La Perouse","STE_CODE21":"1","STE_NAME21":"New South Wales","AUS_CODE21":"AUS","AUS_NAME21":"Australia","AREASQKM21":1.7547,"LOCI_URI21":"http://linked.data.gov.au/dataset/asgsed3/SAL/12238","SHAPE_Leng":0.10738354049,"SHAPE_Area":0.00017120613569}},
{"type":"Feature","geometry":{"type":"Polygon","coordinates":[[[151.4949,-33.2443],[151.4918,-33.2496],[151.4959,-33.2506],[151.5063,-33.2493],[151.5074,-33.2439],[151.5155,-33.2451],[151.5161,-33.2425],[151.5125,-33.2393],[151.5116,-33.2404],[151.4993,-33.2386],[151.4949,-33.2443]]]},"properties":{"SAL_CODE21":"12255","SAL_NAME21":"Lake Haven","STE_CODE21":"1","STE_NAME21":"New South Wales","AUS_CODE21":"AUS","AUS_NAME21":"Australia","AREASQKM21":1.7174,"LOCI_URI21":"http://linked.data.gov.au/dataset/asgsed3/SAL/12255","SHAPE_Leng":0.066234110073,"SHAPE_Area":0.000166151660885}},
{"type":"Feature","geometry":{"type":"Polygon","coordinates":[[[151.5912,-33.2076],[151.5886,-33.2046],[151.5884,-33.2015],[151.5864,-33.1988],[151.59,-33.1969],[151.5834,-33.1872],[151.5841,-33.1865],[151.5817,-33.179],[151.57,-33.18],[151.558,-33.1781],[151.558,-33.1782],[151.5577,-33.1889],[151.5561,-33.1917],[151.5579,-33.1971],[151.5625,-33.195],[151.5706,-33.1951],[151.5779,-33.1972],[151.5787,-33.2025],[151.5829,-33.2043],[151.5858,-33.2081],[151.5912,-33.2076]]]},"properties":{"SAL_CODE21":"12262","SAL_NAME21":"Lake Munmorah","STE_CODE21":"1","STE_NAME21":"New South Wales","AUS_CODE21":"AUS","AUS_NAME21":"Australia","AREASQKM21":5.7076,"LOCI_URI21":"http://linked.data.gov.au/dataset/asgsed3/SAL/12262","SHAPE_Leng":0.132971642112,"SHAPE_Area":0.000551874489483}},
{"type":"Feature","geometry":{"type":"Polygon","coordinates":[[[151.0765,-33.9078],[151.0729,-33.9115],[151.0684,-33.913],[151.0641,-33.9167],[151.0651,-33.9175],[151.0675,-33.9157],[151.0705,-33.9211],[151.0718,-33.9215],[151.0759,-33.9287],[151.0869,-33.9254],[151.0765,-33.9078]]]},"properties":{"SAL_CODE21":"12266","SAL_NAME21":"Lakemba","STE_CODE21":"1","STE_NAME21":"New South Wales","AUS_CODE21":"AUS","AUS_NAME21":"Australia","AREASQKM21":2.1866,"LOCI_URI21":"http://linked.data.gov.au/dataset/asgsed3/SAL/12266","SHAPE_Leng":0.0725913942402,"SHAPE_Area":0.000213213545968}},
{"type":"Feature","geometry":{"type":"Polygon","coordinates":[[[150.5005,-34.2579],[150.5076,-34.2591],[150.5109,-34.2596],[150.515,-34.2458],[150.5233,-34.2367],[150.5247,-34.2262],[150.5224,-34.2263],[150.5159,-34.2207],[150.5096,-34.2177],[150.5057,-34.2146],[150.5039,-34.2096],[150.5092,-34.2072],[150.5152,-34.2089],[150.5217,-34.2078],[150.5238,-34.2089],[150.5301,-34.2079],[150.5346,-34.2015],[150.5348,-34.1992],[150.5425,-34.1934],[150.5438,-34.1901],[150.5468,-34.1887],[150.5471,-34.1855],[150.5432,-34.1829],[150.5448,-34.1766],[150.5459,-34.17],[150.5399,-34.1691],[150.5411,-34.1615],[150.5375,-34.1627],[150.5339,-34.1606],[150.5346,-34.1578],[150.532,-34.1539],[150.5329,-34.1497],[150.5282,-34.1487],[150.523,-34.1458],[150.5148,-34.1469],[150.5105,-34.1489],[150.5067,-34.147],[150.5052,-34.1442],[150.5008,-34.1437],[150.5023,-34.1364],[150.497,-34.1356],[150.4983,-34.1289],[150.4959,-34.1294],[150.4891,-34.1345],[150.4833,-34.1371],[150.4787,-34.1378],[150.4765,-34.1406],[150.4699,-34.141],[150.4602,-34.1371],[150.4559,-34.1363],[150.4518,-34.1337],[150.4476,-34.1398],[150.4462,-34.1461],[150.4501,-34.1504],[150.4466,-34.1521],[150.445,-34.1561],[150.4468,-34.1588],[150.4462,-34.1637],[150.4498,-34.1677],[150.4504,-34.1737],[150.4561,-34.1776],[150.4557,-34.1822],[150.46,-34.1873],[150.4648,-34.1879],[150.4661,-34.1957],[150.4688,-34.2014],[150.4716,-34.2044],[150.4706,-34.2138],[150.4723,-34.2169],[150.4705,-34.2189],[150.4738,-34.2206],[150.4722,-34.2229],[150.4712,-34.2282],[150.4756,-34.2291],[150.4756,-34.2315],[150.4814,-34.2364],[150.4827,-34.2384],[150.4882,-34.2406],[150.4886,-34.2427],[150.4944,-34.2427],[150.4966,-34.2416],[150.501,-34.2439],[150.504,-34.2434],[150.5025,-34.2521],[150.503,-34.254],[150.5005,-34.2579]]]},"properties":{"SAL_CODE21":"12267","SAL_NAME21":"Lakesland","STE_CODE21":"1","STE_NAME21":"New South Wales","AUS_CODE21":"AUS","AUS_NAME21":"Australia","AREASQKM21":73.3447,"LOCI_URI21":"http://linked.data.gov.au/dataset/asgsed3/SAL/12267","SHAPE_Leng":0.511071373599,"SHAPE_Area":0.00717265397628}},
{"type":"Feature","geometry":{"type":"Polygon","coordinates":[[[150.9196,-33.767],[150.9239,-33.7669],[150.9338,-33.7683],[150.9352,-33.7658],[150.9428,-33.7666],[150.9428,-33.7586],[150.9397,-33.7565],[150.9277,-33.753],[150.9269,-33.7555],[150.922,-33.7546],[150.9201,-33.7576],[150.9206,-33.7616],[150.9196,-33.767]]]},"properties":{"SAL_CODE21":"12270","SAL_NAME21":"Lalor Park","STE_CODE21":"1","STE_NAME21":"New South Wales","AUS_CODE21":"AUS","AUS_NAME21":"Australia","AREASQKM21":2.7014,"LOCI_URI21":"http://linked.data.gov.au/dataset/asgsed3/SAL/12270","SHAPE_Leng":0.0782709607989,"SHAPE_Area":0.000262882446894}},
{"type":"Feature","geometry":{"type":"Polygon","coordinates":[[[151.1755,-33.8124],[151.1704,-33.8123],[151.1637,-33.8107],[151.1522,-33.8152],[151.1497,-33.8222],[151.1502,-33.8244],[151.1511,-33.8243],[151.1521,-33.8218],[151.1561,-33.8196],[151.1631,-33.8185],[151.1682,-33.8212],[151.1747,-33.8254],[151.1799,-33.8253],[151.1804,-33.819],[151.1789,-33.8166],[151.1755,-33.8124]]]},"properties":{"SAL_CODE21":"12275","SAL_NAME21":"Lane Cove","STE_CODE21":"1","STE_NAME21":"New South Wales","AUS_CODE21":"AUS","AUS_NAME21":"Australia","AREASQKM21":2.5797,"LOCI_URI21":"http://linked.data.gov.au/dataset/asgsed3/SAL/12275","SHAPE_Leng":0.0873637606506,"SHAPE_Area":0.000251300163437}},
{"type":"Feature","geometry":{"type":"Polygon","coordinates":[[[151.1793,-33.8054],[151.1714,-33.807],[151.1676,-33.8041],[151.1607,-33.8024],[151.159,-33.7989],[151.1543,-33.8005],[151.1526,-33.799],[151.1452,-33.7998],[151.1436,-33.8029],[151.1442,-33.803],[151.154,-33.8068],[151.1569,-33.8096],[151.1637,-33.8107],[151.1704,-33.8123],[151.1755,-33.8124],[151.1795,-33.8073],[151.1793,-33.8054]]]},"properties":{"SAL_CODE21":"12276","SAL_NAME21":"Lane Cove North","STE_CODE21":"1","STE_NAME21":"New South Wales","AUS_CODE21":"AUS","AUS_NAME21":"Australia","AREASQKM21":2.3628,"LOCI_URI21":"http://linked.data.gov.au/dataset/asgsed3/SAL/12276","SHAPE_Leng":0.0933494687859,"SHAPE_Area":0.000230060202195}},
{"type":"Feature","geometry":{"type":"Polygon","coordinates":[[[151.1637,-33.8107],[151.1569,-33.8096],[151.154,-33.8068],[151.1442,-33.803],[151.1447,-33.8063],[151.1423,-33.8082],[151.1448,-33.817],[151.1488,-33.8193],[151.1495,-33.825],[151.1502,-33.8244],[151.1497,-33.8222],[151.1522,-33.8152],[151.1637,-33.8107]]]},"properties":{"SAL_CODE21":"12277","SAL_NAME21":"Lane Cove West","STE_CODE21":"1","STE_NAME21":"New South Wales","AUS_CODE21":"AUS","AUS_NAME21":"Australia","AREASQKM21":1.6868,"LOCI_URI21":"http://linked.data.gov.au/dataset/asgsed3/SAL/12277","SHAPE_Leng":0.0752196183121,"SHAPE_Area":0.000164264898865}},
{"type":"Feature","geometry":{"type":"Polygon","coordinates":[[[150.9778,-33.8915],[150.9696,-33.8889],[150.9672,-33.8901],[150.9673,-33.8903],[150.9687,-33.8967],[150.9725,-33.8981],[150.9731,-33.9006],[150.9764,-33.9036],[150.986,-33.8998],[150.9803,-33.896],[150.9778,-33.8915]]]},"properties":{"SAL_CODE21":"12281","SAL_NAME21":"Lansdowne (Canterbury-Bankstown - NSW)","STE_CODE21":"1","STE_NAME21":"New South Wales","AUS_CODE21":"AUS","AUS_NAME21":"Australia","AREASQKM21":1.4103,"LOCI_URI21":"http://linked.data.gov.au/dataset/asgsed3/SAL/12281","SHAPE_Leng":0.0523182792883,"SHAPE_Area":0.000137466481101}},
{"type":"Feature","geometry":{"type":"Polygon","coordinates":[[[150.9432,-33.905],[150.9492,-33.9024],[150.9498,-33.9054],[150.9594,-33.8989],[150.964,-33.899],[150.9665,-33.9005],[150.9601,-33.9046],[150.9681,-33.9108],[150.9735,-33.9099],[150.9774,-33.9092],[150.9795,-33.9063],[150.9764,-33.9036],[150.9731,-33.9006],[150.9725,-33.8981],[150.9687,-33.8967],[150.9673,-33.8903],[150.9598,-33.8938],[150.9517,-33.8981],[150.9468,-33.8994],[150.9432,-33.905]]]},"properties":{"SAL_CODE21":"12284","SAL_NAME21":"Lansvale","STE_CODE21":"1","STE_NAME21":"New South Wales","AUS_CODE21":"AUS","AUS_NAME21":"Australia","AREASQKM21":2.8932,"LOCI_URI21":"http://linked.data.gov.au/dataset/asgsed3/SAL/12284","SHAPE_Leng":0.120640196433,"SHAPE_Area":0.000282000507067}},
{"type":"Feature","geometry":{"type":"Polygon","coordinates":[[[150.6396,-33.7791],[150.6424,-33.7761],[150.6426,-33.7688],[150.6394,-33.7691],[150.635,-33.7671],[150.6304,-33.7708],[150.6282,-33.7826],[150.6315,-33.7794],[150.6396,-33.7791]]]},"properties":{"SAL_CODE21":"12285","SAL_NAME21":"Lapstone","STE_CODE21":"1","STE_NAME21":"New South Wales","AUS_CODE21":"AUS","AUS_NAME21":"Australia","AREASQKM21":1.3991,"LOCI_URI21":"http://linked.data.gov.au/dataset/asgsed3/SAL/12285","SHAPE_Leng":0.0533695222553,"SHAPE_Area":0.000136184724738}},
{"type":"Feature","geometry":{"type":"Polygon","coordinates":[[[151.052,-33.4626],[151.0478,-33.462],[151.0486,-33.4583],[151.0552,-33.4592],[151.0548,-33.461],[151.0703,-33.464],[151.0719,-33.463],[151.0685,-33.4601],[151.064,-33.4545],[151.0635,-33.4507],[151.0643,-33.4462],[151.0622,-33.442],[151.0526,-33.4411],[151.0485,-33.4377],[151.0459,-33.4311],[151.043,-33.4293],[151.0357,-33.4292],[151.0323,-33.4273],[151.0309,-33.4218],[151.0334,-33.4126],[151.0328,-33.4063],[151.0296,-33.4036],[151.0232,-33.401],[151.0177,-33.4001],[151.0099,-33.4006],[151.008,-33.4066],[151.0031,-33.4069],[150.997,-33.4059],[150.9962,-33.4096],[150.9983,-33.4099],[150.9983,-33.4176],[150.999,-33.423],[150.9981,-33.4272],[151.007,-33.4285],[151.0046,-33.4318],[151.0039,-33.4354],[151.0152,-33.4371],[151.0149,-33.4446],[151.0109,-33.4441],[151.0104,-33.4511],[151.015,-33.4518],[151.0145,-33.4543],[151.02,-33.4551],[151.0177,-33.4606],[151.0167,-33.4663],[151.0245,-33.4687],[151.0253,-33.4673],[151.0333,-33.4657],[151.0375,-33.4679],[151.0377,-33.4697],[151.0457,-33.4739],[151.0505,-33.4718],[151.052,-33.4626]]]},"properties":{"SAL_CODE21":"12290","SAL_NAME21":"Laughtondale","STE_CODE21":"1","STE_NAME21":"New South Wales","AUS_CODE21":"AUS","AUS_NAME21":"Australia","AREASQKM21":27.059,"LOCI_URI21":"http://linked.data.gov.au/dataset/asgsed3/SAL/12290","SHAPE_Leng":0.317487125324,"SHAPE_Area":0.00262362377055}},
{"type":"Feature","geometry":{"type":"Polygon","coordinates":[[[151.2106,-33.8437],[151.2092,-33.842],[151.2057,-33.8427],[151.2063,-33.8463],[151.2094,-33.8462],[151.2106,-33.8437]]]},"properties":{"SAL_CODE21":"12294","SAL_NAME21":"Lavender Bay","STE_CODE21":"1","STE_NAME21":"New South Wales","AUS_CODE21":"AUS","AUS_NAME21":"Australia","AREASQKM21":0.1642,"LOCI_URI21":"http://linked.data.gov.au/dataset/asgsed3/SAL/12294","SHAPE_Leng":0.0273835367799,"SHAPE_Area":0.0000159996048728}},
{"type":"Feature","geometry":{"type":"Polygon","coordinates":[[[150.4228,-33.7093],[150.422,-33.7132],[150.4173,-33.7135],[150.4164,-33.718],[150.4197,-33.7184],[150.4187,-33.7228],[150.4222,-33.725],[150.4216,-33.7281],[150.4251,-33.73],[150.4241,-33.7349],[150.4426,-33.7371],[150.4448,-33.7261],[150.4412,-33.7217],[150.441,-33.7194],[150.4458,-33.7177],[150.4489,-33.7023],[150.4517,-33.7027],[150.4522,-33.6999],[150.4481,-33.6993],[150.4466,-33.7035],[150.4446,-33.7045],[150.4375,-33.7035],[150.4359,-33.7097],[150.4231,-33.7079],[150.4228,-33.7093]]]},"properties":{"SAL_CODE21":"12298","SAL_NAME21":"Lawson (NSW)","STE_CODE21":"1","STE_NAME21":"New South Wales","AUS_CODE21":"AUS","AUS_NAME21":"Australia","AREASQKM21":7.2887,"LOCI_URI21":"http://linked.data.gov.au/dataset/asgsed3/SAL/12298","SHAPE_Leng":0.157225985797,"SHAPE_Area":0.000708962076155}},
{"type":"Feature","geometry":{"type":"Polygon","coordinates":[[[150.9264,-33.4069],[150.934,-33.4152],[150.9316,-33.426],[150.937,-33.4268],[150.9395,-33.4299],[150.9369,-33.4316],[150.9408,-33.4335],[150.9393,-33.4382],[150.9429,-33.4399],[150.9545,-33.4434],[150.9586,-33.444],[150.9591,-33.4415],[150.9638,-33.4407],[150.9691,-33.4414],[150.971,-33.4404],[150.9718,-33.4358],[150.9701,-33.4299],[150.9671,-33.4294],[150.9669,-33.425],[150.9634,-33.4266],[150.9615,-33.4253],[150.9534,-33.4243],[150.9511,-33.4168],[150.9528,-33.4134],[150.9528,-33.4122],[150.9435,-33.4047],[150.9374,-33.4076],[150.9327,-33.405],[150.9287,-33.4051],[150.9264,-33.4069]]]},"properties":{"SAL_CODE21":"12303","SAL_NAME21":"Leets Vale","STE_CODE21":"1","STE_NAME21":"New South Wales","AUS_CODE21":"AUS","AUS_NAME21":"Australia","AREASQKM21":9.2707,"LOCI_URI21":"http://linked.data.gov.au/dataset/asgsed3/SAL/12303","SHAPE_Leng":0.163558388794,"SHAPE_Area":0.00089875775328}},
{"type":"Feature","geometry":{"type":"Polygon","coordinates":[[[151.1674,-33.8802],[151.1599,-33.8776],[151.161,-33.8756],[151.1524,-33.8755],[151.1502,-33.8728],[151.1449,-33.8822],[151.145,-33.8897],[151.1491,-33.8899],[151.1594,-33.8878],[151.1614,-33.888],[151.1621,-33.8881],[151.1642,-33.8863],[151.1674,-33.8802]]]},"properties":{"SAL_CODE21":"12306","SAL_NAME21":"Leichhardt (NSW)","STE_CODE21":"1","STE_NAME21":"New South Wales","AUS_CODE21":"AUS","AUS_NAME21":"Australia","AREASQKM21":2.5952,"LOCI_URI21":"http://linked.data.gov.au/dataset/asgsed3/SAL/12306","SHAPE_Leng":0.0753493684481,"SHAPE_Area":0.000252891832644}},
{"type":"Feature","geometry":{"type":"Polygon","coordinates":[[[151.388,-33.1493],[151.3874,-33.1433],[151.3831,-33.1398],[151.3837,-33.1292],[151.3811,-33.1268],[151.3813,-33.1229],[151.3802,-33.1192],[151.3823,-33.1158],[151.3804,-33.1131],[151.3824,-33.1092],[151.3775,-33.11],[151.3738,-33.1124],[151.3701,-33.1184],[151.3685,-33.1196],[151.3625,-33.1201],[151.3605,-33.1287],[151.359,-33.1284],[151.3577,-33.1345],[151.3602,-33.1386],[151.3586,-33.1406],[151.3559,-33.1548],[151.3617,-33.1556],[151.3611,-33.1518],[151.3634,-33.1491],[151.3678,-33.149],[151.3719,-33.1506],[151.3728,-33.1466],[151.388,-33.1493]]]},"properties":{"SAL_CODE21":"12308","SAL_NAME21":"Lemon Tree","STE_CODE21":"1","STE_NAME21":"New South Wales","AUS_CODE21":"AUS","AUS_NAME21":"Australia","AREASQKM21":8.5038,"LOCI_URI21":"http://linked.data.gov.au/dataset/asgsed3/SAL/12308","SHAPE_Leng":0.161202759429,"SHAPE_Area":0.000821703236545}},
{"type":"Feature","geometry":{"type":"Polygon","coordinates":[[[150.8466,-33.9059],[150.8491,-33.9132],[150.8526,-33.9189],[150.8547,-33.9217],[150.8576,-33.9213],[150.8548,-33.9092],[150.8552,-33.9053],[150.8483,-33.9065],[150.8466,-33.9059]]]},"properties":{"SAL_CODE21":"12310","SAL_NAME21":"Len Waters Estate","STE_CODE21":"1","STE_NAME21":"New South Wales","AUS_CODE21":"AUS","AUS_NAME21":"Australia","AREASQKM21":1.0897,"LOCI_URI21":"http://linked.data.gov.au/dataset/asgsed3/SAL/12310","SHAPE_Leng":0.0546299650828,"SHAPE_Area":0.000106230077265}},
{"type":"Feature","geometry":{"type":"Polygon","coordinates":[[[150.6426,-33.7805],[150.6549,-33.7686],[150.6599,-33.7647],[150.6527,-33.758],[150.6465,-33.7562],[150.6418,-33.7585],[150.6426,-33.7688],[150.6424,-33.7761],[150.6396,-33.7791],[150.6426,-33.7805]]]},"properties":{"SAL_CODE21":"12313","SAL_NAME21":"Leonay","STE_CODE21":"1","STE_NAME21":"New South Wales","AUS_CODE21":"AUS","AUS_NAME21":"Australia","AREASQKM21":2.47,"LOCI_URI21":"http://linked.data.gov.au/dataset/asgsed3/SAL/12313","SHAPE_Leng":0.0740462405484,"SHAPE_Area":0.000240394102423}},
{"type":"Feature","geometry":{"type":"Polygon","coordinates":[[[150.7917,-33.9483],[150.7916,-33.9512],[150.7862,-33.9572],[150.7841,-33.9557],[150.7782,-33.9619],[150.7767,-33.9609],[150.7594,-33.9585],[150.7607,-33.9642],[150.7648,-33.9715],[150.7676,-33.9803],[150.7715,-33.9855],[150.775,-33.9887],[150.7767,-33.9865],[150.7889,-33.9915],[150.7877,-33.9936],[150.7959,-34.0038],[150.7988,-33.9996],[150.8,-33.9945],[150.8023,-33.9941],[150.8055,-33.9892],[150.8046,-33.988],[150.8085,-33.9809],[150.8123,-33.9779],[150.8095,-33.9759],[150.8152,-33.9679],[150.8204,-33.9752],[150.8224,-33.9741],[150.8229,-33.9704],[150.8265,-33.9628],[150.8258,-33.9601],[150.8256,-33.9585],[150.8372,-33.9514],[150.8386,-33.9501],[150.8323,-33.9499],[150.8269,-33.9522],[150.823,-33.952],[150.8131,-33.9512],[150.7917,-33.9483]]]},"properties":{"SAL_CODE21":"12314","SAL_NAME21":"Leppington","STE_CODE21":"1","STE_NAME21":"New South Wales","AUS_CODE21":"AUS","AUS_NAME21":"Australia","AREASQKM21":20.3806,"LOCI_URI21":"http://linked.data.gov.au/dataset/asgsed3/SAL/12314","SHAPE_Leng":0.260232021509,"SHAPE_Area":0.00198816210517}},
{"type":"Feature","geometry":{"type":"Polygon","coordinates":[[[150.8111,-33.7324],[150.8021,-33.7326],[150.8001,-33.7289],[150.7973,-33.7326],[150.79,-33.7373],[150.7924,-33.74],[150.7968,-33.7403],[150.8009,-33.7472],[150.8041,-33.7404],[150.8096,-33.7351],[150.8113,-33.7333],[150.8111,-33.7324]]]},"properties":{"SAL_CODE21":"12316","SAL_NAME21":"Lethbridge Park","STE_CODE21":"1","STE_NAME21":"New South Wales","AUS_CODE21":"AUS","AUS_NAME21":"Australia","AREASQKM21":1.6238,"LOCI_URI21":"http://linked.data.gov.au/dataset/asgsed3/SAL/12316","SHAPE_Leng":0.0684859065848,"SHAPE_Area":0.000157959647164}},
{"type":"Feature","geometry":{"type":"Polygon","coordinates":[[[150.8375,-34.0654],[150.841,-34.0598],[150.8461,-34.0597],[150.8495,-34.0521],[150.8487,-34.0496],[150.854,-34.0486],[150.8552,-34.0457],[150.8424,-34.042],[150.8389,-34.0483],[150.8368,-34.0499],[150.8333,-34.0465],[150.8295,-34.0455],[150.8286,-34.0475],[150.8242,-34.0523],[150.8249,-34.0604],[150.8328,-34.0627],[150.8375,-34.0654]]]},"properties":{"SAL_CODE21":"12317","SAL_NAME21":"Leumeah","STE_CODE21":"1","STE_NAME21":"New South Wales","AUS_CODE21":"AUS","AUS_NAME21":"Australia","AREASQKM21":4.0547,"LOCI_URI21":"http://linked.data.gov.au/dataset/asgsed3/SAL/12317","SHAPE_Leng":0.104893925913,"SHAPE_Area":0.000395922036742}},
{"type":"Feature","geometry":{"type":"Polygon","coordinates":[[[150.3521,-33.7138],[150.3544,-33.71],[150.3511,-33.7092],[150.3546,-33.7],[150.3453,-33.6974],[150.3465,-33.6926],[150.3461,-33.6884],[150.3499,-33.6853],[150.3472,-33.6829],[150.3384,-33.6817],[150.3373,-33.6871],[150.3269,-33.6856],[150.3256,-33.6959],[150.3227,-33.7076],[150.3244,-33.7093],[150.3224,-33.7188],[150.3202,-33.7206],[150.3252,-33.7211],[150.3258,-33.7254],[150.3316,-33.7265],[150.3322,-33.7194],[150.3366,-33.72],[150.337,-33.7258],[150.34,-33.7262],[150.339,-33.7317],[150.3372,-33.7348],[150.3404,-33.7361],[150.343,-33.7296],[150.3451,-33.7299],[150.3491,-33.7266],[150.3476,-33.7227],[150.3572,-33.7239],[150.3519,-33.7195],[150.3486,-33.7198],[150.3502,-33.7135],[150.3521,-33.7138]]]},"properties":{"SAL_CODE21":"12318","SAL_NAME21":"Leura","STE_CODE21":"1","STE_NAME21":"New South Wales","AUS_CODE21":"AUS","AUS_NAME21":"Australia","AREASQKM21":11.115,"LOCI_URI21":"http://linked.data.gov.au/dataset/asgsed3/SAL/12318","SHAPE_Leng":0.245222216783,"SHAPE_Area":0.00108100920761}},
{"type":"Feature","geometry":{"type":"Polygon","coordinates":[[[151.1491,-33.9003],[151.151,-33.896],[151.1491,-33.8899],[151.145,-33.8897],[151.1425,-33.8953],[151.1464,-33.9],[151.1491,-33.9003]]]},"properties":{"SAL_CODE21":"12322","SAL_NAME21":"Lewisham (NSW)","STE_CODE21":"1","STE_NAME21":"New South Wales","AUS_CODE21":"AUS","AUS_NAME21":"Australia","AREASQKM21":0.6418,"LOCI_URI21":"http://linked.data.gov.au/dataset/asgsed3/SAL/12322","SHAPE_Leng":0.0380390521219,"SHAPE_Area":0.0000625656849589}},
{"type":"Feature","geometry":{"type":"Polygon","coordinates":[[[151.0843,-33.8372],[151.0832,-33.8361],[151.0824,-33.8393],[151.0827,-33.8455],[151.0853,-33.8448],[151.0856,-33.8384],[151.0843,-33.8372]]]},"properties":{"SAL_CODE21":"12324","SAL_NAME21":"Liberty Grove","STE_CODE21":"1","STE_NAME21":"New South Wales","AUS_CODE21":"AUS","AUS_NAME21":"Australia","AREASQKM21":0.2327,"LOCI_URI21":"http://linked.data.gov.au/dataset/asgsed3/SAL/12324","SHAPE_Leng":0.0240643617511,"SHAPE_Area":0.0000226565301944}},
{"type":"Feature","geometry":{"type":"Polygon","coordinates":[[[151.0318,-33.8636],[151.0361,-33.8642],[151.0353,-33.8685],[151.036,-33.8714],[151.0421,-33.8721],[151.0399,-33.885],[151.0394,-33.8877],[151.0495,-33.8871],[151.052,-33.8852],[151.0463,-33.8736],[151.0479,-33.8649],[151.0567,-33.8645],[151.0611,-33.8638],[151.0606,-33.8606],[151.064,-33.8561],[151.0646,-33.8535],[151.0603,-33.8461],[151.0573,-33.8444],[151.0559,-33.8471],[151.0503,-33.8463],[151.047,-33.8436],[151.0444,-33.8424],[151.0422,-33.845],[151.0433,-33.848],[151.0404,-33.8532],[151.0383,-33.852],[151.0368,-33.862],[151.0328,-33.8614],[151.0318,-33.8636]]]},"properties":{"SAL_CODE21":"12325","SAL_NAME21":"Lidcombe","STE_CODE21":"1","STE_NAME21":"New South Wales","AUS_CODE21":"AUS","AUS_NAME21":"Australia","AREASQKM21":6.7931,"LOCI_URI21":"http://linked.data.gov.au/dataset/asgsed3/SAL/12325","SHAPE_Leng":0.170154271036,"SHAPE_Area":0.00066187614602}},
{"type":"Feature","geometry":{"type":"Polygon","coordinates":[[[151.1144,-34.0618],[151.1124,-34.066],[151.1118,-34.0725],[151.1182,-34.071],[151.1195,-34.068],[151.1198,-34.0634],[151.1158,-34.0633],[151.1144,-34.0618]]]},"properties":{"SAL_CODE21":"12331","SAL_NAME21":"Lilli Pilli (Sutherland Shire - NSW)","STE_CODE21":"1","STE_NAME21":"New South Wales","AUS_CODE21":"AUS","AUS_NAME21":"Australia","AREASQKM21":0.607,"LOCI_URI21":"http://linked.data.gov.au/dataset/asgsed3/SAL/12331","SHAPE_Leng":0.0452257997471,"SHAPE_Area":0.000059265763784}},
{"type":"Feature","geometry":{"type":"Polygon","coordinates":[[[151.172,-33.8721],[151.1693,-33.8717],[151.1655,-33.8642],[151.1611,-33.8625],[151.1586,-33.8644],[151.1531,-33.8663],[151.1505,-33.8721],[151.1502,-33.8728],[151.1524,-33.8755],[151.161,-33.8756],[151.1599,-33.8776],[151.1674,-33.8802],[151.1694,-33.8741],[151.172,-33.8721]]]},"properties":{"SAL_CODE21":"12334","SAL_NAME21":"Lilyfield","STE_CODE21":"1","STE_NAME21":"New South Wales","AUS_CODE21":"AUS","AUS_NAME21":"Australia","AREASQKM21":2.1588,"LOCI_URI21":"http://linked.data.gov.au/dataset/asgsed3/SAL/12334","SHAPE_Leng":0.0750588713577,"SHAPE_Area":0.000210358731405}},
{"type":"Feature","geometry":{"type":"Polygon","coordinates":[[[150.5268,-33.7147],[150.5217,-33.7144],[150.5209,-33.7124],[150.5249,-33.7077],[150.523,-33.7035],[150.5136,-33.7015],[150.5128,-33.706],[150.515,-33.7063],[150.5142,-33.7101],[150.51,-33.7096],[150.5095,-33.7121],[150.5027,-33.7111],[150.5019,-33.7148],[150.4972,-33.7166],[150.4983,-33.7109],[150.5016,-33.711],[150.5022,-33.708],[150.497,-33.7073],[150.4944,-33.7044],[150.492,-33.708],[150.491,-33.713],[150.4942,-33.7134],[150.4929,-33.7194],[150.4895,-33.7199],[150.4888,-33.7235],[150.4984,-33.7254],[150.5025,-33.7259],[150.5032,-33.7224],[150.5077,-33.7213],[150.5119,-33.7219],[150.5105,-33.729],[150.5235,-33.7308],[150.5268,-33.7147]]]},"properties":{"SAL_CODE21":"12344","SAL_NAME21":"Linden (NSW)","STE_CODE21":"1","STE_NAME21":"New South Wales","AUS_CODE21":"AUS","AUS_NAME21":"Australia","AREASQKM21":6.1928,"LOCI_URI21":"http://linked.data.gov.au/dataset/asgsed3/SAL/12344","SHAPE_Leng":0.187927788796,"SHAPE_Area":0.0006023558676}},
{"type":"Feature","geometry":{"type":"Polygon","coordinates":[[[151.1664,-33.792],[151.1616,-33.7861],[151.1668,-33.7843],[151.1687,-33.7855],[151.1732,-33.7825],[151.1727,-33.7783],[151.1817,-33.7743],[151.1778,-33.7695],[151.1781,-33.7681],[151.178,-33.7674],[151.1708,-33.7671],[151.1674,-33.7694],[151.1619,-33.7711],[151.1611,-33.7734],[151.1559,-33.7765],[151.1486,-33.7756],[151.1457,-33.7825],[151.1434,-33.7831],[151.1447,-33.7855],[151.149,-33.7877],[151.1472,-33.7917],[151.1485,-33.7943],[151.1527,-33.7904],[151.1568,-33.7921],[151.1624,-33.7913],[151.1664,-33.792]]]},"properties":{"SAL_CODE21":"12348","SAL_NAME21":"Lindfield","STE_CODE21":"1","STE_NAME21":"New South Wales","AUS_CODE21":"AUS","AUS_NAME21":"Australia","AREASQKM21":5.1312,"LOCI_URI21":"http://linked.data.gov.au/dataset/asgsed3/SAL/12348","SHAPE_Leng":0.140529119572,"SHAPE_Area":0.000499448820352}},
{"type":"Feature","geometry":{"type":"Polygon","coordinates":[[[151.1502,-33.8244],[151.1495,-33.825],[151.1454,-33.828],[151.1496,-33.8294],[151.1521,-33.8285],[151.1511,-33.8243],[151.1502,-33.8244]]]},"properties":{"SAL_CODE21":"12350","SAL_NAME21":"Linley Point","STE_CODE21":"1","STE_NAME21":"New South Wales","AUS_CODE21":"AUS","AUS_NAME21":"Australia","AREASQKM21":0.2021,"LOCI_URI21":"http://linked.data.gov.au/dataset/asgsed3/SAL/12350","SHAPE_Leng":0.0200191093738,"SHAPE_Area":0.0000196897727474}},
{"type":"Feature","geometry":{"type":"Polygon","coordinates":[[[151.4109,-33.384],[151.4065,-33.3814],[151.3996,-33.3795],[151.3955,-33.38],[151.3895,-33.3763],[151.3835,-33.3737],[151.3789,-33.375],[151.3766,-33.3713],[151.3625,-33.369],[151.3614,-33.3752],[151.3566,-33.3757],[151.356,-33.3802],[151.3601,-33.3823],[151.3593,-33.3865],[151.3617,-33.3888],[151.361,-33.3921],[151.37,-33.3924],[151.3742,-33.395],[151.373,-33.4008],[151.3789,-33.3988],[151.3808,-33.3993],[151.3837,-33.3982],[151.3849,-33.3926],[151.3891,-33.3932],[151.3946,-33.3992],[151.3976,-33.3996],[151.4035,-33.3956],[151.4058,-33.3982],[151.4124,-33.3943],[151.4138,-33.3888],[151.4087,-33.388],[151.4109,-33.384]]]},"properties":{"SAL_CODE21":"12352","SAL_NAME21":"Lisarow","STE_CODE21":"1","STE_NAME21":"New South Wales","AUS_CODE21":"AUS","AUS_NAME21":"Australia","AREASQKM21":10.8599,"LOCI_URI21":"http://linked.data.gov.au/dataset/asgsed3/SAL/12352","SHAPE_Leng":0.190698543889,"SHAPE_Area":0.00105230013248}},
{"type":"Feature","geometry":{"type":"Polygon","coordinates":[[[151.2367,-33.9758],[151.2367,-33.9769],[151.2355,-33.9843],[151.2356,-33.9867],[151.2395,-33.9887],[151.2427,-33.9881],[151.2463,-33.9906],[151.2524,-33.9924],[151.252,-33.9865],[151.2541,-33.9833],[151.2512,-33.9789],[151.2582,-33.9765],[151.2426,-33.9744],[151.2405,-33.9766],[151.2367,-33.9758]]]},"properties":{"SAL_CODE21":"12358","SAL_NAME21":"Little Bay","STE_CODE21":"1","STE_NAME21":"New South Wales","AUS_CODE21":"AUS","AUS_NAME21":"Australia","AREASQKM21":2.457,"LOCI_URI21":"http://linked.data.gov.au/dataset/asgsed3/SAL/12358","SHAPE_Leng":0.0896179187977,"SHAPE_Area":0.000239754114876}},
{"type":"Feature","geometry":{"type":"Polygon","coordinates":[[[151.3793,-33.2393],[151.3793,-33.2366],[151.3718,-33.2352],[151.3722,-33.2332],[151.3667,-33.2324],[151.3676,-33.2288],[151.3644,-33.2284],[151.3613,-33.2248],[151.3581,-33.2234],[151.3556,-33.2351],[151.3473,-33.2338],[151.3431,-33.2322],[151.3346,-33.231],[151.3339,-33.2344],[151.3423,-33.2358],[151.3419,-33.2378],[151.3461,-33.2384],[151.3484,-33.2404],[151.3597,-33.2421],[151.36,-33.2407],[151.3707,-33.2417],[151.3703,-33.2435],[151.3764,-33.2443],[151.3771,-33.2405],[151.3793,-33.2393]]]},"properties":{"SAL_CODE21":"12363","SAL_NAME21":"Little Jilliby","STE_CODE21":"1","STE_NAME21":"New South Wales","AUS_CODE21":"AUS","AUS_NAME21":"Australia","AREASQKM21":3.6766,"LOCI_URI21":"http://linked.data.gov.au/dataset/asgsed3/SAL/12363","SHAPE_Leng":0.139083181699,"SHAPE_Area":0.00035566866924}},
{"type":"Feature","geometry":{"type":"Polygon","coordinates":[[[151.2502,-33.5296],[151.2549,-33.5349],[151.2553,-33.538],[151.2511,-33.5478],[151.2459,-33.5554],[151.2499,-33.5584],[151.2509,-33.5538],[151.2538,-33.5543],[151.2554,-33.5472],[151.2577,-33.544],[151.2602,-33.533],[151.254,-33.5321],[151.255,-33.5263],[151.2508,-33.5258],[151.2502,-33.5296]]]},"properties":{"SAL_CODE21":"12368","SAL_NAME21":"Little Wobby","STE_CODE21":"1","STE_NAME21":"New South Wales","AUS_CODE21":"AUS","AUS_NAME21":"Australia","AREASQKM21":1.4889,"LOCI_URI21":"http://linked.data.gov.au/dataset/asgsed3/SAL/12368","SHAPE_Leng":0.0904765095023,"SHAPE_Area":0.000144524265441}},
{"type":"Feature","geometry":{"type":"Polygon","coordinates":[[[150.9005,-33.9231],[150.8988,-33.9264],[150.9064,-33.9274],[150.9044,-33.9369],[150.9049,-33.9379],[150.9096,-33.9371],[150.9189,-33.9391],[150.9213,-33.9355],[150.9277,-33.9284],[150.9287,-33.9245],[150.9316,-33.9221],[150.9344,-33.9169],[150.9215,-33.915],[150.919,-33.9113],[150.918,-33.9039],[150.9124,-33.9082],[150.9077,-33.9141],[150.9041,-33.9152],[150.9056,-33.9193],[150.9005,-33.9231]]]},"properties":{"SAL_CODE21":"12370","SAL_NAME21":"Liverpool","STE_CODE21":"1","STE_NAME21":"New South Wales","AUS_CODE21":"AUS","AUS_NAME21":"Australia","AREASQKM21":6.3559,"LOCI_URI21":"http://linked.data.gov.au/dataset/asgsed3/SAL/12370","SHAPE_Leng":0.138378867331,"SHAPE_Area":0.00061963513789}},
{"type":"Feature","geometry":{"type":"Polygon","coordinates":[[[150.7392,-33.683],[150.7278,-33.69],[150.7272,-33.6981],[150.7247,-33.7026],[150.7223,-33.7093],[150.7224,-33.7123],[150.7253,-33.7153],[150.7265,-33.7143],[150.7346,-33.7153],[150.7349,-33.7136],[150.7554,-33.7163],[150.764,-33.7183],[150.7658,-33.7176],[150.7671,-33.7141],[150.766,-33.7058],[150.7729,-33.7014],[150.7758,-33.704],[150.7796,-33.7012],[150.7789,-33.697],[150.7843,-33.6939],[150.7744,-33.6925],[150.7773,-33.6895],[150.7631,-33.6874],[150.7622,-33.6915],[150.758,-33.6909],[150.7571,-33.6953],[150.7449,-33.6937],[150.7465,-33.6859],[150.7402,-33.687],[150.7392,-33.683]]]},"properties":{"SAL_CODE21":"12372","SAL_NAME21":"Llandilo","STE_CODE21":"1","STE_NAME21":"New South Wales","AUS_CODE21":"AUS","AUS_NAME21":"Australia","AREASQKM21":12.8861,"LOCI_URI21":"http://linked.data.gov.au/dataset/asgsed3/SAL/12372","SHAPE_Leng":0.202628978556,"SHAPE_Area":0.00125318949791}},
{"type":"Feature","geometry":{"type":"Polygon","coordinates":[[[151.0362,-34.0467],[151.0377,-34.0517],[151.04,-34.0558],[151.0475,-34.0529],[151.0503,-34.0508],[151.0527,-34.0453],[151.0533,-34.0371],[151.0426,-34.0353],[151.0404,-34.0361],[151.0396,-34.042],[151.0362,-34.0467]]]},"properties":{"SAL_CODE21":"12380","SAL_NAME21":"Loftus","STE_CODE21":"1","STE_NAME21":"New South Wales","AUS_CODE21":"AUS","AUS_NAME21":"Australia","AREASQKM21":2.5312,"LOCI_URI21":"http://linked.data.gov.au/dataset/asgsed3/SAL/12380","SHAPE_Leng":0.0698861270432,"SHAPE_Area":0.00024715853878}},
{"type":"Feature","geometry":{"type":"Polygon","coordinates":[[[150.7092,-33.6482],[150.7039,-33.6516],[150.7001,-33.6712],[150.6977,-33.6718],[150.6963,-33.678],[150.6972,-33.6788],[150.7159,-33.6816],[150.715,-33.6862],[150.7281,-33.6886],[150.7278,-33.69],[150.7392,-33.683],[150.7649,-33.6591],[150.7692,-33.6573],[150.786,-33.6416],[150.7859,-33.6415],[150.7822,-33.6375],[150.7708,-33.6337],[150.7214,-33.618],[150.7192,-33.6289],[150.7132,-33.6281],[150.7092,-33.6482]]]},"properties":{"SAL_CODE21":"12384","SAL_NAME21":"Londonderry (NSW)","STE_CODE21":"1","STE_NAME21":"New South Wales","AUS_CODE21":"AUS","AUS_NAME21":"Australia","AREASQKM21":36.2493,"LOCI_URI21":"http://linked.data.gov.au/dataset/asgsed3/SAL/12384","SHAPE_Leng":0.26114587753,"SHAPE_Area":0.00352332988965}},
{"type":"Feature","geometry":{"type":"Polygon","coordinates":[[[151.4756,-33.369],[151.4807,-33.3697],[151.4873,-33.3633],[151.4921,-33.3638],[151.4951,-33.3624],[151.4966,-33.3576],[151.4972,-33.3511],[151.4909,-33.3506],[151.4876,-33.3486],[151.4849,-33.3547],[151.4824,-33.3578],[151.4746,-33.3645],[151.4741,-33.3658],[151.4734,-33.3688],[151.4756,-33.369]]]},"properties":{"SAL_CODE21":"12387","SAL_NAME21":"Long Jetty","STE_CODE21":"1","STE_NAME21":"New South Wales","AUS_CODE21":"AUS","AUS_NAME21":"Australia","AREASQKM21":2.539,"LOCI_URI21":"http://linked.data.gov.au/dataset/asgsed3/SAL/12387","SHAPE_Leng":0.0841606558739,"SHAPE_Area":0.000246021771273}},
{"type":"Feature","geometry":{"type":"Polygon","coordinates":[[[150.9041,-34.0048],[150.9001,-34.0024],[150.8983,-34.003],[150.8906,-34.0023],[150.8859,-34.0025],[150.8886,-34.0055],[150.8923,-34.0056],[150.8922,-34.0114],[150.8935,-34.0134],[150.8927,-34.0188],[150.8969,-34.0208],[150.8998,-34.0207],[150.9058,-34.0184],[150.9021,-34.0114],[150.9015,-34.0072],[150.9041,-34.0048]]]},"properties":{"SAL_CODE21":"12390","SAL_NAME21":"Long Point (Campbelltown - NSW)","STE_CODE21":"1","STE_NAME21":"New South Wales","AUS_CODE21":"AUS","AUS_NAME21":"Australia","AREASQKM21":2.0111,"LOCI_URI21":"http://linked.data.gov.au/dataset/asgsed3/SAL/12390","SHAPE_Leng":0.0759861093097,"SHAPE_Area":0.000196276629885}},
{"type":"Feature","geometry":{"type":"Polygon","coordinates":[[[151.1682,-33.8212],[151.1685,-33.8237],[151.166,-33.8275],[151.1638,-33.83],[151.165,-33.8343],[151.1684,-33.8358],[151.1733,-33.8341],[151.1705,-33.8309],[151.1749,-33.8284],[151.1747,-33.8254],[151.1682,-33.8212]]]},"properties":{"SAL_CODE21":"12394","SAL_NAME21":"Longueville","STE_CODE21":"1","STE_NAME21":"New South Wales","AUS_CODE21":"AUS","AUS_NAME21":"Australia","AREASQKM21":0.9933,"LOCI_URI21":"http://linked.data.gov.au/dataset/asgsed3/SAL/12394","SHAPE_Leng":0.0543288191316,"SHAPE_Area":0.0000967193053602}},
{"type":"Feature","geometry":{"type":"Polygon","coordinates":[[[151.2759,-33.6329],[151.281,-33.633],[151.2843,-33.6316],[151.2851,-33.6294],[151.2826,-33.6281],[151.2767,-33.6288],[151.2759,-33.6329]]]},"properties":{"SAL_CODE21":"12406","SAL_NAME21":"Lovett Bay","STE_CODE21":"1","STE_NAME21":"New South Wales","AUS_CODE21":"AUS","AUS_NAME21":"Australia","AREASQKM21":0.4537,"LOCI_URI21":"http://linked.data.gov.au/dataset/asgsed3/SAL/12406","SHAPE_Leng":0.0507704296612,"SHAPE_Area":0.0000440880910965}},
{"type":"Feature","geometry":{"type":"Polygon","coordinates":[[[150.9497,-33.3466],[150.9477,-33.3514],[150.9436,-33.3538],[150.9419,-33.3573],[150.9463,-33.3631],[150.9454,-33.3674],[150.9486,-33.37],[150.953,-33.3707],[150.9541,-33.3658],[150.9597,-33.3668],[150.9592,-33.3698],[150.9632,-33.3704],[150.9657,-33.3731],[150.9718,-33.3757],[150.9789,-33.3704],[150.9747,-33.3687],[150.9754,-33.3645],[150.9873,-33.3659],[150.9913,-33.3643],[150.9985,-33.3552],[150.9952,-33.3544],[150.9921,-33.3559],[150.9891,-33.3551],[150.9812,-33.3498],[150.9831,-33.3462],[150.9746,-33.3436],[150.9718,-33.3501],[150.9497,-33.3466]]]},"properties":{"SAL_CODE21":"12417","SAL_NAME21":"Lower Macdonald","STE_CODE21":"1","STE_NAME21":"New South Wales","AUS_CODE21":"AUS","AUS_NAME21":"Australia","AREASQKM21":10.2065,"LOCI_URI21":"http://linked.data.gov.au/dataset/asgsed3/SAL/12417","SHAPE_Leng":0.184864435071,"SHAPE_Area":0.000988742927208}},
{"type":"Feature","geometry":{"type":"Polygon","coordinates":[[[151.1603,-33.3868],[151.154,-33.393],[151.1501,-33.3901],[151.151,-33.3836],[151.1463,-33.385],[151.1407,-33.3836],[151.1399,-33.3823],[151.1379,-33.3781],[151.1281,-33.3766],[151.1179,-33.3775],[151.1128,-33.3822],[151.112,-33.3865],[151.1071,-33.3879],[151.1069,-33.3923],[151.1173,-33.3952],[151.1097,-33.4056],[151.1191,-33.4057],[151.1238,-33.4105],[151.1248,-33.4159],[151.1285,-33.4187],[151.1354,-33.4197],[151.1363,-33.4153],[151.1413,-33.4186],[151.1487,-33.4197],[151.153,-33.4184],[151.1533,-33.4211],[151.1581,-33.4217],[151.1637,-33.4271],[151.1649,-33.4268],[151.1617,-33.4213],[151.1589,-33.4188],[151.163,-33.4172],[151.1673,-33.4176],[151.1686,-33.4117],[151.1524,-33.409],[151.153,-33.4039],[151.155,-33.4006],[151.156,-33.3956],[151.1603,-33.3868]]]},"properties":{"SAL_CODE21":"12418","SAL_NAME21":"Lower Mangrove","STE_CODE21":"1","STE_NAME21":"New South Wales","AUS_CODE21":"AUS","AUS_NAME21":"Australia","AREASQKM21":16.5425,"LOCI_URI21":"http://linked.data.gov.au/dataset/asgsed3/SAL/12418","SHAPE_Leng":0.265724548237,"SHAPE_Area":0.00160325848444}},
{"type":"Feature","geometry":{"type":"Polygon","coordinates":[[[150.8456,-33.4816],[150.8515,-33.4811],[150.8643,-33.4856],[150.8657,-33.4852],[150.8672,-33.4793],[150.8713,-33.4806],[150.8737,-33.4783],[150.8709,-33.475],[150.8711,-33.4731],[150.8766,-33.4708],[150.8848,-33.4723],[150.8859,-33.4674],[150.8843,-33.464],[150.8874,-33.4627],[150.8886,-33.4558],[150.8965,-33.4515],[150.8983,-33.4517],[150.8998,-33.456],[150.9048,-33.4668],[150.9049,-33.4712],[150.9061,-33.4736],[150.9106,-33.4735],[150.918,-33.4746],[150.9292,-33.4723],[150.9311,-33.4763],[150.9307,-33.471],[150.92,-33.462],[150.9188,-33.4511],[150.9273,-33.4523],[150.9277,-33.4504],[150.9384,-33.4519],[150.9393,-33.4473],[150.9352,-33.4467],[150.9384,-33.4427],[150.9393,-33.4382],[150.9408,-33.4335],[150.9369,-33.4316],[150.9395,-33.4299],[150.937,-33.4268],[150.9316,-33.426],[150.934,-33.4152],[150.9264,-33.4069],[150.9246,-33.4079],[150.8931,-33.4037],[150.8929,-33.4047],[150.877,-33.4027],[150.8773,-33.4005],[150.8701,-33.3994],[150.862,-33.3982],[150.8627,-33.4008],[150.8721,-33.4076],[150.8721,-33.4104],[150.8699,-33.4121],[150.8694,-33.4155],[150.8724,-33.4208],[150.8669,-33.4228],[150.8622,-33.4205],[150.8581,-33.4212],[150.8549,-33.4195],[150.8523,-33.4232],[150.849,-33.4219],[150.8508,-33.4191],[150.8398,-33.414],[150.8348,-33.4097],[150.834,-33.4138],[150.8295,-33.412],[150.8263,-33.4122],[150.8232,-33.4161],[150.8244,-33.4191],[150.8317,-33.4252],[150.8342,-33.4288],[150.8309,-33.4333],[150.8415,-33.4368],[150.8426,-33.4394],[150.8481,-33.4399],[150.8523,-33.4432],[150.8563,-33.444],[150.8526,-33.448],[150.8446,-33.4494],[150.8427,-33.4535],[150.8379,-33.4552],[150.8371,-33.4627],[150.8398,-33.464],[150.8458,-33.4641],[150.8438,-33.4746],[150.847,-33.4743],[150.8456,-33.4816]]]},"properties":{"SAL_CODE21":"12421","SAL_NAME21":"Lower Portland","STE_CODE21":"1","STE_NAME21":"New South Wales","AUS_CODE21":"AUS","AUS_NAME21":"Australia","AREASQKM21":60.0586,"LOCI_URI21":"http://linked.data.gov.au/dataset/asgsed3/SAL/12421","SHAPE_Leng":0.568966034523,"SHAPE_Area":0.00582333839482}},
{"type":"Feature","geometry":{"type":"Polygon","coordinates":[[[150.9913,-34.0244],[150.9871,-34.0191],[150.9834,-34.0234],[150.9794,-34.0235],[150.9806,-34.0172],[150.9684,-34.0258],[150.963,-34.0309],[150.9596,-34.0408],[150.96,-34.044],[150.9637,-34.0496],[150.9694,-34.0532],[150.9816,-34.0548],[150.9884,-34.0585],[150.9937,-34.0578],[150.9963,-34.0602],[150.9953,-34.0558],[150.9954,-34.0481],[150.997,-34.047],[150.9943,-34.0429],[150.9871,-34.0383],[150.9904,-34.0358],[150.9909,-34.0305],[150.9884,-34.0286],[150.9913,-34.0244]]]},"properties":{"SAL_CODE21":"12426","SAL_NAME21":"Lucas Heights","STE_CODE21":"1","STE_NAME21":"New South Wales","AUS_CODE21":"AUS","AUS_NAME21":"Australia","AREASQKM21":9.9327,"LOCI_URI21":"http://linked.data.gov.au/dataset/asgsed3/SAL/12426","SHAPE_Leng":0.151010822786,"SHAPE_Area":0.000969719861031}},
{"type":"Feature","geometry":{"type":"Polygon","coordinates":[[[150.7675,-33.8524],[150.766,-33.8493],[150.7688,-33.8409],[150.7688,-33.8364],[150.7659,-33.8355],[150.7664,-33.8292],[150.7601,-33.8289],[150.743,-33.8314],[150.721,-33.8334],[150.7007,-33.8363],[150.684,-33.8397],[150.6873,-33.8434],[150.6841,-33.8457],[150.6753,-33.8423],[150.6733,-33.8479],[150.6704,-33.8628],[150.6803,-33.8642],[150.6771,-33.8812],[150.6688,-33.8801],[150.6676,-33.8864],[150.6693,-33.8915],[150.6714,-33.892],[150.6777,-33.8999],[150.6785,-33.9042],[150.6869,-33.9052],[150.6941,-33.9049],[150.6959,-33.9076],[150.7053,-33.9146],[150.7101,-33.9167],[150.7121,-33.9061],[150.7163,-33.9057],[150.7122,-33.9052],[150.7135,-33.8983],[150.7151,-33.8979],[150.7163,-33.8904],[150.7234,-33.885],[150.7213,-33.8825],[150.7216,-33.8753],[150.7204,-33.87],[150.7226,-33.8656],[150.7249,-33.8645],[150.7298,-33.8588],[150.7338,-33.8566],[150.7348,-33.8543],[150.7384,-33.8531],[150.7493,-33.8544],[150.7495,-33.8534],[150.759,-33.8546],[150.7617,-33.8509],[150.7649,-33.8535],[150.7675,-33.8524]]]},"properties":{"SAL_CODE21":"12428","SAL_NAME21":"Luddenham","STE_CODE21":"1","STE_NAME21":"New South Wales","AUS_CODE21":"AUS","AUS_NAME21":"Australia","AREASQKM21":44.1008,"LOCI_URI21":"http://linked.data.gov.au/dataset/asgsed3/SAL/12428","SHAPE_Leng":0.38971496,"SHAPE_Area":0.00429682017733}},
{"type":"Feature","geometry":{"type":"Polygon","coordinates":[[[151.05,-33.9799],[151.0516,-33.9759],[151.0514,-33.9713],[151.0463,-33.9709],[151.0439,-33.9719],[151.0418,-33.9751],[151.0373,-33.9785],[151.0394,-33.9801],[151.04,-33.9831],[151.0365,-33.9859],[151.0367,-33.991],[151.0529,-33.991],[151.0552,-33.9891],[151.0521,-33.9851],[151.05,-33.9799]]]},"properties":{"SAL_CODE21":"12430","SAL_NAME21":"Lugarno","STE_CODE21":"1","STE_NAME21":"New South Wales","AUS_CODE21":"AUS","AUS_NAME21":"Australia","AREASQKM21":2.6791,"LOCI_URI21":"http://linked.data.gov.au/dataset/asgsed3/SAL/12430","SHAPE_Leng":0.0887880556374,"SHAPE_Area":0.000261355836396}},
{"type":"Feature","geometry":{"type":"Polygon","coordinates":[[[150.8979,-33.9263],[150.8913,-33.9299],[150.8882,-33.9451],[150.8954,-33.9461],[150.9049,-33.9379],[150.9044,-33.9369],[150.9064,-33.9274],[150.8988,-33.9264],[150.8979,-33.9263]]]},"properties":{"SAL_CODE21":"12431","SAL_NAME21":"Lurnea","STE_CODE21":"1","STE_NAME21":"New South Wales","AUS_CODE21":"AUS","AUS_NAME21":"Australia","AREASQKM21":2.5038,"LOCI_URI21":"http://linked.data.gov.au/dataset/asgsed3/SAL/12431","SHAPE_Leng":0.0638690119959,"SHAPE_Area":0.000244126225861}},
{"type":"Feature","geometry":{"type":"Polygon","coordinates":[[[151.4004,-33.5112],[151.4029,-33.5135],[151.4063,-33.5093],[151.4103,-33.5081],[151.4129,-33.5055],[151.4215,-33.5065],[151.4241,-33.5043],[151.4201,-33.5006],[151.4275,-33.5018],[151.4257,-33.498],[151.4294,-33.4934],[151.4226,-33.4882],[151.424,-33.4868],[151.4183,-33.4892],[151.4115,-33.491],[151.4115,-33.4833],[151.3992,-33.4815],[151.394,-33.4831],[151.3875,-33.4823],[151.3872,-33.4867],[151.3934,-33.4879],[151.3928,-33.4918],[151.4075,-33.4938],[151.4044,-33.5075],[151.4017,-33.5084],[151.4004,-33.5112]]]},"properties":{"SAL_CODE21":"12441","SAL_NAME21":"Macmasters Beach","STE_CODE21":"1","STE_NAME21":"New South Wales","AUS_CODE21":"AUS","AUS_NAME21":"Australia","AREASQKM21":5.8088,"LOCI_URI21":"http://linked.data.gov.au/dataset/asgsed3/SAL/12441","SHAPE_Leng":0.180643828897,"SHAPE_Area":0.00056359180663}},
{"type":"Feature","geometry":{"type":"Polygon","coordinates":[[[150.887,-33.9774],[150.8749,-33.9876],[150.871,-33.992],[150.8752,-33.9947],[150.8798,-33.9988],[150.8859,-34.0025],[150.8906,-34.0023],[150.8983,-34.003],[150.9001,-34.0024],[150.9041,-34.0048],[150.9109,-34.0017],[150.9124,-33.9994],[150.909,-33.9978],[150.9078,-33.9903],[150.911,-33.979],[150.9032,-33.983],[150.8959,-33.9837],[150.8908,-33.9819],[150.887,-33.9774]]]},"properties":{"SAL_CODE21":"12442","SAL_NAME21":"Macquarie Fields","STE_CODE21":"1","STE_NAME21":"New South Wales","AUS_CODE21":"AUS","AUS_NAME21":"Australia","AREASQKM21":7.0125,"LOCI_URI21":"http://linked.data.gov.au/dataset/asgsed3/SAL/12442","SHAPE_Leng":0.131784599082,"SHAPE_Area":0.000684184984181}},
{"type":"Feature","geometry":{"type":"Polygon","coordinates":[[[150.8569,-33.9856],[150.857,-33.9859],[150.8636,-33.9853],[150.8684,-33.9856],[150.8749,-33.9876],[150.887,-33.9774],[150.882,-33.977],[150.8789,-33.9813],[150.8752,-33.9788],[150.8728,-33.9749],[150.8735,-33.9709],[150.8698,-33.9771],[150.865,-33.981],[150.8569,-33.9856]]]},"properties":{"SAL_CODE21":"12444","SAL_NAME21":"Macquarie Links","STE_CODE21":"1","STE_NAME21":"New South Wales","AUS_CODE21":"AUS","AUS_NAME21":"Australia","AREASQKM21":1.7723,"LOCI_URI21":"http://linked.data.gov.au/dataset/asgsed3/SAL/12444","SHAPE_Leng":0.0886028724321,"SHAPE_Area":0.000172891246894}},
{"type":"Feature","geometry":{"type":"Polygon","coordinates":[[[151.138,-33.7744],[151.1339,-33.7749],[151.1321,-33.7728],[151.1265,-33.7728],[151.1223,-33.7702],[151.1202,-33.7673],[151.1188,-33.7625],[151.1156,-33.7612],[151.1128,-33.7673],[151.1091,-33.7709],[151.1049,-33.7678],[151.1036,-33.7693],[151.1077,-33.7723],[151.1047,-33.7751],[151.1169,-33.7841],[151.1254,-33.7872],[151.1344,-33.7944],[151.1366,-33.794],[151.1471,-33.7964],[151.1485,-33.7943],[151.1472,-33.7917],[151.149,-33.7877],[151.1447,-33.7855],[151.1434,-33.7831],[151.1395,-33.782],[151.1387,-33.779],[151.1401,-33.7766],[151.138,-33.7744]]]},"properties":{"SAL_CODE21":"12446","SAL_NAME21":"Macquarie Park","STE_CODE21":"1","STE_NAME21":"New South Wales","AUS_CODE21":"AUS","AUS_NAME21":"Australia","AREASQKM21":6.7633,"LOCI_URI21":"http://linked.data.gov.au/dataset/asgsed3/SAL/12446","SHAPE_Leng":0.155994888831,"SHAPE_Area":0.000658327752495}},
{"type":"Feature","geometry":{"type":"Polygon","coordinates":[[[151.5432,-33.2818],[151.5364,-33.2884],[151.5337,-33.2899],[151.5275,-33.2954],[151.5218,-33.3015],[151.5206,-33.3068],[151.5181,-33.3103],[151.5154,-33.318],[151.5112,-33.3236],[151.5155,-33.3243],[151.5223,-33.3174],[151.5278,-33.313],[151.5373,-33.3067],[151.5522,-33.2991],[151.5502,-33.2977],[151.5483,-33.2919],[151.5528,-33.2832],[151.5508,-33.2829],[151.5432,-33.2818]]]},"properties":{"SAL_CODE21":"12450","SAL_NAME21":"Magenta (NSW)","STE_CODE21":"1","STE_NAME21":"New South Wales","AUS_CODE21":"AUS","AUS_NAME21":"Australia","AREASQKM21":6.4599,"LOCI_URI21":"http://linked.data.gov.au/dataset/asgsed3/SAL/12450","SHAPE_Leng":0.133724397063,"SHAPE_Area":0.000625375438016}},
{"type":"Feature","geometry":{"type":"Polygon","coordinates":[[[151.1333,-34.0808],[151.1322,-34.076],[151.1249,-34.0798],[151.1236,-34.0839],[151.1267,-34.0844],[151.1276,-34.08],[151.1333,-34.0808]]]},"properties":{"SAL_CODE21":"12452","SAL_NAME21":"Maianbar","STE_CODE21":"1","STE_NAME21":"New South Wales","AUS_CODE21":"AUS","AUS_NAME21":"Australia","AREASQKM21":0.2931,"LOCI_URI21":"http://linked.data.gov.au/dataset/asgsed3/SAL/12452","SHAPE_Leng":0.0347131150702,"SHAPE_Area":0.0000286149526548}},
{"type":"Feature","geometry":{"type":"Polygon","coordinates":[[[151.2426,-33.9744],[151.2582,-33.9765],[151.2575,-33.9716],[151.2518,-33.965],[151.2565,-33.9649],[151.2595,-33.9675],[151.2656,-33.9686],[151.2649,-33.9632],[151.263,-33.9612],[151.2657,-33.9593],[151.2613,-33.9552],[151.2583,-33.9538],[151.2539,-33.9518],[151.2528,-33.9535],[151.2485,-33.9543],[151.2457,-33.958],[151.2462,-33.9635],[151.242,-33.9694],[151.2426,-33.9744]]]},"properties":{"SAL_CODE21":"12462","SAL_NAME21":"Malabar","STE_CODE21":"1","STE_NAME21":"New South Wales","AUS_CODE21":"AUS","AUS_NAME21":"Australia","AREASQKM21":3.5736,"LOCI_URI21":"http://linked.data.gov.au/dataset/asgsed3/SAL/12462","SHAPE_Leng":0.104403087748,"SHAPE_Area":0.000348563603243}},
{"type":"Feature","geometry":{"type":"Polygon","coordinates":[[[150.6345,-34.1915],[150.6279,-34.1916],[150.6252,-34.1904],[150.6227,-34.1927],[150.6287,-34.196],[150.6301,-34.2027],[150.635,-34.2016],[150.6398,-34.2055],[150.6424,-34.2063],[150.6482,-34.2053],[150.6521,-34.2055],[150.6509,-34.2019],[150.6445,-34.2],[150.6408,-34.1947],[150.6345,-34.1915]]]},"properties":{"SAL_CODE21":"12464","SAL_NAME21":"Maldon (NSW)","STE_CODE21":"1","STE_NAME21":"New South Wales","AUS_CODE21":"AUS","AUS_NAME21":"Australia","AREASQKM21":2.0827,"LOCI_URI21":"http://linked.data.gov.au/dataset/asgsed3/SAL/12464","SHAPE_Leng":0.0771501061471,"SHAPE_Area":0.000203709717748}},
{"type":"Feature","geometry":{"type":"Polygon","coordinates":[[[151.1507,-33.372],[151.1516,-33.3664],[151.1493,-33.366],[151.1508,-33.3559],[151.1506,-33.3525],[151.1539,-33.3482],[151.1492,-33.3461],[151.1498,-33.343],[151.1455,-33.3423],[151.1456,-33.3386],[151.1408,-33.3388],[151.1353,-33.3371],[151.1312,-33.3384],[151.1292,-33.334],[151.1255,-33.3331],[151.1282,-33.3269],[151.1191,-33.326],[151.1193,-33.325],[151.1095,-33.3244],[151.1087,-33.3297],[151.0943,-33.327],[151.0922,-33.3375],[151.0946,-33.3373],[151.1023,-33.3413],[151.1052,-33.3442],[151.1063,-33.3496],[151.1086,-33.3542],[151.1104,-33.3549],[151.1151,-33.3611],[151.1139,-33.3641],[151.119,-33.3694],[151.1179,-33.3775],[151.1281,-33.3766],[151.1379,-33.3781],[151.1399,-33.3823],[151.1395,-33.3802],[151.1428,-33.3768],[151.1409,-33.3724],[151.1414,-33.3688],[151.1469,-33.3679],[151.1477,-33.3717],[151.1507,-33.372]]]},"properties":{"SAL_CODE21":"12481","SAL_NAME21":"Mangrove Creek","STE_CODE21":"1","STE_NAME21":"New South Wales","AUS_CODE21":"AUS","AUS_NAME21":"Australia","AREASQKM21":19.1924,"LOCI_URI21":"http://linked.data.gov.au/dataset/asgsed3/SAL/12481","SHAPE_Leng":0.252779925314,"SHAPE_Area":0.00185903946649}},
{"type":"Feature","geometry":{"type":"Polygon","coordinates":[[[151.2143,-33.3755],[151.2087,-33.3728],[151.2089,-33.3621],[151.2099,-33.3591],[151.2088,-33.3553],[151.2119,-33.3513],[151.2109,-33.3482],[151.2125,-33.3462],[151.2098,-33.3441],[151.2089,-33.3398],[151.2058,-33.3362],[151.2058,-33.3291],[151.2071,-33.3277],[151.2112,-33.3286],[151.217,-33.3253],[151.2202,-33.3257],[151.2224,-33.3137],[151.2243,-33.3091],[151.2227,-33.3076],[151.2249,-33.2962],[151.2222,-33.2919],[151.222,-33.2862],[151.2236,-33.2805],[151.2197,-33.279],[151.2219,-33.2708],[151.2125,-33.2717],[151.202,-33.2701],[151.1958,-33.2636],[151.1912,-33.262],[151.1868,-33.2645],[151.1835,-33.2647],[151.1792,-33.2633],[151.177,-33.2659],[151.1736,-33.266],[151.1731,-33.2692],[151.164,-33.269],[151.1566,-33.2703],[151.1547,-33.2762],[151.1551,-33.2811],[151.1494,-33.2803],[151.1476,-33.2902],[151.1533,-33.291],[151.1504,-33.2954],[151.147,-33.3123],[151.1448,-33.3151],[151.1434,-33.3231],[151.1452,-33.3233],[151.1428,-33.3337],[151.1465,-33.3342],[151.1456,-33.3386],[151.1455,-33.3423],[151.1498,-33.343],[151.1492,-33.3461],[151.1539,-33.3482],[151.1506,-33.3525],[151.1508,-33.3559],[151.1493,-33.366],[151.1516,-33.3664],[151.1507,-33.372],[151.1587,-33.3691],[151.1713,-33.3708],[151.1724,-33.3722],[151.1716,-33.3785],[151.1777,-33.3792],[151.1878,-33.3839],[151.209,-33.3873],[151.211,-33.3826],[151.2148,-33.3824],[151.2131,-33.378],[151.2143,-33.3755]]]},"properties":{"SAL_CODE21":"12482","SAL_NAME21":"Mangrove Mountain","STE_CODE21":"1","STE_NAME21":"New South Wales","AUS_CODE21":"AUS","AUS_NAME21":"Australia","AREASQKM21":76.8008,"LOCI_URI21":"http://linked.data.gov.au/dataset/asgsed3/SAL/12482","SHAPE_Leng":0.461633800025,"SHAPE_Area":0.00743675840228}},
{"type":"Feature","geometry":{"type":"Polygon","coordinates":[[[151.2772,-33.8002],[151.2819,-33.7987],[151.2858,-33.8004],[151.2865,-33.8023],[151.2832,-33.8053],[151.2887,-33.8082],[151.2899,-33.8115],[151.2869,-33.8128],[151.2857,-33.819],[151.289,-33.8206],[151.294,-33.8213],[151.3,-33.8239],[151.3019,-33.8213],[151.3034,-33.8128],[151.3062,-33.8117],[151.3076,-33.8077],[151.3043,-33.8069],[151.3022,-33.8027],[151.2986,-33.7994],[151.294,-33.8009],[151.2902,-33.799],[151.2881,-33.7945],[151.2881,-33.7887],[151.2892,-33.7862],[151.2839,-33.7845],[151.279,-33.7828],[151.2765,-33.7847],[151.2747,-33.7876],[151.2763,-33.7912],[151.2803,-33.7922],[151.2772,-33.8002]]]},"properties":{"SAL_CODE21":"12485","SAL_NAME21":"Manly (NSW)","STE_CODE21":"1","STE_NAME21":"New South Wales","AUS_CODE21":"AUS","AUS_NAME21":"Australia","AREASQKM21":5.5668,"LOCI_URI21":"http://linked.data.gov.au/dataset/asgsed3/SAL/12485","SHAPE_Leng":0.186943497959,"SHAPE_Area":0.000542059117979}},
{"type":"Feature","geometry":{"type":"Polygon","coordinates":[[[151.2556,-33.7838],[151.2607,-33.7846],[151.26,-33.7885],[151.2643,-33.7889],[151.2667,-33.7866],[151.2701,-33.7871],[151.2747,-33.7876],[151.2765,-33.7847],[151.274,-33.7774],[151.2707,-33.7754],[151.2667,-33.7764],[151.2643,-33.7785],[151.261,-33.777],[151.256,-33.7791],[151.2556,-33.7838]]]},"properties":{"SAL_CODE21":"12486","SAL_NAME21":"Manly Vale","STE_CODE21":"1","STE_NAME21":"New South Wales","AUS_CODE21":"AUS","AUS_NAME21":"Australia","AREASQKM21":1.9047,"LOCI_URI21":"http://linked.data.gov.au/dataset/asgsed3/SAL/12486","SHAPE_Leng":0.0667355487139,"SHAPE_Area":0.000185445776986}},
{"type":"Feature","geometry":{"type":"Polygon","coordinates":[[[151.5323,-33.184],[151.5375,-33.1842],[151.54,-33.1777],[151.5516,-33.1794],[151.5537,-33.1693],[151.5546,-33.1646],[151.5537,-33.1598],[151.544,-33.1561],[151.5442,-33.1508],[151.5417,-33.1492],[151.5421,-33.1455],[151.5403,-33.1433],[151.5352,-33.1482],[151.5335,-33.1535],[151.5303,-33.1603],[151.5264,-33.1561],[151.5276,-33.1615],[151.5293,-33.1646],[151.5297,-33.1695],[151.5262,-33.1745],[151.5271,-33.1803],[151.5323,-33.184]]]},"properties":{"SAL_CODE21":"12487","SAL_NAME21":"Mannering Park","STE_CODE21":"1","STE_NAME21":"New South Wales","AUS_CODE21":"AUS","AUS_NAME21":"Australia","AREASQKM21":7.1289,"LOCI_URI21":"http://linked.data.gov.au/dataset/asgsed3/SAL/12487","SHAPE_Leng":0.143723275216,"SHAPE_Area":0.000689153192549}},
{"type":"Feature","geometry":{"type":"Polygon","coordinates":[[[150.9353,-33.6286],[150.9338,-33.6264],[150.9366,-33.6232],[150.9355,-33.6183],[150.9303,-33.616],[150.9347,-33.6123],[150.9372,-33.6063],[150.9328,-33.605],[150.9302,-33.6018],[150.9301,-33.5995],[150.9335,-33.598],[150.9359,-33.5924],[150.9338,-33.5881],[150.9423,-33.5846],[150.943,-33.5814],[150.9398,-33.5787],[150.9418,-33.577],[150.9391,-33.5733],[150.9412,-33.5712],[150.9389,-33.5693],[150.9379,-33.5648],[150.9298,-33.5615],[150.9259,-33.5588],[150.9229,-33.5614],[150.9186,-33.5625],[150.9186,-33.5676],[150.9172,-33.5711],[150.9131,-33.5705],[150.9124,-33.574],[150.9047,-33.5725],[150.9036,-33.5745],[150.8944,-33.5709],[150.8912,-33.5721],[150.8885,-33.5747],[150.89,-33.5771],[150.8888,-33.5808],[150.8916,-33.5811],[150.892,-33.586],[150.8946,-33.5868],[150.9043,-33.5865],[150.9098,-33.5876],[150.9061,-33.5967],[150.9067,-33.6021],[150.9055,-33.6041],[150.9088,-33.6051],[150.9044,-33.6118],[150.915,-33.6168],[150.9232,-33.6198],[150.9201,-33.6244],[150.923,-33.6279],[150.9232,-33.6279],[150.9278,-33.6281],[150.9318,-33.63],[150.9353,-33.6286]]]},"properties":{"SAL_CODE21":"12494","SAL_NAME21":"Maraylya","STE_CODE21":"1","STE_NAME21":"New South Wales","AUS_CODE21":"AUS","AUS_NAME21":"Australia","AREASQKM21":19.4175,"LOCI_URI21":"http://linked.data.gov.au/dataset/asgsed3/SAL/12494","SHAPE_Leng":0.295852791719,"SHAPE_Area":0.00188595728817}},
{"type":"Feature","geometry":{"type":"Polygon","coordinates":[[[150.9018,-33.7514],[150.9003,-33.7468],[150.9002,-33.7416],[150.897,-33.7375],[150.8909,-33.7432],[150.8868,-33.7402],[150.8826,-33.743],[150.8798,-33.7473],[150.8873,-33.7522],[150.8984,-33.7609],[150.9003,-33.7537],[150.9018,-33.7514]]]},"properties":{"SAL_CODE21":"12495","SAL_NAME21":"Marayong","STE_CODE21":"1","STE_NAME21":"New South Wales","AUS_CODE21":"AUS","AUS_NAME21":"Australia","AREASQKM21":2.7059,"LOCI_URI21":"http://linked.data.gov.au/dataset/asgsed3/SAL/12495","SHAPE_Leng":0.0765642991172,"SHAPE_Area":0.000263287197878}},
{"type":"Feature","geometry":{"type":"Polygon","coordinates":[[[151.4009,-33.2756],[151.3973,-33.2744],[151.3937,-33.282],[151.3919,-33.2902],[151.3812,-33.2941],[151.3788,-33.2972],[151.3775,-33.3037],[151.3819,-33.3043],[151.3864,-33.3032],[151.391,-33.3065],[151.3929,-33.3114],[151.3994,-33.31],[151.4008,-33.3086],[151.4023,-33.3048],[151.4156,-33.3069],[151.4187,-33.2905],[151.4234,-33.2904],[151.4233,-33.2875],[151.4189,-33.2848],[151.4158,-33.2843],[151.4139,-33.2789],[151.4095,-33.2777],[151.4053,-33.2787],[151.4013,-33.2791],[151.4009,-33.2756]]]},"properties":{"SAL_CODE21":"12498","SAL_NAME21":"Mardi","STE_CODE21":"1","STE_NAME21":"New South Wales","AUS_CODE21":"AUS","AUS_NAME21":"Australia","AREASQKM21":9.4956,"LOCI_URI21":"http://linked.data.gov.au/dataset/asgsed3/SAL/12498","SHAPE_Leng":0.169670017431,"SHAPE_Area":0.000919199523211}},
{"type":"Feature","geometry":{"type":"Polygon","coordinates":[[[151.1772,-33.4738],[151.1778,-33.4702],[151.1735,-33.4697],[151.1742,-33.4655],[151.1687,-33.4647],[151.1667,-33.4606],[151.1597,-33.4599],[151.1644,-33.4635],[151.1659,-33.4662],[151.1702,-33.4677],[151.1692,-33.4695],[151.165,-33.4681],[151.1623,-33.4704],[151.1601,-33.4744],[151.1636,-33.4748],[151.1689,-33.4728],[151.1772,-33.4738]]]},"properties":{"SAL_CODE21":"12506","SAL_NAME21":"Marlow","STE_CODE21":"1","STE_NAME21":"New South Wales","AUS_CODE21":"AUS","AUS_NAME21":"Australia","AREASQKM21":1.1771,"LOCI_URI21":"http://linked.data.gov.au/dataset/asgsed3/SAL/12506","SHAPE_Leng":0.0851723463484,"SHAPE_Area":0.000114168333073}},
{"type":"Feature","geometry":{"type":"Polygon","coordinates":[[[151.0245,-33.4687],[151.0167,-33.4663],[151.0177,-33.4606],[151.02,-33.4551],[151.0145,-33.4543],[151.015,-33.4518],[151.0104,-33.4511],[151.0109,-33.4441],[151.0149,-33.4446],[151.0152,-33.4371],[151.0039,-33.4354],[151.0046,-33.4318],[151.007,-33.4285],[150.9981,-33.4272],[150.999,-33.423],[150.9983,-33.4176],[150.9983,-33.4099],[150.9962,-33.4096],[150.9931,-33.4115],[150.9793,-33.4095],[150.9799,-33.4116],[150.9727,-33.4175],[150.9717,-33.4205],[150.968,-33.4199],[150.9669,-33.425],[150.9671,-33.4294],[150.9701,-33.4299],[150.9718,-33.4358],[150.971,-33.4404],[150.9691,-33.4414],[150.9638,-33.4407],[150.9591,-33.4415],[150.9586,-33.444],[150.9545,-33.4434],[150.9429,-33.4399],[150.9393,-33.4382],[150.9384,-33.4427],[150.9352,-33.4467],[150.9393,-33.4473],[150.9384,-33.4519],[150.9277,-33.4504],[150.9273,-33.4523],[150.9188,-33.4511],[150.92,-33.462],[150.9307,-33.471],[150.9336,-33.4685],[150.9379,-33.4719],[150.9422,-33.4724],[150.9442,-33.4764],[150.9533,-33.4821],[150.9555,-33.482],[150.96,-33.4855],[150.9624,-33.4833],[150.9669,-33.4867],[150.9693,-33.4845],[150.9776,-33.49],[150.9896,-33.4931],[150.9929,-33.4953],[150.9959,-33.501],[150.9902,-33.5057],[150.9824,-33.5052],[150.9819,-33.5084],[150.9937,-33.5103],[151.0012,-33.5058],[151.0048,-33.5054],[151.0121,-33.5078],[151.0153,-33.5078],[151.0228,-33.5048],[151.0233,-33.5007],[151.0219,-33.4965],[151.0252,-33.4968],[151.0281,-33.4916],[151.0246,-33.4856],[151.0258,-33.482],[151.0249,-33.4792],[151.0263,-33.4727],[151.0245,-33.4687]]]},"properties":{"SAL_CODE21":"12510","SAL_NAME21":"Maroota","STE_CODE21":"1","STE_NAME21":"New South Wales","AUS_CODE21":"AUS","AUS_NAME21":"Australia","AREASQKM21":57.1141,"LOCI_URI21":"http://linked.data.gov.au/dataset/asgsed3/SAL/12510","SHAPE_Leng":0.468751437488,"SHAPE_Area":0.00553924472987}},
{"type":"Feature","geometry":{"type":"Polygon","coordinates":[[[151.2316,-33.9506],[151.2304,-33.9541],[151.2355,-33.9531],[151.2384,-33.9512],[151.2457,-33.958],[151.2485,-33.9543],[151.2528,-33.9535],[151.2539,-33.9518],[151.2583,-33.9538],[151.2573,-33.9491],[151.2592,-33.9453],[151.2618,-33.945],[151.2657,-33.9414],[151.2594,-33.9372],[151.2612,-33.9363],[151.2576,-33.9378],[151.2478,-33.9366],[151.2482,-33.9342],[151.2379,-33.9328],[151.238,-33.9347],[151.2303,-33.9336],[151.2285,-33.9401],[151.227,-33.9457],[151.23,-33.9475],[151.2316,-33.9506]]]},"properties":{"SAL_CODE21":"12511","SAL_NAME21":"Maroubra","STE_CODE21":"1","STE_NAME21":"New South Wales","AUS_CODE21":"AUS","AUS_NAME21":"Australia","AREASQKM21":5.9226,"LOCI_URI21":"http://linked.data.gov.au/dataset/asgsed3/SAL/12511","SHAPE_Leng":0.127471685376,"SHAPE_Area":0.00057766920029}},
{"type":"Feature","geometry":{"type":"Polygon","coordinates":[[[151.1366,-33.9141],[151.14,-33.9163],[151.1371,-33.9213],[151.1411,-33.9228],[151.148,-33.9213],[151.1507,-33.9231],[151.1552,-33.9241],[151.155,-33.9262],[151.1553,-33.9265],[151.1585,-33.9199],[151.1647,-33.9157],[151.1674,-33.914],[151.1752,-33.9089],[151.1733,-33.905],[151.1702,-33.9008],[151.1641,-33.8998],[151.1609,-33.8986],[151.1587,-33.8981],[151.1561,-33.9012],[151.1491,-33.901],[151.1488,-33.9037],[151.1441,-33.908],[151.1462,-33.9111],[151.1413,-33.9111],[151.1366,-33.9141]]]},"properties":{"SAL_CODE21":"12514","SAL_NAME21":"Marrickville","STE_CODE21":"1","STE_NAME21":"New South Wales","AUS_CODE21":"AUS","AUS_NAME21":"Australia","AREASQKM21":5.7714,"LOCI_URI21":"http://linked.data.gov.au/dataset/asgsed3/SAL/12514","SHAPE_Leng":0.125718142453,"SHAPE_Area":0.000562591063292}},
{"type":"Feature","geometry":{"type":"Polygon","coordinates":[[[150.8243,-33.6889],[150.8161,-33.6882],[150.813,-33.6899],[150.8065,-33.6893],[150.8055,-33.6963],[150.8067,-33.6995],[150.8121,-33.7039],[150.8171,-33.7055],[150.8168,-33.7072],[150.8135,-33.7239],[150.8189,-33.7245],[150.831,-33.7261],[150.8388,-33.7268],[150.8455,-33.7285],[150.8445,-33.7257],[150.8443,-33.7177],[150.8519,-33.7164],[150.8506,-33.7105],[150.8484,-33.7109],[150.8448,-33.6953],[150.8521,-33.6942],[150.8516,-33.6907],[150.8553,-33.6901],[150.8548,-33.688],[150.8513,-33.6868],[150.8472,-33.6901],[150.8355,-33.6919],[150.8332,-33.6937],[150.8322,-33.6978],[150.8243,-33.6889]]]},"properties":{"SAL_CODE21":"12515","SAL_NAME21":"Marsden Park","STE_CODE21":"1","STE_NAME21":"New South Wales","AUS_CODE21":"AUS","AUS_NAME21":"Australia","AREASQKM21":12.8957,"LOCI_URI21":"http://linked.data.gov.au/dataset/asgsed3/SAL/12515","SHAPE_Leng":0.204523174705,"SHAPE_Area":0.00125422151813}},
{"type":"Feature","geometry":{"type":"Polygon","coordinates":[[[151.1057,-33.7908],[151.1097,-33.7938],[151.1169,-33.7841],[151.1047,-33.7751],[151.1077,-33.7723],[151.1036,-33.7693],[151.1049,-33.7678],[151.1091,-33.7709],[151.1128,-33.7673],[151.1156,-33.7612],[151.109,-33.7625],[151.1054,-33.7612],[151.101,-33.7626],[151.0973,-33.7657],[151.0945,-33.7727],[151.0935,-33.7773],[151.1001,-33.7812],[151.1044,-33.7897],[151.1057,-33.7908]]]},"properties":{"SAL_CODE21":"12516","SAL_NAME21":"Marsfield","STE_CODE21":"1","STE_NAME21":"New South Wales","AUS_CODE21":"AUS","AUS_NAME21":"Australia","AREASQKM21":3.8632,"LOCI_URI21":"http://linked.data.gov.au/dataset/asgsed3/SAL/12516","SHAPE_Leng":0.131486583672,"SHAPE_Area":0.000376058899608}},
{"type":"Feature","geometry":{"type":"Polygon","coordinates":[[[151.1808,-33.9192],[151.1742,-33.925],[151.1651,-33.9297],[151.1605,-33.934],[151.1612,-33.9373],[151.1599,-33.9434],[151.1607,-33.9454],[151.1653,-33.9474],[151.168,-33.9498],[151.1757,-33.955],[151.1786,-33.9659],[151.1822,-33.9679],[151.1868,-33.965],[151.1853,-33.9625],[151.1822,-33.9612],[151.1808,-33.9557],[151.182,-33.9524],[151.1867,-33.9532],[151.1903,-33.9669],[151.1914,-33.9727],[151.1956,-33.9727],[151.1914,-33.9578],[151.1935,-33.9546],[151.1881,-33.9447],[151.1929,-33.9423],[151.193,-33.9396],[151.197,-33.9373],[151.2003,-33.9362],[151.2076,-33.9359],[151.2049,-33.9329],[151.2062,-33.927],[151.1954,-33.9255],[151.1964,-33.9214],[151.1808,-33.9192]]]},"properties":{"SAL_CODE21":"12529","SAL_NAME21":"Mascot","STE_CODE21":"1","STE_NAME21":"New South Wales","AUS_CODE21":"AUS","AUS_NAME21":"Australia","AREASQKM21":11.9607,"LOCI_URI21":"http://linked.data.gov.au/dataset/asgsed3/SAL/12529","SHAPE_Leng":0.233502812675,"SHAPE_Area":0.00116641184398}},
{"type":"Feature","geometry":{"type":"Polygon","coordinates":[[[151.419,-33.423],[151.4224,-33.422],[151.4231,-33.4184],[151.426,-33.4163],[151.4352,-33.4168],[151.4373,-33.4152],[151.4418,-33.4146],[151.4443,-33.4022],[151.4461,-33.4025],[151.4474,-33.3957],[151.4456,-33.3917],[151.4409,-33.3898],[151.4356,-33.3847],[151.4325,-33.3839],[151.4302,-33.3947],[151.426,-33.3941],[151.4237,-33.3991],[151.4147,-33.4031],[151.4031,-33.4178],[151.4031,-33.4208],[151.4108,-33.4218],[151.4104,-33.4237],[151.4165,-33.4245],[151.419,-33.423]]]},"properties":{"SAL_CODE21":"12530","SAL_NAME21":"Matcham","STE_CODE21":"1","STE_NAME21":"New South Wales","AUS_CODE21":"AUS","AUS_NAME21":"Australia","AREASQKM21":8.8479,"LOCI_URI21":"http://linked.data.gov.au/dataset/asgsed3/SAL/12530","SHAPE_Leng":0.156664081089,"SHAPE_Area":0.00085758397778}},
{"type":"Feature","geometry":{"type":"Polygon","coordinates":[[[151.2207,-33.9684],[151.2209,-33.969],[151.2218,-33.973],[151.226,-33.9761],[151.2327,-33.9746],[151.2367,-33.9769],[151.2367,-33.9758],[151.2365,-33.9734],[151.233,-33.9682],[151.2375,-33.9656],[151.2382,-33.962],[151.2462,-33.9635],[151.2457,-33.958],[151.2384,-33.9512],[151.2355,-33.9531],[151.2304,-33.9541],[151.2303,-33.9556],[151.2237,-33.9578],[151.2212,-33.9591],[151.2202,-33.9643],[151.2207,-33.9684]]]},"properties":{"SAL_CODE21":"12534","SAL_NAME21":"Matraville","STE_CODE21":"1","STE_NAME21":"New South Wales","AUS_CODE21":"AUS","AUS_NAME21":"Australia","AREASQKM21":3.933,"LOCI_URI21":"http://linked.data.gov.au/dataset/asgsed3/SAL/12534","SHAPE_Leng":0.0994096627975,"SHAPE_Area":0.00038365938562}},
{"type":"Feature","geometry":{"type":"Polygon","coordinates":[[[150.9883,-33.8239],[150.9901,-33.8212],[150.9941,-33.8214],[150.9936,-33.8185],[150.9833,-33.8192],[150.9883,-33.8239]]]},"properties":{"SAL_CODE21":"12548","SAL_NAME21":"Mays Hill","STE_CODE21":"1","STE_NAME21":"New South Wales","AUS_CODE21":"AUS","AUS_NAME21":"Australia","AREASQKM21":0.299,"LOCI_URI21":"http://linked.data.gov.au/dataset/asgsed3/SAL/12548","SHAPE_Leng":0.0284791350516,"SHAPE_Area":0.0000291483229464}},
{"type":"Feature","geometry":{"type":"Polygon","coordinates":[[[150.8556,-33.6125],[150.8505,-33.6086],[150.8487,-33.6059],[150.8425,-33.6011],[150.8412,-33.6024],[150.8391,-33.6069],[150.8361,-33.6089],[150.8304,-33.6098],[150.8256,-33.6068],[150.8285,-33.6099],[150.8294,-33.6154],[150.8325,-33.6151],[150.8361,-33.6205],[150.84,-33.6219],[150.8416,-33.6252],[150.8444,-33.6239],[150.8433,-33.6213],[150.8463,-33.6192],[150.8513,-33.6151],[150.858,-33.6147],[150.8556,-33.6125]]]},"properties":{"SAL_CODE21":"12552","SAL_NAME21":"McGraths Hill","STE_CODE21":"1","STE_NAME21":"New South Wales","AUS_CODE21":"AUS","AUS_NAME21":"Australia","AREASQKM21":3.0932,"LOCI_URI21":"http://linked.data.gov.au/dataset/asgsed3/SAL/12552","SHAPE_Leng":0.103313934631,"SHAPE_Area":0.000300490979884}},
{"type":"Feature","geometry":{"type":"Polygon","coordinates":[[[151.2057,-33.8427],[151.2005,-33.8404],[151.1998,-33.8419],[151.1999,-33.8446],[151.2024,-33.8464],[151.2027,-33.8493],[151.2058,-33.849],[151.2063,-33.8463],[151.2057,-33.8427]]]},"properties":{"SAL_CODE21":"12557","SAL_NAME21":"McMahons Point","STE_CODE21":"1","STE_NAME21":"New South Wales","AUS_CODE21":"AUS","AUS_NAME21":"Australia","AREASQKM21":0.3492,"LOCI_URI21":"http://linked.data.gov.au/dataset/asgsed3/SAL/12557","SHAPE_Leng":0.0346803615555,"SHAPE_Area":0.0000340041283996}},
{"type":"Feature","geometry":{"type":"Polygon","coordinates":[[[151.095,-33.8141],[151.0906,-33.8113],[151.0883,-33.8149],[151.0817,-33.8148],[151.0826,-33.8185],[151.0904,-33.8209],[151.0929,-33.8196],[151.0928,-33.816],[151.095,-33.8141]]]},"properties":{"SAL_CODE21":"12560","SAL_NAME21":"Meadowbank (NSW)","STE_CODE21":"1","STE_NAME21":"New South Wales","AUS_CODE21":"AUS","AUS_NAME21":"Australia","AREASQKM21":0.6855,"LOCI_URI21":"http://linked.data.gov.au/dataset/asgsed3/SAL/12560","SHAPE_Leng":0.0439175049946,"SHAPE_Area":0.0000667504457199}},
{"type":"Feature","geometry":{"type":"MultiPolygon","coordinates":[[[[150.2709,-33.6721],[150.2702,-33.6761],[150.273,-33.6765],[150.2712,-33.6858],[150.2735,-33.6861],[150.2743,-33.6818],[150.2795,-33.6825],[150.2791,-33.6868],[150.2863,-33.6878],[150.2856,-33.6914],[150.2916,-33.6923],[150.2909,-33.6878],[150.2955,-33.6859],[150.3033,-33.6807],[150.3062,-33.6788],[150.3056,-33.6766],[150.3086,-33.6718],[150.3095,-33.6671],[150.3036,-33.6692],[150.297,-33.6753],[150.289,-33.6779],[150.2844,-33.6695],[150.28,-33.6692],[150.275,-33.6685],[150.2742,-33.6724],[150.2709,-33.6721]]],[[[150.329,-33.6663],[150.3236,-33.6652],[150.3184,-33.6662],[150.3176,-33.6699],[150.3222,-33.6683],[150.3277,-33.6698],[150.329,-33.6663]]]]},"properties":{"SAL_CODE21":"12563","SAL_NAME21":"Medlow Bath","STE_CODE21":"1","STE_NAME21":"New South Wales","AUS_CODE21":"AUS","AUS_NAME21":"Australia","AREASQKM21":5.1978,"LOCI_URI21":"http://linked.data.gov.au/dataset/asgsed3/SAL/12563","SHAPE_Leng":0.177467465267,"SHAPE_Area":0.000505353289762}},
{"type":"Feature","geometry":{"type":"Polygon","coordinates":[[[150.2443,-33.6654],[150.2431,-33.6645],[150.2314,-33.663],[150.2289,-33.676],[150.2194,-33.6747],[150.2148,-33.6749],[150.2131,-33.6763],[150.2097,-33.6741],[150.2044,-33.6682],[150.1947,-33.6631],[150.1873,-33.6631],[150.175,-33.6602],[150.1725,-33.658],[150.1675,-33.658],[150.1682,-33.6609],[150.163,-33.6646],[150.1655,-33.6694],[150.1623,-33.673],[150.1571,-33.6761],[150.1622,-33.6814],[150.1567,-33.6859],[150.159,-33.6904],[150.162,-33.6888],[150.1648,-33.6812],[150.1704,-33.6768],[150.1772,-33.6788],[150.1815,-33.6785],[150.184,-33.6804],[150.1824,-33.6828],[150.176,-33.684],[150.1758,-33.6865],[150.1804,-33.6909],[150.1815,-33.6943],[150.1807,-33.7006],[150.1815,-33.7065],[150.1845,-33.71],[150.1807,-33.7144],[150.178,-33.7153],[150.1777,-33.721],[150.1818,-33.7225],[150.1907,-33.7191],[150.1925,-33.7157],[150.1955,-33.7129],[150.1995,-33.7135],[150.1991,-33.7168],[150.2023,-33.7181],[150.2063,-33.7141],[150.2123,-33.721],[150.2101,-33.7258],[150.2054,-33.7267],[150.2027,-33.7284],[150.1989,-33.7288],[150.1969,-33.7326],[150.1945,-33.7344],[150.1921,-33.7329],[150.1851,-33.7385],[150.1845,-33.7403],[150.1797,-33.7435],[150.1801,-33.7459],[150.1858,-33.7508],[150.1906,-33.7497],[150.1955,-33.7574],[150.1934,-33.7625],[150.1957,-33.7663],[150.1912,-33.77],[150.1904,-33.7749],[150.184,-33.7781],[150.1779,-33.778],[150.1793,-33.7822],[150.1779,-33.7862],[150.171,-33.7891],[150.1792,-33.7916],[150.1876,-33.7917],[150.1923,-33.7926],[150.195,-33.796],[150.1989,-33.7966],[150.2038,-33.7953],[150.22,-33.7976],[150.2216,-33.7898],[150.2264,-33.7889],[150.2308,-33.7907],[150.2348,-33.7905],[150.2362,-33.7839],[150.2349,-33.7803],[150.2393,-33.7588],[150.2442,-33.7595],[150.246,-33.7507],[150.2462,-33.7454],[150.2507,-33.7461],[150.2513,-33.7431],[150.2593,-33.7441],[150.2626,-33.7426],[150.2652,-33.7299],[150.2761,-33.7311],[150.2731,-33.7336],[150.2798,-33.7346],[150.2822,-33.7323],[150.2853,-33.73],[150.286,-33.7264],[150.2803,-33.7256],[150.2824,-33.7183],[150.2867,-33.7189],[150.2878,-33.7132],[150.2846,-33.7118],[150.2746,-33.7105],[150.2733,-33.7173],[150.2608,-33.7157],[150.2631,-33.7039],[150.2667,-33.7044],[150.2681,-33.6976],[150.2768,-33.6988],[150.2791,-33.6868],[150.2795,-33.6825],[150.2743,-33.6818],[150.2735,-33.6861],[150.2712,-33.6858],[150.273,-33.6765],[150.2702,-33.6761],[150.2709,-33.6721],[150.2645,-33.6714],[150.2638,-33.6753],[150.2524,-33.6731],[150.2437,-33.6741],[150.2398,-33.6728],[150.237,-33.669],[150.241,-33.666],[150.2443,-33.6654]]]},"properties":{"SAL_CODE21":"12567","SAL_NAME21":"Megalong Valley","STE_CODE21":"1","STE_NAME21":"New South Wales","AUS_CODE21":"AUS","AUS_NAME21":"Australia","AREASQKM21":96.0692,"LOCI_URI21":"http://linked.data.gov.au/dataset/asgsed3/SAL/12567","SHAPE_Leng":0.820187216659,"SHAPE_Area":0.0093449209855}},
{"type":"Feature","geometry":{"type":"Polygon","coordinates":[[[150.7115,-33.1959],[150.7161,-33.1946],[150.7207,-33.1951],[150.7285,-33.191],[150.736,-33.1914],[150.7393,-33.1892],[150.7398,-33.1869],[150.745,-33.1844],[150.7494,-33.186],[150.7555,-33.1841],[150.759,-33.1805],[150.7616,-33.1839],[150.7653,-33.1848],[150.7667,-33.1891],[150.7704,-33.19],[150.7744,-33.1872],[150.7818,-33.1873],[150.7847,-33.1845],[150.7882,-33.1864],[150.7921,-33.1834],[150.7954,-33.1848],[150.7983,-33.1842],[150.8053,-33.1867],[150.8111,-33.1908],[150.8112,-33.1928],[150.8162,-33.1935],[150.8185,-33.1919],[150.8255,-33.1931],[150.8259,-33.197],[150.8294,-33.1979],[150.8328,-33.1961],[150.8386,-33.1959],[150.8448,-33.1976],[150.8502,-33.1949],[150.8543,-33.1721],[150.8446,-33.1707],[150.8465,-33.1608],[150.8588,-33.1625],[150.8612,-33.1604],[150.8605,-33.1558],[150.8659,-33.1579],[150.8674,-33.153],[150.8618,-33.1479],[150.8605,-33.1437],[150.8658,-33.1386],[150.8655,-33.1317],[150.8711,-33.1301],[150.8771,-33.1325],[150.8769,-33.1272],[150.8812,-33.1264],[150.882,-33.1238],[150.8859,-33.1215],[150.8861,-33.1192],[150.8787,-33.1168],[150.8734,-33.1142],[150.8723,-33.1089],[150.8708,-33.1072],[150.8725,-33.1043],[150.8666,-33.1024],[150.8653,-33.0993],[150.8617,-33.0976],[150.8581,-33.0939],[150.8534,-33.0943],[150.8515,-33.0976],[150.8475,-33.0985],[150.8483,-33.0928],[150.8515,-33.0889],[150.8492,-33.0868],[150.8531,-33.083],[150.8491,-33.0799],[150.8484,-33.0745],[150.8556,-33.0706],[150.8513,-33.0662],[150.8535,-33.0636],[150.8573,-33.0639],[150.859,-33.0611],[150.8537,-33.0595],[150.8551,-33.0563],[150.8537,-33.0532],[150.8471,-33.0521],[150.8529,-33.0489],[150.8542,-33.0461],[150.8498,-33.0459],[150.851,-33.0422],[150.8537,-33.0436],[150.858,-33.0431],[150.8579,-33.0399],[150.8528,-33.0368],[150.8553,-33.0326],[150.8518,-33.0303],[150.849,-33.0338],[150.8458,-33.0351],[150.843,-33.0333],[150.8381,-33.0343],[150.8357,-33.0307],[150.8316,-33.0333],[150.8297,-33.0292],[150.8265,-33.0261],[150.82,-33.0238],[150.8175,-33.0184],[150.8204,-33.0174],[150.8191,-33.0144],[150.8142,-33.0154],[150.8123,-33.0119],[150.8067,-33.0111],[150.8048,-33.006],[150.7638,-33.0003],[150.758,-33.0308],[150.6741,-33.0195],[150.6714,-33.0241],[150.6724,-33.0268],[150.679,-33.0277],[150.6819,-33.0315],[150.6831,-33.0401],[150.6814,-33.0415],[150.6821,-33.0447],[150.6909,-33.0441],[150.6948,-33.0421],[150.7002,-33.0424],[150.7056,-33.0447],[150.7064,-33.0486],[150.7052,-33.0543],[150.7074,-33.0588],[150.7166,-33.0653],[150.7181,-33.0686],[150.7279,-33.072],[150.6302,-33.0586],[150.6283,-33.061],[150.6107,-33.0661],[150.6117,-33.0705],[150.6086,-33.0705],[150.6065,-33.0746],[150.6125,-33.0722],[150.6098,-33.0833],[150.6136,-33.0892],[150.6089,-33.0892],[150.6123,-33.0926],[150.6109,-33.0987],[150.6071,-33.1009],[150.6168,-33.1036],[150.6197,-33.11],[150.6137,-33.11],[150.61,-33.1083],[150.6093,-33.1119],[150.612,-33.1149],[150.6117,-33.1194],[150.6083,-33.1197],[150.6066,-33.1245],[150.6027,-33.1226],[150.5987,-33.1246],[150.5995,-33.1279],[150.6051,-33.1325],[150.6105,-33.135],[150.6118,-33.1385],[150.6102,-33.1429],[150.6045,-33.1473],[150.5989,-33.1454],[150.5957,-33.1452],[150.5932,-33.1475],[150.5879,-33.1474],[150.5864,-33.1517],[150.5898,-33.1603],[150.5854,-33.1618],[150.5856,-33.166],[150.5972,-33.1674],[150.5994,-33.1712],[150.5996,-33.1752],[150.6031,-33.1796],[150.6023,-33.1842],[150.6041,-33.1865],[150.6107,-33.1869],[150.6151,-33.1855],[150.6192,-33.1866],[150.6263,-33.1853],[150.6364,-33.1804],[150.6428,-33.1804],[150.6548,-33.1826],[150.66,-33.1816],[150.6677,-33.1834],[150.6725,-33.1823],[150.6774,-33.1826],[150.6873,-33.1865],[150.6975,-33.1891],[150.7002,-33.1911],[150.7004,-33.1942],[150.7115,-33.1959]]]},"properties":{"SAL_CODE21":"12571","SAL_NAME21":"Mellong","STE_CODE21":"1","STE_NAME21":"New South Wales","AUS_CODE21":"AUS","AUS_NAME21":"Australia","AREASQKM21":402.086,"LOCI_URI21":"http://linked.data.gov.au/dataset/asgsed3/SAL/12571","SHAPE_Leng":1.32455523273,"SHAPE_Area":0.0388431307784}},
{"type":"Feature","geometry":{"type":"Polygon","coordinates":[[[150.8124,-33.6776],[150.8075,-33.6781],[150.805,-33.6748],[150.7993,-33.6756],[150.7968,-33.6791],[150.7951,-33.685],[150.7904,-33.6867],[150.7898,-33.6899],[150.7862,-33.691],[150.7867,-33.6926],[150.785,-33.7028],[150.8168,-33.7072],[150.8171,-33.7055],[150.8121,-33.7039],[150.8067,-33.6995],[150.8055,-33.6963],[150.8065,-33.6893],[150.813,-33.6899],[150.8161,-33.6882],[150.8243,-33.6889],[150.8211,-33.6854],[150.8124,-33.6776]]]},"properties":{"SAL_CODE21":"12573","SAL_NAME21":"Melonba","STE_CODE21":"1","STE_NAME21":"New South Wales","AUS_CODE21":"AUS","AUS_NAME21":"Australia","AREASQKM21":6.4715,"LOCI_URI21":"http://linked.data.gov.au/dataset/asgsed3/SAL/12573","SHAPE_Leng":0.155067530093,"SHAPE_Area":0.000629279956223}},
{"type":"Feature","geometry":{"type":"Polygon","coordinates":[[[151.0675,-33.8226],[151.073,-33.8187],[151.0762,-33.8196],[151.0826,-33.8185],[151.0817,-33.8148],[151.0767,-33.8163],[151.072,-33.8073],[151.0705,-33.8071],[151.0665,-33.8087],[151.0662,-33.8106],[151.068,-33.818],[151.0675,-33.8226]]]},"properties":{"SAL_CODE21":"12574","SAL_NAME21":"Melrose Park (NSW)","STE_CODE21":"1","STE_NAME21":"New South Wales","AUS_CODE21":"AUS","AUS_NAME21":"Australia","AREASQKM21":1.2776,"LOCI_URI21":"http://linked.data.gov.au/dataset/asgsed3/SAL/12574","SHAPE_Leng":0.0609112907588,"SHAPE_Area":0.000124415720731}},
{"type":"Feature","geometry":{"type":"Polygon","coordinates":[[[151.0158,-33.9829],[151.0156,-33.9821],[151.0121,-33.9836],[151.0059,-33.9825],[151.0042,-33.9794],[150.9992,-33.9829],[150.9945,-33.9798],[150.9916,-33.9794],[150.9918,-33.9811],[150.9927,-33.9889],[150.9957,-33.9912],[150.9967,-33.9941],[150.9945,-34.0024],[150.9835,-34.0148],[150.9806,-34.0172],[150.9794,-34.0235],[150.9834,-34.0234],[150.9871,-34.0191],[150.9913,-34.0244],[150.9957,-34.0256],[151,-34.0233],[151.0035,-34.0249],[151.0081,-34.0239],[151.0154,-34.025],[151.0189,-34.0242],[151.02,-34.0208],[151.0224,-34.0203],[151.0225,-34.0139],[151.0241,-34.0059],[151.0216,-34.0068],[151.0139,-34.006],[151.0199,-34.0028],[151.0261,-33.9985],[151.0141,-33.996],[151.0179,-33.9928],[151.0184,-33.9889],[151.0158,-33.9829]]]},"properties":{"SAL_CODE21":"12578","SAL_NAME21":"Menai","STE_CODE21":"1","STE_NAME21":"New South Wales","AUS_CODE21":"AUS","AUS_NAME21":"Australia","AREASQKM21":12.9444,"LOCI_URI21":"http://linked.data.gov.au/dataset/asgsed3/SAL/12578","SHAPE_Leng":0.215666922246,"SHAPE_Area":0.00126327149836}},
{"type":"Feature","geometry":{"type":"Polygon","coordinates":[[[150.7521,-34.1639],[150.7547,-34.1618],[150.7523,-34.1556],[150.7498,-34.1521],[150.7518,-34.1465],[150.7563,-34.1413],[150.7552,-34.1361],[150.7501,-34.1323],[150.7559,-34.1248],[150.7561,-34.1206],[150.7526,-34.1172],[150.7462,-34.1167],[150.7401,-34.1184],[150.737,-34.1128],[150.7368,-34.1098],[150.7386,-34.0981],[150.7294,-34.0967],[150.7279,-34.1041],[150.7247,-34.1037],[150.723,-34.1122],[150.7202,-34.1122],[150.7108,-34.1088],[150.7094,-34.1122],[150.6977,-34.1082],[150.696,-34.1117],[150.699,-34.1213],[150.6935,-34.1271],[150.691,-34.1295],[150.6936,-34.1343],[150.6931,-34.1362],[150.695,-34.1405],[150.6936,-34.1451],[150.6806,-34.1484],[150.68,-34.1514],[150.6859,-34.1522],[150.685,-34.1571],[150.6875,-34.1574],[150.6867,-34.1613],[150.6907,-34.1619],[150.6894,-34.168],[150.6947,-34.1682],[150.6953,-34.17],[150.7039,-34.1703],[150.7125,-34.1695],[150.7149,-34.1583],[150.7183,-34.1592],[150.7218,-34.1576],[150.7339,-34.1593],[150.7347,-34.1622],[150.7389,-34.1619],[150.7519,-34.1638],[150.7521,-34.1639]]]},"properties":{"SAL_CODE21":"12579","SAL_NAME21":"Menangle","STE_CODE21":"1","STE_NAME21":"New South Wales","AUS_CODE21":"AUS","AUS_NAME21":"Australia","AREASQKM21":34.0936,"LOCI_URI21":"http://linked.data.gov.au/dataset/asgsed3/SAL/12579","SHAPE_Leng":0.318057273817,"SHAPE_Area":0.00333232905163}},
{"type":"Feature","geometry":{"type":"Polygon","coordinates":[[[150.7386,-34.0981],[150.7368,-34.1098],[150.737,-34.1128],[150.7401,-34.1184],[150.7462,-34.1167],[150.7526,-34.1172],[150.7561,-34.1206],[150.7588,-34.1159],[150.7621,-34.1069],[150.7639,-34.1058],[150.7744,-34.1071],[150.7763,-34.1053],[150.7769,-34.1017],[150.7752,-34.099],[150.7494,-34.0953],[150.7519,-34.0912],[150.7562,-34.0874],[150.762,-34.0846],[150.756,-34.0817],[150.7544,-34.0794],[150.7421,-34.0807],[150.741,-34.0833],[150.7396,-34.0964],[150.7386,-34.0981]]]},"properties":{"SAL_CODE21":"12580","SAL_NAME21":"Menangle Park","STE_CODE21":"1","STE_NAME21":"New South Wales","AUS_CODE21":"AUS","AUS_NAME21":"Australia","AREASQKM21":8.7197,"LOCI_URI21":"http://linked.data.gov.au/dataset/asgsed3/SAL/12580","SHAPE_Leng":0.16072061577,"SHAPE_Area":0.000851900758598}},
{"type":"Feature","geometry":{"type":"Polygon","coordinates":[[[150.9961,-33.8338],[150.9924,-33.833],[150.9943,-33.8267],[150.9943,-33.8266],[150.9883,-33.8239],[150.9833,-33.8192],[150.9817,-33.8186],[150.9806,-33.8228],[150.9767,-33.8221],[150.9761,-33.8246],[150.9722,-33.8239],[150.9694,-33.8248],[150.9695,-33.8289],[150.9626,-33.8285],[150.9626,-33.8308],[150.977,-33.8339],[150.9742,-33.8447],[150.9906,-33.8479],[150.9926,-33.8455],[150.9959,-33.8485],[150.9994,-33.8489],[151.001,-33.8518],[151.0066,-33.8513],[151.0077,-33.8463],[151.0066,-33.8418],[151.0008,-33.84],[151.0018,-33.8371],[150.9961,-33.8338]]]},"properties":{"SAL_CODE21":"12599","SAL_NAME21":"Merrylands","STE_CODE21":"1","STE_NAME21":"New South Wales","AUS_CODE21":"AUS","AUS_NAME21":"Australia","AREASQKM21":6.7259,"LOCI_URI21":"http://linked.data.gov.au/dataset/asgsed3/SAL/12599","SHAPE_Leng":0.163231577187,"SHAPE_Area":0.000655137147304}},
{"type":"Feature","geometry":{"type":"Polygon","coordinates":[[[150.958,-33.838],[150.9617,-33.8386],[150.9659,-33.8411],[150.9697,-33.8446],[150.9742,-33.8447],[150.977,-33.8339],[150.9626,-33.8308],[150.9603,-33.8303],[150.958,-33.838]]]},"properties":{"SAL_CODE21":"12600","SAL_NAME21":"Merrylands West","STE_CODE21":"1","STE_NAME21":"New South Wales","AUS_CODE21":"AUS","AUS_NAME21":"Australia","AREASQKM21":1.7354,"LOCI_URI21":"http://linked.data.gov.au/dataset/asgsed3/SAL/12600","SHAPE_Leng":0.0580136842999,"SHAPE_Area":0.000169031969389}},
{"type":"Feature","geometry":{"type":"Polygon","coordinates":[[[151.2018,-33.7874],[151.203,-33.7902],[151.2063,-33.7902],[151.2082,-33.7947],[151.2095,-33.7976],[151.2132,-33.7966],[151.2176,-33.7972],[151.2227,-33.7955],[151.2196,-33.792],[151.2168,-33.7928],[151.2149,-33.7906],[151.2122,-33.7908],[151.2059,-33.7869],[151.2018,-33.7874]]]},"properties":{"SAL_CODE21":"12613","SAL_NAME21":"Middle Cove","STE_CODE21":"1","STE_NAME21":"New South Wales","AUS_CODE21":"AUS","AUS_NAME21":"Australia","AREASQKM21":1.0362,"LOCI_URI21":"http://linked.data.gov.au/dataset/asgsed3/SAL/12613","SHAPE_Leng":0.0612777265614,"SHAPE_Area":0.000100877556545}},
{"type":"Feature","geometry":{"type":"Polygon","coordinates":[[[151.0335,-33.6545],[151.0306,-33.6483],[151.0301,-33.6429],[151.032,-33.6391],[151.0307,-33.6368],[151.0225,-33.6352],[151.022,-33.6274],[151.0236,-33.6238],[151.0123,-33.6223],[151.0111,-33.6262],[151.0026,-33.626],[151.0027,-33.6248],[150.9937,-33.6238],[150.987,-33.6242],[150.9867,-33.6261],[150.9932,-33.6269],[150.9924,-33.6314],[150.996,-33.6338],[151.0014,-33.6354],[151.004,-33.6378],[151.0038,-33.6415],[151.0061,-33.6418],[151.0066,-33.6462],[151.0055,-33.6499],[151.0069,-33.6507],[151.0176,-33.6522],[151.0202,-33.6507],[151.0273,-33.6516],[151.0257,-33.6534],[151.0335,-33.6545]]]},"properties":{"SAL_CODE21":"12614","SAL_NAME21":"Middle Dural","STE_CODE21":"1","STE_NAME21":"New South Wales","AUS_CODE21":"AUS","AUS_NAME21":"Australia","AREASQKM21":7.6599,"LOCI_URI21":"http://linked.data.gov.au/dataset/asgsed3/SAL/12614","SHAPE_Leng":0.165665408537,"SHAPE_Area":0.000744391066049}},
{"type":"Feature","geometry":{"type":"Polygon","coordinates":[[[150.8358,-33.9114],[150.8339,-33.9214],[150.8489,-33.9235],[150.8526,-33.9189],[150.8491,-33.9132],[150.8466,-33.9059],[150.8441,-33.9016],[150.8373,-33.905],[150.838,-33.9092],[150.8358,-33.9114]]]},"properties":{"SAL_CODE21":"12618","SAL_NAME21":"Middleton Grange","STE_CODE21":"1","STE_NAME21":"New South Wales","AUS_CODE21":"AUS","AUS_NAME21":"Australia","AREASQKM21":2.5546,"LOCI_URI21":"http://linked.data.gov.au/dataset/asgsed3/SAL/12618","SHAPE_Leng":0.0689288698857,"SHAPE_Area":0.000249032199238}},
{"type":"Feature","geometry":{"type":"Polygon","coordinates":[[[150.8746,-33.9135],[150.8717,-33.9272],[150.8737,-33.9277],[150.879,-33.9251],[150.8809,-33.9262],[150.887,-33.9216],[150.8894,-33.9225],[150.8851,-33.9194],[150.8813,-33.9179],[150.8773,-33.9143],[150.8746,-33.9135]]]},"properties":{"SAL_CODE21":"12628","SAL_NAME21":"Miller","STE_CODE21":"1","STE_NAME21":"New South Wales","AUS_CODE21":"AUS","AUS_NAME21":"Australia","AREASQKM21":1.2705,"LOCI_URI21":"http://linked.data.gov.au/dataset/asgsed3/SAL/12628","SHAPE_Leng":0.0598591320556,"SHAPE_Area":0.000123856252995}},
{"type":"Feature","geometry":{"type":"Polygon","coordinates":[[[151.203,-33.8631],[151.2055,-33.8634],[151.2069,-33.8589],[151.2046,-33.8566],[151.2028,-33.8563],[151.203,-33.8631]]]},"properties":{"SAL_CODE21":"12630","SAL_NAME21":"Millers Point","STE_CODE21":"1","STE_NAME21":"New South Wales","AUS_CODE21":"AUS","AUS_NAME21":"Australia","AREASQKM21":0.2512,"LOCI_URI21":"http://linked.data.gov.au/dataset/asgsed3/SAL/12630","SHAPE_Leng":0.0291677381642,"SHAPE_Area":0.0000244761973106}},
{"type":"Feature","geometry":{"type":"Polygon","coordinates":[[[150.979,-33.9293],[150.9736,-33.9289],[150.9686,-33.9311],[150.9675,-33.9328],[150.9686,-33.9382],[150.9662,-33.9436],[150.9707,-33.9469],[150.9733,-33.9514],[150.9789,-33.9533],[150.9806,-33.9537],[150.9824,-33.9446],[150.9902,-33.9436],[150.9959,-33.9438],[151.001,-33.9426],[150.9971,-33.9405],[150.9972,-33.9328],[150.9983,-33.9315],[150.989,-33.9296],[150.9875,-33.9285],[150.979,-33.9293]]]},"properties":{"SAL_CODE21":"12636","SAL_NAME21":"Milperra","STE_CODE21":"1","STE_NAME21":"New South Wales","AUS_CODE21":"AUS","AUS_NAME21":"Australia","AREASQKM21":5.3711,"LOCI_URI21":"http://linked.data.gov.au/dataset/asgsed3/SAL/12636","SHAPE_Leng":0.110144570211,"SHAPE_Area":0.00052376187283}},
{"type":"Feature","geometry":{"type":"MultiPolygon","coordinates":[[[[151.1795,-33.5218],[151.1775,-33.5181],[151.1745,-33.5153],[151.1736,-33.521],[151.1795,-33.5218]]],[[[151.1786,-33.5155],[151.1829,-33.5162],[151.1804,-33.5102],[151.1779,-33.5105],[151.1786,-33.5155]]]]},"properties":{"SAL_CODE21":"12639","SAL_NAME21":"Milsons Passage","STE_CODE21":"1","STE_NAME21":"New South Wales","AUS_CODE21":"AUS","AUS_NAME21":"Australia","AREASQKM21":0.6383,"LOCI_URI21":"http://linked.data.gov.au/dataset/asgsed3/SAL/12639","SHAPE_Leng":0.0543623710706,"SHAPE_Area":0.0000619405546458}},
{"type":"Feature","geometry":{"type":"Polygon","coordinates":[[[151.2117,-33.8437],[151.2106,-33.8437],[151.2094,-33.8462],[151.2097,-33.8485],[151.2139,-33.8497],[151.2117,-33.8437]]]},"properties":{"SAL_CODE21":"12640","SAL_NAME21":"Milsons Point","STE_CODE21":"1","STE_NAME21":"New South Wales","AUS_CODE21":"AUS","AUS_NAME21":"Australia","AREASQKM21":0.1981,"LOCI_URI21":"http://linked.data.gov.au/dataset/asgsed3/SAL/12640","SHAPE_Leng":0.0249740582815,"SHAPE_Area":0.00001932110128}},
{"type":"Feature","geometry":{"type":"Polygon","coordinates":[[[150.8119,-33.7907],[150.8276,-33.7905],[150.8361,-33.792],[150.8473,-33.7954],[150.8527,-33.7965],[150.8546,-33.7908],[150.8543,-33.7887],[150.8434,-33.7861],[150.8271,-33.7822],[150.8105,-33.7782],[150.8034,-33.7768],[150.8034,-33.7769],[150.8081,-33.7813],[150.8094,-33.7879],[150.8119,-33.7907]]]},"properties":{"SAL_CODE21":"12644","SAL_NAME21":"Minchinbury","STE_CODE21":"1","STE_NAME21":"New South Wales","AUS_CODE21":"AUS","AUS_NAME21":"Australia","AREASQKM21":4.1856,"LOCI_URI21":"http://linked.data.gov.au/dataset/asgsed3/SAL/12644","SHAPE_Leng":0.127174228551,"SHAPE_Area":0.000407437935103}},
{"type":"Feature","geometry":{"type":"Polygon","coordinates":[[[150.8348,-34.0226],[150.8265,-34.0374],[150.8294,-34.0424],[150.8295,-34.0455],[150.8333,-34.0465],[150.8368,-34.0499],[150.8389,-34.0483],[150.8424,-34.042],[150.8552,-34.0457],[150.8556,-34.0456],[150.8596,-34.0373],[150.8666,-34.0253],[150.8726,-34.02],[150.8679,-34.0143],[150.8599,-34.0168],[150.8595,-34.0156],[150.848,-34.0136],[150.8466,-34.0169],[150.8429,-34.0177],[150.8396,-34.0213],[150.8348,-34.0226]]]},"properties":{"SAL_CODE21":"12653","SAL_NAME21":"Minto","STE_CODE21":"1","STE_NAME21":"New South Wales","AUS_CODE21":"AUS","AUS_NAME21":"Australia","AREASQKM21":9.5678,"LOCI_URI21":"http://linked.data.gov.au/dataset/asgsed3/SAL/12653","SHAPE_Leng":0.14256548062,"SHAPE_Area":0.000934021756155}},
{"type":"Feature","geometry":{"type":"Polygon","coordinates":[[[150.8865,-34.0249],[150.8844,-34.0224],[150.8815,-34.0229],[150.878,-34.0202],[150.8763,-34.0218],[150.8726,-34.02],[150.8666,-34.0253],[150.8596,-34.0373],[150.8556,-34.0456],[150.8576,-34.046],[150.863,-34.0438],[150.8663,-34.0472],[150.8736,-34.0445],[150.8764,-34.0465],[150.881,-34.0432],[150.8821,-34.0389],[150.8859,-34.0394],[150.887,-34.0426],[150.8925,-34.0431],[150.8944,-34.0401],[150.8906,-34.0384],[150.8873,-34.0337],[150.8861,-34.0287],[150.8865,-34.0249]]]},"properties":{"SAL_CODE21":"12654","SAL_NAME21":"Minto Heights","STE_CODE21":"1","STE_NAME21":"New South Wales","AUS_CODE21":"AUS","AUS_NAME21":"Australia","AREASQKM21":5.9613,"LOCI_URI21":"http://linked.data.gov.au/dataset/asgsed3/SAL/12654","SHAPE_Leng":0.130519513296,"SHAPE_Area":0.000581953388756}},
{"type":"Feature","geometry":{"type":"Polygon","coordinates":[[[151.1205,-34.0265],[151.1179,-34.0268],[151.1154,-34.024],[151.1087,-34.0256],[151.1069,-34.0222],[151.0947,-34.0205],[151.0938,-34.0245],[151.0912,-34.0392],[151.0899,-34.0425],[151.0964,-34.0435],[151.1002,-34.0438],[151.1013,-34.0415],[151.1052,-34.0421],[151.1086,-34.0446],[151.1112,-34.0433],[151.1117,-34.0416],[151.1154,-34.0295],[151.1201,-34.0283],[151.1205,-34.0265]]]},"properties":{"SAL_CODE21":"12656","SAL_NAME21":"Miranda (NSW)","STE_CODE21":"1","STE_NAME21":"New South Wales","AUS_CODE21":"AUS","AUS_NAME21":"Australia","AREASQKM21":4.708,"LOCI_URI21":"http://linked.data.gov.au/dataset/asgsed3/SAL/12656","SHAPE_Leng":0.111209546081,"SHAPE_Area":0.000459551185513}},
{"type":"Feature","geometry":{"type":"Polygon","coordinates":[[[151.1287,-33.0929],[151.125,-33.0927],[151.1171,-33.0905],[151.1145,-33.0912],[151.1124,-33.0881],[151.1091,-33.086],[151.1085,-33.0839],[151.104,-33.077],[151.0983,-33.0783],[151.093,-33.0766],[151.0892,-33.0782],[151.0839,-33.0752],[151.0759,-33.0773],[151.0704,-33.0775],[151.0696,-33.0797],[151.063,-33.0813],[151.0597,-33.0797],[151.0525,-33.0799],[151.0467,-33.0882],[151.0418,-33.0913],[151.0424,-33.094],[151.0402,-33.0959],[151.0378,-33.1054],[151.0391,-33.107],[151.0386,-33.1108],[151.0354,-33.1175],[151.0372,-33.1235],[151.0324,-33.1311],[151.031,-33.1402],[151.0313,-33.1435],[151.0243,-33.1542],[151.0253,-33.1576],[151.0244,-33.1598],[151.0258,-33.1648],[151.024,-33.1719],[151.0247,-33.1799],[151.0258,-33.1836],[151.0292,-33.1855],[151.0315,-33.1901],[151.0297,-33.1988],[151.0344,-33.199],[151.0418,-33.2006],[151.0505,-33.2089],[151.0573,-33.2123],[151.0575,-33.2157],[151.0631,-33.2176],[151.066,-33.214],[151.0694,-33.2148],[151.0736,-33.2139],[151.079,-33.2164],[151.081,-33.2138],[151.0811,-33.2103],[151.085,-33.2115],[151.0893,-33.2109],[151.0906,-33.2155],[151.0983,-33.2165],[151.099,-33.2108],[151.0984,-33.2024],[151.1004,-33.1955],[151.0967,-33.1935],[151.1,-33.1839],[151.1042,-33.1812],[151.1011,-33.1774],[151.1006,-33.1711],[151.1018,-33.1679],[151.101,-33.1626],[151.1058,-33.1515],[151.0997,-33.1444],[151.101,-33.1387],[151.1031,-33.1345],[151.099,-33.1292],[151.095,-33.1261],[151.101,-33.1198],[151.1008,-33.1151],[151.1025,-33.1123],[151.107,-33.1121],[151.1116,-33.1084],[151.1125,-33.1043],[151.1152,-33.1028],[151.1171,-33.0994],[151.1233,-33.0972],[151.1287,-33.0929]]]},"properties":{"SAL_CODE21":"12673","SAL_NAME21":"Mogo Creek","STE_CODE21":"1","STE_NAME21":"New South Wales","AUS_CODE21":"AUS","AUS_NAME21":"Australia","AREASQKM21":97.1593,"LOCI_URI21":"http://linked.data.gov.au/dataset/asgsed3/SAL/12673","SHAPE_Leng":0.497478417108,"SHAPE_Area":0.0093895247527}},
{"type":"Feature","geometry":{"type":"Polygon","coordinates":[[[151.2851,-33.675],[151.2897,-33.6761],[151.2923,-33.6789],[151.3021,-33.686],[151.3027,-33.6886],[151.3092,-33.6889],[151.3106,-33.6844],[151.3163,-33.6758],[151.3204,-33.6746],[151.3182,-33.6705],[151.3163,-33.6707],[151.3106,-33.6668],[151.307,-33.6626],[151.3011,-33.6673],[151.2988,-33.67],[151.294,-33.6715],[151.288,-33.6692],[151.2851,-33.675]]]},"properties":{"SAL_CODE21":"12683","SAL_NAME21":"Mona Vale","STE_CODE21":"1","STE_NAME21":"New South Wales","AUS_CODE21":"AUS","AUS_NAME21":"Australia","AREASQKM21":4.6197,"LOCI_URI21":"http://linked.data.gov.au/dataset/asgsed3/SAL/12683","SHAPE_Leng":0.134783636868,"SHAPE_Area":0.000449149387889}},
{"type":"Feature","geometry":{"type":"Polygon","coordinates":[[[151.145,-33.9654],[151.1447,-33.9654],[151.1446,-33.9695],[151.1429,-33.9728],[151.1416,-33.9782],[151.1433,-33.9785],[151.15,-33.9791],[151.1511,-33.9743],[151.1548,-33.9667],[151.145,-33.9654]]]},"properties":{"SAL_CODE21":"12697","SAL_NAME21":"Monterey","STE_CODE21":"1","STE_NAME21":"New South Wales","AUS_CODE21":"AUS","AUS_NAME21":"Australia","AREASQKM21":1.1522,"LOCI_URI21":"http://linked.data.gov.au/dataset/asgsed3/SAL/12697","SHAPE_Leng":0.0459002024675,"SHAPE_Area":0.000112411111335}},
{"type":"Feature","geometry":{"type":"MultiPolygon","coordinates":[[[[151.1924,-33.5232],[151.1953,-33.5246],[151.1981,-33.53],[151.1965,-33.5326],[151.2,-33.536],[151.2035,-33.5281],[151.2023,-33.522],[151.1993,-33.522],[151.1986,-33.5166],[151.1958,-33.5179],[151.1951,-33.5236],[151.1924,-33.5232]]],[[[151.2104,-33.5212],[151.2119,-33.519],[151.2116,-33.5143],[151.2088,-33.5122],[151.2074,-33.5082],[151.2042,-33.5079],[151.2015,-33.5086],[151.2062,-33.509],[151.2076,-33.5136],[151.21,-33.5133],[151.2104,-33.5212]]],[[[151.2045,-33.5328],[151.2102,-33.5335],[151.216,-33.5323],[151.2157,-33.5284],[151.2117,-33.528],[151.2045,-33.5328]]]]},"properties":{"SAL_CODE21":"12715","SAL_NAME21":"Mooney Mooney","STE_CODE21":"1","STE_NAME21":"New South Wales","AUS_CODE21":"AUS","AUS_NAME21":"Australia","AREASQKM21":1.9001,"LOCI_URI21":"http://linked.data.gov.au/dataset/asgsed3/SAL/12715","SHAPE_Leng":0.167325931942,"SHAPE_Area":0.0001844148619}},
{"type":"Feature","geometry":{"type":"Polygon","coordinates":[[[151.1914,-33.5081],[151.1946,-33.5086],[151.1949,-33.4986],[151.1936,-33.4952],[151.1952,-33.4892],[151.1977,-33.486],[151.2026,-33.4821],[151.2023,-33.4776],[151.2102,-33.4768],[151.2123,-33.4743],[151.2196,-33.4735],[151.2205,-33.4757],[151.2272,-33.4749],[151.2288,-33.4727],[151.232,-33.4731],[151.2317,-33.4686],[151.2288,-33.4657],[151.2313,-33.4625],[151.2303,-33.4551],[151.2341,-33.4536],[151.2375,-33.4537],[151.2336,-33.4581],[151.234,-33.4629],[151.2327,-33.4652],[151.2348,-33.4676],[151.2356,-33.4714],[151.2335,-33.4755],[151.228,-33.4792],[151.2244,-33.4785],[151.2223,-33.4806],[151.2174,-33.4768],[151.2137,-33.4768],[151.211,-33.4841],[151.2064,-33.4815],[151.2051,-33.4842],[151.1981,-33.4914],[151.1976,-33.4952],[151.2002,-33.4998],[151.1995,-33.5027],[151.2033,-33.5056],[151.2015,-33.5086],[151.2042,-33.5079],[151.2043,-33.5031],[151.2007,-33.5014],[151.2042,-33.498],[151.2003,-33.4967],[151.1994,-33.4937],[151.2018,-33.4914],[151.2075,-33.4833],[151.2112,-33.4881],[151.2152,-33.4879],[151.214,-33.4841],[151.2152,-33.478],[151.2202,-33.4826],[151.2277,-33.4812],[151.2315,-33.4823],[151.235,-33.4807],[151.2345,-33.4778],[151.2409,-33.4776],[151.2418,-33.479],[151.2477,-33.4794],[151.2474,-33.4768],[151.2418,-33.472],[151.2387,-33.4728],[151.2399,-33.4714],[151.2458,-33.4705],[151.2429,-33.4676],[151.2357,-33.4662],[151.236,-33.4587],[151.2394,-33.4551],[151.244,-33.4538],[151.2469,-33.4554],[151.25,-33.453],[151.2461,-33.4496],[151.2496,-33.4438],[151.262,-33.4403],[151.2593,-33.4386],[151.2623,-33.4353],[151.2585,-33.4343],[151.259,-33.4318],[151.2572,-33.429],[151.2578,-33.4257],[151.2535,-33.4251],[151.2503,-33.4274],[151.244,-33.4303],[151.2332,-33.4422],[151.2207,-33.4496],[151.2156,-33.4559],[151.212,-33.4537],[151.2062,-33.4591],[151.2033,-33.4585],[151.201,-33.4616],[151.2005,-33.4654],[151.1953,-33.4664],[151.1943,-33.4719],[151.1916,-33.4759],[151.1854,-33.48],[151.1878,-33.4855],[151.185,-33.4881],[151.1877,-33.4912],[151.1871,-33.4931],[151.1911,-33.4973],[151.1905,-33.5012],[151.1935,-33.5033],[151.1914,-33.5081]]]},"properties":{"SAL_CODE21":"12716","SAL_NAME21":"Mooney Mooney Creek","STE_CODE21":"1","STE_NAME21":"New South Wales","AUS_CODE21":"AUS","AUS_NAME21":"Australia","AREASQKM21":18.9679,"LOCI_URI21":"http://linked.data.gov.au/dataset/asgsed3/SAL/12716","SHAPE_Leng":0.671915924171,"SHAPE_Area":0.00183966389114}},
{"type":"Feature","geometry":{"type":"Polygon","coordinates":[[[151.2289,-33.8894],[151.2251,-33.8877],[151.2181,-33.8862],[151.2167,-33.8921],[151.2157,-33.8976],[151.2143,-33.9038],[151.2221,-33.9049],[151.2226,-33.9013],[151.2294,-33.8943],[151.2289,-33.8894]]]},"properties":{"SAL_CODE21":"12722","SAL_NAME21":"Moore Park","STE_CODE21":"1","STE_NAME21":"New South Wales","AUS_CODE21":"AUS","AUS_NAME21":"Australia","AREASQKM21":1.8625,"LOCI_URI21":"http://linked.data.gov.au/dataset/asgsed3/SAL/12722","SHAPE_Leng":0.0605306580356,"SHAPE_Area":0.000181529495967}},
{"type":"Feature","geometry":{"type":"Polygon","coordinates":[[[150.9132,-33.9648],[150.9132,-33.9649],[150.9189,-33.9654],[150.9316,-33.9646],[150.9319,-33.9616],[150.9363,-33.955],[150.9378,-33.9486],[150.9373,-33.9457],[150.9311,-33.9448],[150.9318,-33.9407],[150.9434,-33.943],[150.9452,-33.943],[150.9528,-33.9462],[150.9633,-33.9481],[150.9707,-33.9469],[150.9662,-33.9436],[150.9686,-33.9382],[150.9675,-33.9328],[150.9686,-33.9311],[150.9689,-33.9285],[150.9425,-33.9292],[150.9354,-33.9287],[150.9346,-33.9242],[150.9358,-33.9226],[150.9316,-33.9221],[150.9287,-33.9245],[150.9277,-33.9284],[150.9213,-33.9355],[150.9189,-33.9391],[150.9187,-33.9441],[150.9136,-33.95],[150.9123,-33.9539],[150.9132,-33.9648]]]},"properties":{"SAL_CODE21":"12723","SAL_NAME21":"Moorebank","STE_CODE21":"1","STE_NAME21":"New South Wales","AUS_CODE21":"AUS","AUS_NAME21":"Australia","AREASQKM21":12.5155,"LOCI_URI21":"http://linked.data.gov.au/dataset/asgsed3/SAL/12723","SHAPE_Leng":0.210549748511,"SHAPE_Area":0.00122052100497}},
{"type":"Feature","geometry":{"type":"Polygon","coordinates":[[[151.2826,-33.6281],[151.2851,-33.6294],[151.2884,-33.6281],[151.2834,-33.6241],[151.2826,-33.6281]]]},"properties":{"SAL_CODE21":"12736","SAL_NAME21":"Morning Bay","STE_CODE21":"1","STE_NAME21":"New South Wales","AUS_CODE21":"AUS","AUS_NAME21":"Australia","AREASQKM21":0.2156,"LOCI_URI21":"http://linked.data.gov.au/dataset/asgsed3/SAL/12736","SHAPE_Leng":0.0243410939972,"SHAPE_Area":0.0000209522102856}},
{"type":"Feature","geometry":{"type":"Polygon","coordinates":[[[151.0861,-33.9733],[151.0878,-33.9723],[151.079,-33.9622],[151.074,-33.9611],[151.0686,-33.9642],[151.0638,-33.9655],[151.0607,-33.9643],[151.0599,-33.9685],[151.0562,-33.9748],[151.0589,-33.9772],[151.0618,-33.9752],[151.0643,-33.9764],[151.0677,-33.9757],[151.0714,-33.9733],[151.0737,-33.9702],[151.0786,-33.9759],[151.0826,-33.9755],[151.0861,-33.9733]]]},"properties":{"SAL_CODE21":"12739","SAL_NAME21":"Mortdale","STE_CODE21":"1","STE_NAME21":"New South Wales","AUS_CODE21":"AUS","AUS_NAME21":"Australia","AREASQKM21":2.9348,"LOCI_URI21":"http://linked.data.gov.au/dataset/asgsed3/SAL/12739","SHAPE_Leng":0.0929768356524,"SHAPE_Area":0.00028621183368}},
{"type":"Feature","geometry":{"type":"Polygon","coordinates":[[[151.1068,-33.8381],[151.1037,-33.8428],[151.1072,-33.844],[151.1081,-33.8466],[151.1068,-33.8381]]]},"properties":{"SAL_CODE21":"12740","SAL_NAME21":"Mortlake (NSW)","STE_CODE21":"1","STE_NAME21":"New South Wales","AUS_CODE21":"AUS","AUS_NAME21":"Australia","AREASQKM21":0.2384,"LOCI_URI21":"http://linked.data.gov.au/dataset/asgsed3/SAL/12740","SHAPE_Leng":0.0309594512802,"SHAPE_Area":0.0000232169022222}},
{"type":"Feature","geometry":{"type":"Polygon","coordinates":[[[151.2286,-33.8366],[151.229,-33.8378],[151.2314,-33.8394],[151.2333,-33.8442],[151.2373,-33.8395],[151.2376,-33.8444],[151.2438,-33.8468],[151.2481,-33.8465],[151.2465,-33.8434],[151.2544,-33.844],[151.2525,-33.8399],[151.2612,-33.8379],[151.2606,-33.8302],[151.2642,-33.8299],[151.2689,-33.8272],[151.2664,-33.8236],[151.2622,-33.8258],[151.2566,-33.8265],[151.2546,-33.8283],[151.252,-33.8265],[151.2531,-33.8198],[151.2519,-33.8154],[151.2493,-33.8153],[151.2472,-33.8125],[151.2487,-33.8082],[151.2466,-33.8051],[151.244,-33.8099],[151.2412,-33.8081],[151.2378,-33.8081],[151.2361,-33.8113],[151.2391,-33.8167],[151.2341,-33.8158],[151.2311,-33.8167],[151.2329,-33.8183],[151.2286,-33.8366]]]},"properties":{"SAL_CODE21":"12749","SAL_NAME21":"Mosman","STE_CODE21":"1","STE_NAME21":"New South Wales","AUS_CODE21":"AUS","AUS_NAME21":"Australia","AREASQKM21":8.6503,"LOCI_URI21":"http://linked.data.gov.au/dataset/asgsed3/SAL/12749","SHAPE_Leng":0.216078484541,"SHAPE_Area":0.000842540073689}},
{"type":"Feature","geometry":{"type":"Polygon","coordinates":[[[150.7814,-34.0598],[150.7758,-34.0551],[150.7692,-34.0528],[150.761,-34.0475],[150.7554,-34.0436],[150.7516,-34.0513],[150.752,-34.0536],[150.7491,-34.0575],[150.7498,-34.0595],[150.7471,-34.0616],[150.7426,-34.0625],[150.7412,-34.0662],[150.7443,-34.0665],[150.7497,-34.0728],[150.7482,-34.0766],[150.743,-34.0769],[150.741,-34.0788],[150.7421,-34.0807],[150.7544,-34.0794],[150.756,-34.0817],[150.762,-34.0846],[150.7717,-34.0825],[150.7797,-34.068],[150.7854,-34.062],[150.7845,-34.0612],[150.7814,-34.0598]]]},"properties":{"SAL_CODE21":"12756","SAL_NAME21":"Mount Annan","STE_CODE21":"1","STE_NAME21":"New South Wales","AUS_CODE21":"AUS","AUS_NAME21":"Australia","AREASQKM21":10.2263,"LOCI_URI21":"http://linked.data.gov.au/dataset/asgsed3/SAL/12756","SHAPE_Leng":0.154465730581,"SHAPE_Area":0.000998673349233}},
{"type":"Feature","geometry":{"type":"Polygon","coordinates":[[[151.138,-33.6834],[151.1363,-33.6823],[151.138,-33.6781],[151.1417,-33.6779],[151.1471,-33.6745],[151.1486,-33.67],[151.1515,-33.6694],[151.1539,-33.6645],[151.1576,-33.6637],[151.1597,-33.6605],[151.1617,-33.6579],[151.1587,-33.6523],[151.1553,-33.6518],[151.1521,-33.6535],[151.1484,-33.656],[151.1448,-33.6659],[151.1367,-33.6663],[151.1313,-33.668],[151.1298,-33.6663],[151.1237,-33.6637],[151.1271,-33.6611],[151.129,-33.6578],[151.1258,-33.6557],[151.1259,-33.6528],[151.1183,-33.6467],[151.1153,-33.6464],[151.1121,-33.649],[151.1105,-33.652],[151.1112,-33.6574],[151.107,-33.6622],[151.1051,-33.6661],[151.106,-33.6678],[151.1028,-33.6712],[151.1039,-33.6804],[151.1051,-33.6823],[151.1056,-33.6796],[151.138,-33.6834]]]},"properties":{"SAL_CODE21":"12761","SAL_NAME21":"Mount Colah","STE_CODE21":"1","STE_NAME21":"New South Wales","AUS_CODE21":"AUS","AUS_NAME21":"Australia","AREASQKM21":11.0623,"LOCI_URI21":"http://linked.data.gov.au/dataset/asgsed3/SAL/12761","SHAPE_Leng":0.218648731769,"SHAPE_Area":0.00107541511842}},
{"type":"Feature","geometry":{"type":"Polygon","coordinates":[[[150.8156,-33.7536],[150.8137,-33.7635],[150.8011,-33.7614],[150.801,-33.7603],[150.7938,-33.7593],[150.7957,-33.7642],[150.7976,-33.7658],[150.8028,-33.7729],[150.8034,-33.7768],[150.8105,-33.7782],[150.8271,-33.7822],[150.8294,-33.7713],[150.8309,-33.7681],[150.8332,-33.7676],[150.8298,-33.763],[150.8308,-33.7581],[150.8255,-33.7573],[150.8189,-33.7563],[150.8156,-33.7536]]]},"properties":{"SAL_CODE21":"12767","SAL_NAME21":"Mount Druitt","STE_CODE21":"1","STE_NAME21":"New South Wales","AUS_CODE21":"AUS","AUS_NAME21":"Australia","AREASQKM21":6.2561,"LOCI_URI21":"http://linked.data.gov.au/dataset/asgsed3/SAL/12767","SHAPE_Leng":0.130115760439,"SHAPE_Area":0.000608803577927}},
{"type":"Feature","geometry":{"type":"Polygon","coordinates":[[[151.3976,-33.3996],[151.3946,-33.3992],[151.3891,-33.3932],[151.3849,-33.3926],[151.3837,-33.3982],[151.3808,-33.3993],[151.3821,-33.3996],[151.3788,-33.4156],[151.3734,-33.4148],[151.3724,-33.4187],[151.378,-33.4199],[151.3829,-33.4133],[151.3856,-33.4118],[151.3879,-33.4079],[151.3924,-33.4047],[151.398,-33.4033],[151.3976,-33.3996]]]},"properties":{"SAL_CODE21":"12768","SAL_NAME21":"Mount Elliot (NSW)","STE_CODE21":"1","STE_NAME21":"New South Wales","AUS_CODE21":"AUS","AUS_NAME21":"Australia","AREASQKM21":2.424,"LOCI_URI21":"http://linked.data.gov.au/dataset/asgsed3/SAL/12768","SHAPE_Leng":0.0984492614552,"SHAPE_Area":0.000234944604949}},
{"type":"Feature","geometry":{"type":"Polygon","coordinates":[[[150.6447,-34.0439],[150.6403,-34.0445],[150.6401,-34.0466],[150.6362,-34.0484],[150.6366,-34.0506],[150.6328,-34.054],[150.6311,-34.0524],[150.625,-34.0566],[150.6228,-34.0601],[150.6189,-34.0606],[150.6177,-34.0636],[150.613,-34.0891],[150.6076,-34.0871],[150.6007,-34.0895],[150.5947,-34.086],[150.5928,-34.0908],[150.5898,-34.0919],[150.5833,-34.0911],[150.5808,-34.104],[150.5777,-34.1224],[150.5759,-34.1222],[150.5712,-34.1274],[150.5671,-34.1354],[150.5656,-34.1407],[150.5674,-34.1409],[150.5677,-34.1392],[150.5808,-34.141],[150.5824,-34.1328],[150.5935,-34.1342],[150.5971,-34.132],[150.5957,-34.1281],[150.6003,-34.1267],[150.6017,-34.1215],[150.6042,-34.1213],[150.6104,-34.1241],[150.6129,-34.1239],[150.6151,-34.1205],[150.6346,-34.1232],[150.6385,-34.1194],[150.6402,-34.1145],[150.6423,-34.1083],[150.6371,-34.1064],[150.6357,-34.0984],[150.6338,-34.0969],[150.637,-34.0811],[150.6431,-34.082],[150.644,-34.0778],[150.6488,-34.0821],[150.6539,-34.0716],[150.6463,-34.0702],[150.6384,-34.0714],[150.6333,-34.0704],[150.6347,-34.0667],[150.6399,-34.0638],[150.6412,-34.058],[150.6402,-34.0547],[150.6437,-34.0497],[150.6447,-34.0439]]]},"properties":{"SAL_CODE21":"12776","SAL_NAME21":"Mount Hunter","STE_CODE21":"1","STE_NAME21":"New South Wales","AUS_CODE21":"AUS","AUS_NAME21":"Australia","AREASQKM21":32.7491,"LOCI_URI21":"http://linked.data.gov.au/dataset/asgsed3/SAL/12776","SHAPE_Leng":0.391942154446,"SHAPE_Area":0.00319948337129}},
{"type":"Feature","geometry":{"type":"Polygon","coordinates":[[[150.4858,-33.4862],[150.4722,-33.4846],[150.4746,-33.4813],[150.4747,-33.474],[150.4758,-33.472],[150.473,-33.4673],[150.4709,-33.4668],[150.4719,-33.4613],[150.4685,-33.4609],[150.4624,-33.4676],[150.4575,-33.467],[150.4566,-33.4714],[150.459,-33.4717],[150.4553,-33.4774],[150.4541,-33.4833],[150.45,-33.4856],[150.4456,-33.4849],[150.4432,-33.4895],[150.4365,-33.4944],[150.4269,-33.4927],[150.4238,-33.4933],[150.423,-33.4995],[150.4452,-33.5019],[150.4472,-33.4922],[150.4615,-33.4941],[150.461,-33.4968],[150.4729,-33.4983],[150.4773,-33.4967],[150.4783,-33.4925],[150.4858,-33.4862]]]},"properties":{"SAL_CODE21":"12778","SAL_NAME21":"Mount Irvine","STE_CODE21":"1","STE_NAME21":"New South Wales","AUS_CODE21":"AUS","AUS_NAME21":"Australia","AREASQKM21":9.3616,"LOCI_URI21":"http://linked.data.gov.au/dataset/asgsed3/SAL/12778","SHAPE_Leng":0.21199262249,"SHAPE_Area":0.00090817899069}},
{"type":"Feature","geometry":{"type":"Polygon","coordinates":[[[151.1297,-33.6217],[151.1241,-33.6184],[151.1243,-33.6206],[151.1191,-33.6261],[151.1203,-33.6307],[151.1178,-33.635],[151.1203,-33.6408],[151.1203,-33.643],[151.1153,-33.6464],[151.1183,-33.6467],[151.1259,-33.6528],[151.1258,-33.6557],[151.129,-33.6578],[151.1271,-33.6611],[151.1237,-33.6637],[151.1298,-33.6663],[151.1313,-33.668],[151.1367,-33.6663],[151.1448,-33.6659],[151.1484,-33.656],[151.1521,-33.6535],[151.1531,-33.6525],[151.1583,-33.6506],[151.163,-33.6463],[151.1624,-33.6421],[151.1585,-33.6411],[151.1533,-33.6434],[151.1501,-33.6422],[151.1447,-33.6446],[151.1406,-33.6425],[151.1451,-33.6382],[151.1412,-33.6362],[151.137,-33.6389],[151.1371,-33.6333],[151.1324,-33.6321],[151.1311,-33.6296],[151.1297,-33.6217]]]},"properties":{"SAL_CODE21":"12783","SAL_NAME21":"Mount Kuring-Gai","STE_CODE21":"1","STE_NAME21":"New South Wales","AUS_CODE21":"AUS","AUS_NAME21":"Australia","AREASQKM21":10.5767,"LOCI_URI21":"http://linked.data.gov.au/dataset/asgsed3/SAL/12783","SHAPE_Leng":0.200986790837,"SHAPE_Area":0.00102794199953}},
{"type":"Feature","geometry":{"type":"Polygon","coordinates":[[[151.0473,-33.9181],[151.0558,-33.9161],[151.056,-33.9147],[151.0464,-33.9133],[151.0455,-33.9143],[151.0445,-33.9163],[151.0473,-33.9181]]]},"properties":{"SAL_CODE21":"12785","SAL_NAME21":"Mount Lewis","STE_CODE21":"1","STE_NAME21":"New South Wales","AUS_CODE21":"AUS","AUS_NAME21":"Australia","AREASQKM21":0.3328,"LOCI_URI21":"http://linked.data.gov.au/dataset/asgsed3/SAL/12785","SHAPE_Leng":0.0299801915524,"SHAPE_Area":0.0000324473654957}},
{"type":"Feature","geometry":{"type":"Polygon","coordinates":[[[150.9077,-33.9141],[150.9124,-33.9082],[150.9144,-33.8977],[150.9108,-33.8959],[150.9008,-33.8945],[150.8956,-33.8966],[150.8878,-33.9041],[150.8987,-33.9077],[150.8996,-33.9096],[150.9077,-33.9141]]]},"properties":{"SAL_CODE21":"12796","SAL_NAME21":"Mount Pritchard","STE_CODE21":"1","STE_NAME21":"New South Wales","AUS_CODE21":"AUS","AUS_NAME21":"Australia","AREASQKM21":3.0939,"LOCI_URI21":"http://linked.data.gov.au/dataset/asgsed3/SAL/12796","SHAPE_Leng":0.0755787319193,"SHAPE_Area":0.000301581286817}},
{"type":"Feature","geometry":{"type":"Polygon","coordinates":[[[150.6441,-33.7342],[150.647,-33.7308],[150.6425,-33.7302],[150.6441,-33.7212],[150.6484,-33.7218],[150.6497,-33.716],[150.652,-33.7164],[150.6457,-33.7151],[150.6401,-33.7154],[150.6391,-33.7205],[150.636,-33.7201],[150.6348,-33.7261],[150.6296,-33.7255],[150.6271,-33.7322],[150.6243,-33.7354],[150.6237,-33.7391],[150.6346,-33.7404],[150.6359,-33.7332],[150.6441,-33.7342]]]},"properties":{"SAL_CODE21":"12799","SAL_NAME21":"Mount Riverview","STE_CODE21":"1","STE_NAME21":"New South Wales","AUS_CODE21":"AUS","AUS_NAME21":"Australia","AREASQKM21":3.0094,"LOCI_URI21":"http://linked.data.gov.au/dataset/asgsed3/SAL/12799","SHAPE_Leng":0.113664196047,"SHAPE_Area":0.000292769799616}},
{"type":"Feature","geometry":{"type":"Polygon","coordinates":[[[150.4302,-33.5379],[150.4294,-33.5332],[150.4307,-33.5305],[150.4341,-33.5277],[150.4276,-33.5206],[150.4253,-33.5214],[150.4167,-33.5283],[150.4122,-33.5282],[150.4094,-33.531],[150.4101,-33.533],[150.4066,-33.5388],[150.4069,-33.5419],[150.4103,-33.5482],[150.4151,-33.5484],[150.4148,-33.5561],[150.4169,-33.5564],[150.4155,-33.563],[150.4263,-33.5646],[150.4287,-33.5535],[150.4389,-33.5551],[150.4382,-33.5522],[150.4355,-33.5482],[150.4352,-33.5422],[150.4302,-33.5379]]]},"properties":{"SAL_CODE21":"12806","SAL_NAME21":"Mount Tomah","STE_CODE21":"1","STE_NAME21":"New South Wales","AUS_CODE21":"AUS","AUS_NAME21":"Australia","AREASQKM21":8.2837,"LOCI_URI21":"http://linked.data.gov.au/dataset/asgsed3/SAL/12806","SHAPE_Leng":0.142619588789,"SHAPE_Area":0.000804140666768}},
{"type":"Feature","geometry":{"type":"Polygon","coordinates":[[[150.82,-33.8535],[150.8222,-33.8427],[150.8059,-33.8406],[150.8013,-33.8649],[150.7936,-33.864],[150.7968,-33.869],[150.8024,-33.8756],[150.8082,-33.8806],[150.8151,-33.8794],[150.82,-33.8535]]]},"properties":{"SAL_CODE21":"12807","SAL_NAME21":"Mount Vernon","STE_CODE21":"1","STE_NAME21":"New South Wales","AUS_CODE21":"AUS","AUS_NAME21":"Australia","AREASQKM21":6.5433,"LOCI_URI21":"http://linked.data.gov.au/dataset/asgsed3/SAL/12807","SHAPE_Leng":0.115459686258,"SHAPE_Area":0.00063749802774}},
{"type":"Feature","geometry":{"type":"Polygon","coordinates":[[[150.2532,-33.5446],[150.2507,-33.558],[150.2413,-33.5568],[150.2406,-33.5604],[150.2363,-33.5598],[150.2354,-33.562],[150.2261,-33.5605],[150.2278,-33.5506],[150.2269,-33.5495],[150.2156,-33.548],[150.2137,-33.5576],[150.2248,-33.5603],[150.2275,-33.5635],[150.2255,-33.5717],[150.2287,-33.5721],[150.2282,-33.575],[150.2353,-33.576],[150.2354,-33.5814],[150.2394,-33.5818],[150.2369,-33.5933],[150.2448,-33.5944],[150.2432,-33.6024],[150.2503,-33.6034],[150.249,-33.6091],[150.2603,-33.6107],[150.2606,-33.6089],[150.2672,-33.6098],[150.2676,-33.6061],[150.2645,-33.6019],[150.2664,-33.6001],[150.2688,-33.5969],[150.2653,-33.5964],[150.2668,-33.5928],[150.2603,-33.5922],[150.2627,-33.5803],[150.2586,-33.5797],[150.2618,-33.5744],[150.2591,-33.5684],[150.2613,-33.5641],[150.261,-33.561],[150.2641,-33.5534],[150.2616,-33.5457],[150.2532,-33.5446]]]},"properties":{"SAL_CODE21":"12808","SAL_NAME21":"Mount Victoria","STE_CODE21":"1","STE_NAME21":"New South Wales","AUS_CODE21":"AUS","AUS_NAME21":"Australia","AREASQKM21":16.5243,"LOCI_URI21":"http://linked.data.gov.au/dataset/asgsed3/SAL/12808","SHAPE_Leng":0.28591481413,"SHAPE_Area":0.00160469832548}},
{"type":"Feature","geometry":{"type":"Polygon","coordinates":[[[151.1916,-33.4759],[151.1943,-33.4719],[151.1953,-33.4664],[151.2005,-33.4654],[151.201,-33.4616],[151.2033,-33.4585],[151.2062,-33.4591],[151.212,-33.4537],[151.2156,-33.4559],[151.2207,-33.4496],[151.2197,-33.4448],[151.2166,-33.4448],[151.2115,-33.4387],[151.2052,-33.4378],[151.2022,-33.4356],[151.1964,-33.4347],[151.1973,-33.4303],[151.1955,-33.4288],[151.1905,-33.4282],[151.1857,-33.429],[151.1771,-33.4281],[151.1707,-33.4324],[151.1701,-33.435],[151.1724,-33.4386],[151.1689,-33.4393],[151.1679,-33.4416],[151.1631,-33.4415],[151.1605,-33.4467],[151.1661,-33.4475],[151.1735,-33.4601],[151.1715,-33.4615],[151.1742,-33.4655],[151.1735,-33.4697],[151.1778,-33.4702],[151.1772,-33.4738],[151.1916,-33.4759]]]},"properties":{"SAL_CODE21":"12814","SAL_NAME21":"Mount White","STE_CODE21":"1","STE_NAME21":"New South Wales","AUS_CODE21":"AUS","AUS_NAME21":"Australia","AREASQKM21":16.6796,"LOCI_URI21":"http://linked.data.gov.au/dataset/asgsed3/SAL/12814","SHAPE_Leng":0.218036835564,"SHAPE_Area":0.00161746963857}},
{"type":"Feature","geometry":{"type":"Polygon","coordinates":[[[150.423,-33.4995],[150.4238,-33.4933],[150.4269,-33.4927],[150.4299,-33.4906],[150.4301,-33.4876],[150.4243,-33.4861],[150.4201,-33.4895],[150.4207,-33.4926],[150.4182,-33.4958],[150.4149,-33.4953],[150.4153,-33.4927],[150.4117,-33.492],[150.4094,-33.494],[150.4048,-33.494],[150.394,-33.4959],[150.3921,-33.4936],[150.3865,-33.4928],[150.3865,-33.4946],[150.3897,-33.4975],[150.3866,-33.4985],[150.3861,-33.501],[150.3738,-33.4992],[150.371,-33.4982],[150.3675,-33.4925],[150.3608,-33.4953],[150.3651,-33.5025],[150.3623,-33.5047],[150.3625,-33.5091],[150.3588,-33.5086],[150.3567,-33.5185],[150.3636,-33.5184],[150.368,-33.5167],[150.3684,-33.5195],[150.3716,-33.5221],[150.3742,-33.518],[150.376,-33.5181],[150.3922,-33.5117],[150.3952,-33.5115],[150.3986,-33.5094],[150.3975,-33.5053],[150.4039,-33.5011],[150.4062,-33.5018],[150.4097,-33.5],[150.4195,-33.501],[150.4204,-33.5065],[150.4253,-33.5064],[150.4261,-33.5019],[150.423,-33.4995]]]},"properties":{"SAL_CODE21":"12815","SAL_NAME21":"Mount Wilson","STE_CODE21":"1","STE_NAME21":"New South Wales","AUS_CODE21":"AUS","AUS_NAME21":"Australia","AREASQKM21":10.2681,"LOCI_URI21":"http://linked.data.gov.au/dataset/asgsed3/SAL/12815","SHAPE_Leng":0.262215826884,"SHAPE_Area":0.000996330946566}},
{"type":"Feature","geometry":{"type":"Polygon","coordinates":[[[150.6326,-33.4857],[150.6394,-33.4851],[150.6426,-33.4819],[150.6498,-33.4805],[150.6551,-33.451],[150.664,-33.4026],[150.6624,-33.3977],[150.6626,-33.3906],[150.6573,-33.3897],[150.6499,-33.3922],[150.6442,-33.3924],[150.6384,-33.3896],[150.635,-33.3895],[150.6331,-33.3915],[150.627,-33.3947],[150.6272,-33.3982],[150.6216,-33.4026],[150.619,-33.4091],[150.6156,-33.4105],[150.6116,-33.4102],[150.6095,-33.4077],[150.603,-33.4061],[150.5998,-33.4083],[150.6006,-33.411],[150.5984,-33.4161],[150.6001,-33.4213],[150.597,-33.4252],[150.592,-33.429],[150.5887,-33.435],[150.5843,-33.4356],[150.5821,-33.4403],[150.5782,-33.4418],[150.5759,-33.4476],[150.5743,-33.4554],[150.5759,-33.4583],[150.5814,-33.4581],[150.5864,-33.4603],[150.6022,-33.4638],[150.6054,-33.4668],[150.6108,-33.4738],[150.6136,-33.4743],[150.6132,-33.4779],[150.6218,-33.4811],[150.6264,-33.4807],[150.6291,-33.4859],[150.6326,-33.4857]]]},"properties":{"SAL_CODE21":"12817","SAL_NAME21":"Mountain Lagoon","STE_CODE21":"1","STE_NAME21":"New South Wales","AUS_CODE21":"AUS","AUS_NAME21":"Australia","AREASQKM21":54.6618,"LOCI_URI21":"http://linked.data.gov.au/dataset/asgsed3/SAL/12817","SHAPE_Leng":0.333738519486,"SHAPE_Area":0.00529991232466}},
{"type":"Feature","geometry":{"type":"Polygon","coordinates":[[[150.5448,-34.1766],[150.5484,-34.1771],[150.5494,-34.1715],[150.5528,-34.1719],[150.5541,-34.1689],[150.5572,-34.1683],[150.5589,-34.1726],[150.5612,-34.1732],[150.5674,-34.1409],[150.5656,-34.1407],[150.5529,-34.139],[150.552,-34.1438],[150.5459,-34.1434],[150.5345,-34.1412],[150.5329,-34.1497],[150.532,-34.1539],[150.5346,-34.1578],[150.5339,-34.1606],[150.5375,-34.1627],[150.5411,-34.1615],[150.5399,-34.1691],[150.5459,-34.17],[150.5448,-34.1766]]]},"properties":{"SAL_CODE21":"12821","SAL_NAME21":"Mowbray Park","STE_CODE21":"1","STE_NAME21":"New South Wales","AUS_CODE21":"AUS","AUS_NAME21":"Australia","AREASQKM21":8.8517,"LOCI_URI21":"http://linked.data.gov.au/dataset/asgsed3/SAL/12821","SHAPE_Leng":0.15085491715,"SHAPE_Area":0.000865343605592}},
{"type":"Feature","geometry":{"type":"Polygon","coordinates":[[[150.6128,-33.8618],[150.6174,-33.8623],[150.62,-33.861],[150.6252,-33.8622],[150.6311,-33.8607],[150.6347,-33.8558],[150.6372,-33.8587],[150.6438,-33.8593],[150.6456,-33.8582],[150.6572,-33.8598],[150.657,-33.861],[150.6704,-33.8628],[150.6733,-33.8479],[150.6753,-33.8423],[150.6841,-33.8457],[150.6873,-33.8434],[150.684,-33.8397],[150.6828,-33.834],[150.6833,-33.8273],[150.685,-33.8217],[150.6893,-33.8153],[150.6948,-33.8091],[150.6899,-33.8088],[150.6867,-33.8116],[150.6821,-33.8097],[150.6795,-33.8072],[150.6741,-33.8076],[150.6702,-33.8039],[150.6718,-33.8022],[150.6786,-33.8031],[150.6797,-33.7975],[150.6684,-33.7957],[150.666,-33.7966],[150.6635,-33.7937],[150.658,-33.7905],[150.6572,-33.7873],[150.6596,-33.7854],[150.661,-33.7757],[150.6571,-33.7739],[150.6549,-33.7686],[150.6426,-33.7805],[150.6407,-33.7819],[150.6365,-33.7887],[150.6331,-33.7956],[150.6281,-33.8016],[150.6197,-33.8141],[150.6091,-33.8226],[150.5998,-33.826],[150.5945,-33.8302],[150.5913,-33.835],[150.588,-33.8449],[150.5894,-33.8499],[150.592,-33.8546],[150.5973,-33.8573],[150.6091,-33.8571],[150.6128,-33.8618]]]},"properties":{"SAL_CODE21":"12825","SAL_NAME21":"Mulgoa","STE_CODE21":"1","STE_NAME21":"New South Wales","AUS_CODE21":"AUS","AUS_NAME21":"Australia","AREASQKM21":54.2696,"LOCI_URI21":"http://linked.data.gov.au/dataset/asgsed3/SAL/12825","SHAPE_Leng":0.399364258124,"SHAPE_Area":0.00528529826656}},
{"type":"Feature","geometry":{"type":"Polygon","coordinates":[[[150.8256,-33.6068],[150.8244,-33.614],[150.8229,-33.6159],[150.8228,-33.625],[150.8221,-33.6298],[150.8241,-33.6379],[150.824,-33.6413],[150.8262,-33.6424],[150.8413,-33.635],[150.8392,-33.63],[150.8358,-33.6255],[150.8361,-33.6205],[150.8325,-33.6151],[150.8294,-33.6154],[150.8285,-33.6099],[150.8256,-33.6068]]]},"properties":{"SAL_CODE21":"12826","SAL_NAME21":"Mulgrave (NSW)","STE_CODE21":"1","STE_NAME21":"New South Wales","AUS_CODE21":"AUS","AUS_NAME21":"Australia","AREASQKM21":4.0198,"LOCI_URI21":"http://linked.data.gov.au/dataset/asgsed3/SAL/12826","SHAPE_Leng":0.101152156229,"SHAPE_Area":0.00039057807695}},
{"type":"Feature","geometry":{"type":"Polygon","coordinates":[[[151.3475,-33.4093],[151.3493,-33.4063],[151.3484,-33.4042],[151.3436,-33.3994],[151.3461,-33.3958],[151.3507,-33.3964],[151.3575,-33.3927],[151.3553,-33.39],[151.353,-33.3918],[151.3507,-33.3895],[151.3529,-33.3855],[151.3469,-33.3847],[151.3414,-33.3808],[151.333,-33.3796],[151.3298,-33.383],[151.3224,-33.382],[151.3225,-33.3874],[151.3217,-33.3942],[151.3229,-33.3975],[151.3217,-33.4048],[151.3171,-33.4032],[151.3161,-33.4082],[151.318,-33.4085],[151.3392,-33.4115],[151.3404,-33.4095],[151.3475,-33.4093]]]},"properties":{"SAL_CODE21":"12905","SAL_NAME21":"Narara","STE_CODE21":"1","STE_NAME21":"New South Wales","AUS_CODE21":"AUS","AUS_NAME21":"Australia","AREASQKM21":8.242,"LOCI_URI21":"http://linked.data.gov.au/dataset/asgsed3/SAL/12905","SHAPE_Leng":0.169195262741,"SHAPE_Area":0.000798778931865}},
{"type":"Feature","geometry":{"type":"Polygon","coordinates":[[[150.7329,-34.0573],[150.7389,-34.0531],[150.7433,-34.0482],[150.7449,-34.0405],[150.7463,-34.0363],[150.7398,-34.0394],[150.7335,-34.0371],[150.7282,-34.0301],[150.7258,-34.0286],[150.7213,-34.0303],[150.7196,-34.0346],[150.724,-34.0396],[150.7245,-34.0436],[150.7222,-34.0448],[150.7274,-34.0536],[150.732,-34.0518],[150.7329,-34.0573]]]},"properties":{"SAL_CODE21":"12906","SAL_NAME21":"Narellan","STE_CODE21":"1","STE_NAME21":"New South Wales","AUS_CODE21":"AUS","AUS_NAME21":"Australia","AREASQKM21":3.991,"LOCI_URI21":"http://linked.data.gov.au/dataset/asgsed3/SAL/12906","SHAPE_Leng":0.10756657455,"SHAPE_Area":0.00038967650336}},
{"type":"Feature","geometry":{"type":"Polygon","coordinates":[[[150.732,-34.058],[150.7327,-34.0612],[150.737,-34.0623],[150.7379,-34.0598],[150.7426,-34.0625],[150.7471,-34.0616],[150.7498,-34.0595],[150.7491,-34.0575],[150.752,-34.0536],[150.7516,-34.0513],[150.7554,-34.0436],[150.7449,-34.0405],[150.7433,-34.0482],[150.7389,-34.0531],[150.7329,-34.0573],[150.732,-34.058]]]},"properties":{"SAL_CODE21":"12907","SAL_NAME21":"Narellan Vale","STE_CODE21":"1","STE_NAME21":"New South Wales","AUS_CODE21":"AUS","AUS_NAME21":"Australia","AREASQKM21":2.5557,"LOCI_URI21":"http://linked.data.gov.au/dataset/asgsed3/SAL/12907","SHAPE_Leng":0.0806810715779,"SHAPE_Area":0.000249538971473}},
{"type":"Feature","geometry":{"type":"Polygon","coordinates":[[[151.1934,-33.8176],[151.1952,-33.8216],[151.1991,-33.8221],[151.2021,-33.8222],[151.2047,-33.8203],[151.2104,-33.8177],[151.2098,-33.8152],[151.2056,-33.8134],[151.1938,-33.8126],[151.1934,-33.8176]]]},"properties":{"SAL_CODE21":"12908","SAL_NAME21":"Naremburn","STE_CODE21":"1","STE_NAME21":"New South Wales","AUS_CODE21":"AUS","AUS_NAME21":"Australia","AREASQKM21":1.2495,"LOCI_URI21":"http://linked.data.gov.au/dataset/asgsed3/SAL/12908","SHAPE_Leng":0.0537925410587,"SHAPE_Area":0.000121688682112}},
{"type":"Feature","geometry":{"type":"Polygon","coordinates":[[[151.2999,-33.725],[151.3002,-33.7181],[151.3042,-33.7085],[151.3074,-33.7031],[151.3001,-33.7048],[151.2994,-33.7093],[151.2968,-33.7119],[151.294,-33.721],[151.2925,-33.7213],[151.2826,-33.7146],[151.2768,-33.7202],[151.2757,-33.723],[151.2758,-33.723],[151.2871,-33.7247],[151.2875,-33.7233],[151.294,-33.7242],[151.2999,-33.725]]]},"properties":{"SAL_CODE21":"12911","SAL_NAME21":"Narrabeen","STE_CODE21":"1","STE_NAME21":"New South Wales","AUS_CODE21":"AUS","AUS_NAME21":"Australia","AREASQKM21":2.1967,"LOCI_URI21":"http://linked.data.gov.au/dataset/asgsed3/SAL/12911","SHAPE_Leng":0.110324612607,"SHAPE_Area":0.000213659020731}},
{"type":"Feature","geometry":{"type":"Polygon","coordinates":[[[151.2682,-33.7545],[151.2687,-33.7569],[151.2778,-33.7576],[151.2808,-33.7439],[151.2681,-33.7424],[151.2652,-33.7447],[151.2659,-33.747],[151.2697,-33.7511],[151.2682,-33.7545]]]},"properties":{"SAL_CODE21":"12919","SAL_NAME21":"Narraweena","STE_CODE21":"1","STE_NAME21":"New South Wales","AUS_CODE21":"AUS","AUS_NAME21":"Australia","AREASQKM21":1.7759,"LOCI_URI21":"http://linked.data.gov.au/dataset/asgsed3/SAL/12919","SHAPE_Leng":0.0656817621093,"SHAPE_Area":0.000172822722285}},
{"type":"Feature","geometry":{"type":"Polygon","coordinates":[[[151.0735,-33.9412],[151.0655,-33.9399],[151.0638,-33.9482],[151.0654,-33.9521],[151.0689,-33.9506],[151.0726,-33.9539],[151.0759,-33.9492],[151.0746,-33.9478],[151.0735,-33.9412]]]},"properties":{"SAL_CODE21":"12921","SAL_NAME21":"Narwee","STE_CODE21":"1","STE_NAME21":"New South Wales","AUS_CODE21":"AUS","AUS_NAME21":"Australia","AREASQKM21":1.2426,"LOCI_URI21":"http://linked.data.gov.au/dataset/asgsed3/SAL/12921","SHAPE_Leng":0.0586666084932,"SHAPE_Area":0.000121200652499}},
{"type":"Feature","geometry":{"type":"Polygon","coordinates":[[[150.4585,-34.1254],[150.4606,-34.1261],[150.4654,-34.1246],[150.4652,-34.1208],[150.4629,-34.1175],[150.4613,-34.1121],[150.4641,-34.1118],[150.4677,-34.1069],[150.4705,-34.1053],[150.4747,-34.0974],[150.4731,-34.0957],[150.4774,-34.0876],[150.4815,-34.0657],[150.4798,-34.0603],[150.4808,-34.0549],[150.4771,-34.0525],[150.477,-34.0495],[150.475,-34.0467],[150.4703,-34.0467],[150.4677,-34.0444],[150.465,-34.0447],[150.4606,-34.0422],[150.4603,-34.0367],[150.4614,-34.0334],[150.4591,-34.0281],[150.4564,-34.0241],[150.4574,-34.02],[150.4605,-34.0172],[150.4597,-34.0075],[150.4566,-34.0061],[150.4509,-34.0056],[150.444,-34.0079],[150.431,-34.0054],[150.4312,-34.0094],[150.4285,-34.0113],[150.4236,-34.0168],[150.4224,-34.0203],[150.4191,-34.0234],[150.4206,-34.0253],[150.416,-34.0364],[150.4135,-34.0392],[150.4109,-34.0509],[150.4071,-34.0562],[150.4013,-34.0602],[150.4103,-34.0651],[150.4104,-34.0676],[150.4138,-34.0714],[150.4095,-34.0784],[150.4265,-34.0809],[150.4403,-34.085],[150.4415,-34.0889],[150.4462,-34.0944],[150.4472,-34.0989],[150.4464,-34.1058],[150.448,-34.1089],[150.4507,-34.1106],[150.4523,-34.1172],[150.4544,-34.1217],[150.4585,-34.1254]]]},"properties":{"SAL_CODE21":"12924","SAL_NAME21":"Nattai","STE_CODE21":"1","STE_NAME21":"New South Wales","AUS_CODE21":"AUS","AUS_NAME21":"Australia","AREASQKM21":51.6348,"LOCI_URI21":"http://linked.data.gov.au/dataset/asgsed3/SAL/12924","SHAPE_Leng":0.444939785934,"SHAPE_Area":0.00504219742661}},
{"type":"Feature","geometry":{"type":"Polygon","coordinates":[[[150.9232,-33.6279],[150.923,-33.6279],[150.9088,-33.6456],[150.9092,-33.6511],[150.9133,-33.6561],[150.9141,-33.6607],[150.9201,-33.6606],[150.9236,-33.6588],[150.9272,-33.655],[150.928,-33.6491],[150.9305,-33.6483],[150.9365,-33.6496],[150.9378,-33.6443],[150.9358,-33.6415],[150.9272,-33.6419],[150.9248,-33.6397],[150.9279,-33.6365],[150.9232,-33.6279]]]},"properties":{"SAL_CODE21":"12931","SAL_NAME21":"Nelson (The Hills Shire - NSW)","STE_CODE21":"1","STE_NAME21":"New South Wales","AUS_CODE21":"AUS","AUS_NAME21":"Australia","AREASQKM21":4.9183,"LOCI_URI21":"http://linked.data.gov.au/dataset/asgsed3/SAL/12931","SHAPE_Leng":0.117879886402,"SHAPE_Area":0.000478003966846}},
{"type":"Feature","geometry":{"type":"Polygon","coordinates":[[[151.2147,-33.8298],[151.2126,-33.8329],[151.2114,-33.8386],[151.2152,-33.8411],[151.2204,-33.8419],[151.2229,-33.8376],[151.2229,-33.8374],[151.2222,-33.8301],[151.2173,-33.828],[151.2147,-33.8298]]]},"properties":{"SAL_CODE21":"12943","SAL_NAME21":"Neutral Bay","STE_CODE21":"1","STE_NAME21":"New South Wales","AUS_CODE21":"AUS","AUS_NAME21":"Australia","AREASQKM21":1.2687,"LOCI_URI21":"http://linked.data.gov.au/dataset/asgsed3/SAL/12943","SHAPE_Leng":0.0547927321459,"SHAPE_Area":0.000123563384469}},
{"type":"Feature","geometry":{"type":"Polygon","coordinates":[[[151.0503,-33.8463],[151.0549,-33.8436],[151.0596,-33.8364],[151.0625,-33.8334],[151.0593,-33.8326],[151.0544,-33.8314],[151.0545,-33.8356],[151.0527,-33.8407],[151.0491,-33.8407],[151.047,-33.8436],[151.0503,-33.8463]]]},"properties":{"SAL_CODE21":"12962","SAL_NAME21":"Newington (NSW)","STE_CODE21":"1","STE_NAME21":"New South Wales","AUS_CODE21":"AUS","AUS_NAME21":"Australia","AREASQKM21":0.9267,"LOCI_URI21":"http://linked.data.gov.au/dataset/asgsed3/SAL/12962","SHAPE_Leng":0.0524091153845,"SHAPE_Area":0.0000902771308392}},
{"type":"Feature","geometry":{"type":"Polygon","coordinates":[[[151.323,-33.6447],[151.3205,-33.6471],[151.3157,-33.6463],[151.3151,-33.6503],[151.3132,-33.6521],[151.3087,-33.6519],[151.3102,-33.6478],[151.3076,-33.644],[151.3055,-33.6436],[151.3061,-33.648],[151.3032,-33.6478],[151.301,-33.6505],[151.3091,-33.6615],[151.3106,-33.6668],[151.3163,-33.6707],[151.3182,-33.6705],[151.3216,-33.665],[151.3261,-33.6624],[151.3234,-33.6563],[151.3252,-33.6502],[151.3278,-33.648],[151.323,-33.6447]]]},"properties":{"SAL_CODE21":"12965","SAL_NAME21":"Newport (NSW)","STE_CODE21":"1","STE_NAME21":"New South Wales","AUS_CODE21":"AUS","AUS_NAME21":"Australia","AREASQKM21":3.8119,"LOCI_URI21":"http://linked.data.gov.au/dataset/asgsed3/SAL/12965","SHAPE_Leng":0.17579881977,"SHAPE_Area":0.000370530743247}},
{"type":"Feature","geometry":{"type":"Polygon","coordinates":[[[151.1718,-33.8948],[151.1715,-33.8954],[151.1756,-33.9034],[151.1733,-33.905],[151.1752,-33.9089],[151.1816,-33.9069],[151.1809,-33.9039],[151.1825,-33.8989],[151.1853,-33.8969],[151.1893,-33.894],[151.1884,-33.8913],[151.1815,-33.8915],[151.1801,-33.8931],[151.1718,-33.8948]]]},"properties":{"SAL_CODE21":"12969","SAL_NAME21":"Newtown (NSW)","STE_CODE21":"1","STE_NAME21":"New South Wales","AUS_CODE21":"AUS","AUS_NAME21":"Australia","AREASQKM21":1.5869,"LOCI_URI21":"http://linked.data.gov.au/dataset/asgsed3/SAL/12969","SHAPE_Leng":0.0752596825765,"SHAPE_Area":0.000154658070895}},
{"type":"Feature","geometry":{"type":"Polygon","coordinates":[[[151.3625,-33.369],[151.3327,-33.3648],[151.3342,-33.37],[151.3347,-33.3763],[151.3414,-33.3808],[151.3469,-33.3847],[151.3529,-33.3855],[151.3507,-33.3895],[151.353,-33.3918],[151.3553,-33.39],[151.3575,-33.3927],[151.361,-33.3921],[151.3617,-33.3888],[151.3593,-33.3865],[151.3601,-33.3823],[151.356,-33.3802],[151.3566,-33.3757],[151.3614,-33.3752],[151.3625,-33.369]]]},"properties":{"SAL_CODE21":"12970","SAL_NAME21":"Niagara Park","STE_CODE21":"1","STE_NAME21":"New South Wales","AUS_CODE21":"AUS","AUS_NAME21":"Australia","AREASQKM21":4.7795,"LOCI_URI21":"http://linked.data.gov.au/dataset/asgsed3/SAL/12970","SHAPE_Leng":0.1252114435,"SHAPE_Area":0.00046308618098}},
{"type":"Feature","geometry":{"type":"Polygon","coordinates":[[[150.8704,-33.7328],[150.8742,-33.7337],[150.8757,-33.7309],[150.8804,-33.7292],[150.8801,-33.7271],[150.8841,-33.725],[150.8818,-33.7224],[150.876,-33.7121],[150.8753,-33.7098],[150.868,-33.7115],[150.865,-33.7164],[150.8641,-33.7193],[150.868,-33.7221],[150.8666,-33.7261],[150.8724,-33.7289],[150.8704,-33.7328]]]},"properties":{"SAL_CODE21":"12977","SAL_NAME21":"Nirimba Fields","STE_CODE21":"1","STE_NAME21":"New South Wales","AUS_CODE21":"AUS","AUS_NAME21":"Australia","AREASQKM21":2.8543,"LOCI_URI21":"http://linked.data.gov.au/dataset/asgsed3/SAL/12977","SHAPE_Leng":0.0983280070285,"SHAPE_Area":0.000277642895286}},
{"type":"Feature","geometry":{"type":"Polygon","coordinates":[[[151.5522,-33.2991],[151.5579,-33.2966],[151.5629,-33.2967],[151.563,-33.2931],[151.5654,-33.2909],[151.5705,-33.2894],[151.5712,-33.2861],[151.5783,-33.281],[151.5744,-33.2807],[151.5674,-33.2762],[151.5636,-33.2717],[151.5635,-33.2695],[151.5604,-33.2692],[151.5577,-33.2775],[151.5528,-33.2832],[151.5483,-33.2919],[151.5502,-33.2977],[151.5522,-33.2991]]]},"properties":{"SAL_CODE21":"12983","SAL_NAME21":"Norah Head","STE_CODE21":"1","STE_NAME21":"New South Wales","AUS_CODE21":"AUS","AUS_NAME21":"Australia","AREASQKM21":4.2499,"LOCI_URI21":"http://linked.data.gov.au/dataset/asgsed3/SAL/12983","SHAPE_Leng":0.118425841973,"SHAPE_Area":0.000411387225148}},
{"type":"Feature","geometry":{"type":"Polygon","coordinates":[[[151.561,-33.2591],[151.5596,-33.264],[151.5576,-33.2655],[151.5531,-33.2628],[151.5505,-33.263],[151.5494,-33.2705],[151.5497,-33.2747],[151.5516,-33.2787],[151.5508,-33.2829],[151.5528,-33.2832],[151.5577,-33.2775],[151.5604,-33.2692],[151.5635,-33.2695],[151.5619,-33.2617],[151.5627,-33.2594],[151.561,-33.2591]]]},"properties":{"SAL_CODE21":"12984","SAL_NAME21":"Noraville","STE_CODE21":"1","STE_NAME21":"New South Wales","AUS_CODE21":"AUS","AUS_NAME21":"Australia","AREASQKM21":1.7573,"LOCI_URI21":"http://linked.data.gov.au/dataset/asgsed3/SAL/12984","SHAPE_Leng":0.0811298227623,"SHAPE_Area":0.00017006266338}},
{"type":"Feature","geometry":{"type":"Polygon","coordinates":[[[151.0901,-33.7142],[151.0886,-33.7248],[151.088,-33.7326],[151.0926,-33.7332],[151.0937,-33.7295],[151.1006,-33.7304],[151.1028,-33.7295],[151.1042,-33.7193],[151.0999,-33.7169],[151.0999,-33.7153],[151.0986,-33.7163],[151.092,-33.7154],[151.0901,-33.7142]]]},"properties":{"SAL_CODE21":"12986","SAL_NAME21":"Normanhurst","STE_CODE21":"1","STE_NAME21":"New South Wales","AUS_CODE21":"AUS","AUS_NAME21":"Australia","AREASQKM21":2.2064,"LOCI_URI21":"http://linked.data.gov.au/dataset/asgsed3/SAL/12986","SHAPE_Leng":0.083945451846,"SHAPE_Area":0.00021468310004}},
{"type":"Feature","geometry":{"type":"Polygon","coordinates":[[[151.4367,-33.4639],[151.4407,-33.458],[151.4457,-33.4553],[151.4353,-33.4495],[151.4307,-33.449],[151.4299,-33.4534],[151.4263,-33.4548],[151.4289,-33.4618],[151.4315,-33.4594],[151.433,-33.4541],[151.4354,-33.4568],[151.4319,-33.4584],[151.4352,-33.4638],[151.4367,-33.4639]]]},"properties":{"SAL_CODE21":"12990","SAL_NAME21":"North Avoca","STE_CODE21":"1","STE_NAME21":"New South Wales","AUS_CODE21":"AUS","AUS_NAME21":"Australia","AREASQKM21":1.497,"LOCI_URI21":"http://linked.data.gov.au/dataset/asgsed3/SAL/12990","SHAPE_Leng":0.0892821114421,"SHAPE_Area":0.000145162456129}},
{"type":"Feature","geometry":{"type":"Polygon","coordinates":[[[151.2432,-33.7816],[151.2422,-33.786],[151.2467,-33.7884],[151.2476,-33.7904],[151.2539,-33.7923],[151.26,-33.7885],[151.2607,-33.7846],[151.2556,-33.7838],[151.2432,-33.7816]]]},"properties":{"SAL_CODE21":"12991","SAL_NAME21":"North Balgowlah","STE_CODE21":"1","STE_NAME21":"New South Wales","AUS_CODE21":"AUS","AUS_NAME21":"Australia","AREASQKM21":1.1218,"LOCI_URI21":"http://linked.data.gov.au/dataset/asgsed3/SAL/12991","SHAPE_Leng":0.0523276504089,"SHAPE_Area":0.000109162813798}},
{"type":"Feature","geometry":{"type":"Polygon","coordinates":[[[151.2819,-33.8913],[151.2859,-33.8919],[151.286,-33.8861],[151.2849,-33.8834],[151.2824,-33.8811],[151.2792,-33.8808],[151.2775,-33.8786],[151.271,-33.8787],[151.268,-33.885],[151.276,-33.8854],[151.2829,-33.8897],[151.2819,-33.8913]]]},"properties":{"SAL_CODE21":"12994","SAL_NAME21":"North Bondi","STE_CODE21":"1","STE_NAME21":"New South Wales","AUS_CODE21":"AUS","AUS_NAME21":"Australia","AREASQKM21":1.2637,"LOCI_URI21":"http://linked.data.gov.au/dataset/asgsed3/SAL/12994","SHAPE_Leng":0.0671009582233,"SHAPE_Area":0.000123170336004}},
{"type":"Feature","geometry":{"type":"Polygon","coordinates":[[[151.2792,-33.7662],[151.2814,-33.7637],[151.2896,-33.7658],[151.2939,-33.7645],[151.2977,-33.765],[151.2995,-33.7671],[151.3023,-33.7679],[151.3019,-33.7616],[151.296,-33.7602],[151.2805,-33.7598],[151.2792,-33.7662]]]},"properties":{"SAL_CODE21":"12998","SAL_NAME21":"North Curl Curl","STE_CODE21":"1","STE_NAME21":"New South Wales","AUS_CODE21":"AUS","AUS_NAME21":"Australia","AREASQKM21":1.18,"LOCI_URI21":"http://linked.data.gov.au/dataset/asgsed3/SAL/12998","SHAPE_Leng":0.0731837526747,"SHAPE_Area":0.000114853278216}},
{"type":"Feature","geometry":{"type":"Polygon","coordinates":[[[151.0836,-33.7642],[151.0943,-33.7645],[151.0973,-33.7657],[151.101,-33.7626],[151.1054,-33.7612],[151.1054,-33.7576],[151.1001,-33.7535],[151.0972,-33.7518],[151.0889,-33.7528],[151.0856,-33.7536],[151.0829,-33.7611],[151.0836,-33.7642]]]},"properties":{"SAL_CODE21":"13000","SAL_NAME21":"North Epping","STE_CODE21":"1","STE_NAME21":"New South Wales","AUS_CODE21":"AUS","AUS_NAME21":"Australia","AREASQKM21":2.3331,"LOCI_URI21":"http://linked.data.gov.au/dataset/asgsed3/SAL/13000","SHAPE_Leng":0.0664323272188,"SHAPE_Area":0.000227047270912}},
{"type":"Feature","geometry":{"type":"Polygon","coordinates":[[[151.3511,-33.4234],[151.356,-33.4242],[151.362,-33.4231],[151.3651,-33.4191],[151.3687,-33.4181],[151.3631,-33.415],[151.3443,-33.4124],[151.3426,-33.4157],[151.3428,-33.4189],[151.3518,-33.4201],[151.3511,-33.4234]]]},"properties":{"SAL_CODE21":"13001","SAL_NAME21":"North Gosford","STE_CODE21":"1","STE_NAME21":"New South Wales","AUS_CODE21":"AUS","AUS_NAME21":"Australia","AREASQKM21":1.9163,"LOCI_URI21":"http://linked.data.gov.au/dataset/asgsed3/SAL/13001","SHAPE_Leng":0.0690071934761,"SHAPE_Area":0.000185771184765}},
{"type":"Feature","geometry":{"type":"Polygon","coordinates":[[[150.9329,-33.6597],[150.9307,-33.666],[150.935,-33.6709],[150.9331,-33.675],[150.9297,-33.6767],[150.9311,-33.6794],[150.9283,-33.6816],[150.932,-33.6835],[150.9339,-33.6873],[150.9408,-33.6885],[150.9435,-33.688],[150.9464,-33.6931],[150.9526,-33.7002],[150.9545,-33.7011],[150.9675,-33.697],[150.9694,-33.6958],[150.9689,-33.6928],[150.9674,-33.691],[150.9677,-33.688],[150.9629,-33.6829],[150.9621,-33.6798],[150.9563,-33.6761],[150.9491,-33.6739],[150.9467,-33.668],[150.943,-33.6675],[150.9379,-33.6642],[150.9369,-33.6612],[150.9329,-33.6597]]]},"properties":{"SAL_CODE21":"13003","SAL_NAME21":"North Kellyville","STE_CODE21":"1","STE_NAME21":"New South Wales","AUS_CODE21":"AUS","AUS_NAME21":"Australia","AREASQKM21":8.0711,"LOCI_URI21":"http://linked.data.gov.au/dataset/asgsed3/SAL/13003","SHAPE_Leng":0.14745393298,"SHAPE_Area":0.000784777619577}},
{"type":"Feature","geometry":{"type":"Polygon","coordinates":[[[151.2667,-33.7764],[151.2707,-33.7754],[151.274,-33.7774],[151.2765,-33.7847],[151.279,-33.7828],[151.2839,-33.7845],[151.2792,-33.7821],[151.2755,-33.7788],[151.2761,-33.7763],[151.2737,-33.7749],[151.2749,-33.7719],[151.2786,-33.7726],[151.2786,-33.7693],[151.2788,-33.7684],[151.2728,-33.7676],[151.2681,-33.768],[151.266,-33.7703],[151.2667,-33.7764]]]},"properties":{"SAL_CODE21":"13007","SAL_NAME21":"North Manly","STE_CODE21":"1","STE_NAME21":"New South Wales","AUS_CODE21":"AUS","AUS_NAME21":"Australia","AREASQKM21":1.0967,"LOCI_URI21":"http://linked.data.gov.au/dataset/asgsed3/SAL/13007","SHAPE_Leng":0.0796495286434,"SHAPE_Area":0.000106735764108}},
{"type":"Feature","geometry":{"type":"Polygon","coordinates":[[[151.2855,-33.7104],[151.2902,-33.7118],[151.2935,-33.7146],[151.2968,-33.7113],[151.2979,-33.7039],[151.3001,-33.7029],[151.307,-33.7023],[151.3102,-33.7032],[151.3068,-33.6999],[151.3008,-33.6977],[151.2919,-33.6964],[151.2897,-33.694],[151.2835,-33.6918],[151.2832,-33.6917],[151.2865,-33.6973],[151.2848,-33.7022],[151.2869,-33.7025],[151.2855,-33.7104]]]},"properties":{"SAL_CODE21":"13009","SAL_NAME21":"North Narrabeen","STE_CODE21":"1","STE_NAME21":"New South Wales","AUS_CODE21":"AUS","AUS_NAME21":"Australia","AREASQKM21":2.509,"LOCI_URI21":"http://linked.data.gov.au/dataset/asgsed3/SAL/13009","SHAPE_Leng":0.106284662004,"SHAPE_Area":0.000244030200729}},
{"type":"Feature","geometry":{"type":"Polygon","coordinates":[[[151.0212,-33.7826],[151.0207,-33.7801],[151.0133,-33.7791],[151.0081,-33.7879],[150.9998,-33.7934],[150.9993,-33.7964],[150.9962,-33.7989],[150.9957,-33.8008],[150.999,-33.804],[151.0018,-33.8062],[151.0039,-33.8043],[151.0079,-33.8038],[151.007,-33.8088],[151.0099,-33.8091],[151.0202,-33.8079],[151.0238,-33.8042],[151.0245,-33.8007],[151.0158,-33.7987],[151.0142,-33.7964],[151.02,-33.7925],[151.0221,-33.79],[151.0278,-33.788],[151.0268,-33.7827],[151.0212,-33.7826]]]},"properties":{"SAL_CODE21":"13011","SAL_NAME21":"North Parramatta","STE_CODE21":"1","STE_NAME21":"New South Wales","AUS_CODE21":"AUS","AUS_NAME21":"Australia","AREASQKM21":5.2719,"LOCI_URI21":"http://linked.data.gov.au/dataset/asgsed3/SAL/13011","SHAPE_Leng":0.135736455849,"SHAPE_Area":0.000513239395236}},
{"type":"Feature","geometry":{"type":"Polygon","coordinates":[[[150.7246,-33.5848],[150.7319,-33.581],[150.7338,-33.5799],[150.742,-33.5705],[150.7506,-33.5671],[150.7597,-33.5651],[150.7583,-33.5645],[150.7554,-33.5517],[150.7616,-33.5521],[150.7623,-33.5483],[150.7585,-33.5478],[150.7578,-33.5458],[150.7551,-33.5476],[150.7519,-33.5472],[150.7532,-33.5395],[150.7466,-33.5385],[150.7448,-33.5383],[150.743,-33.5489],[150.74,-33.5497],[150.7336,-33.5487],[150.7309,-33.5515],[150.7269,-33.5516],[150.7264,-33.5541],[150.7227,-33.5539],[150.7176,-33.5573],[150.7165,-33.5549],[150.7123,-33.5508],[150.7079,-33.5494],[150.7059,-33.5527],[150.7073,-33.5544],[150.7028,-33.5576],[150.7064,-33.5611],[150.7026,-33.5633],[150.6995,-33.5604],[150.6975,-33.5636],[150.6849,-33.562],[150.6817,-33.572],[150.6824,-33.5741],[150.6864,-33.5746],[150.6864,-33.5801],[150.6891,-33.5814],[150.6915,-33.5867],[150.6974,-33.5897],[150.698,-33.5922],[150.7046,-33.5959],[150.7093,-33.5927],[150.7118,-33.5921],[150.7246,-33.5848]]]},"properties":{"SAL_CODE21":"13012","SAL_NAME21":"North Richmond","STE_CODE21":"1","STE_NAME21":"New South Wales","AUS_CODE21":"AUS","AUS_NAME21":"Australia","AREASQKM21":22.1181,"LOCI_URI21":"http://linked.data.gov.au/dataset/asgsed3/SAL/13012","SHAPE_Leng":0.291424367592,"SHAPE_Area":0.00214770289063}},
{"type":"Feature","geometry":{"type":"Polygon","coordinates":[[[151.0052,-33.7669],[151.0057,-33.7753],[151.0097,-33.7798],[151.0095,-33.782],[150.9973,-33.7911],[150.9998,-33.7934],[151.0081,-33.7879],[151.0133,-33.7791],[151.0207,-33.7801],[151.0212,-33.7826],[151.0256,-33.782],[151.0265,-33.7799],[151.0313,-33.7786],[151.0302,-33.7724],[151.0322,-33.7721],[151.0293,-33.7634],[151.0192,-33.7594],[151.0104,-33.7591],[151.0085,-33.7656],[151.0052,-33.7669]]]},"properties":{"SAL_CODE21":"13013","SAL_NAME21":"North Rocks","STE_CODE21":"1","STE_NAME21":"New South Wales","AUS_CODE21":"AUS","AUS_NAME21":"Australia","AREASQKM21":5.4615,"LOCI_URI21":"http://linked.data.gov.au/dataset/asgsed3/SAL/13013","SHAPE_Leng":0.153347284682,"SHAPE_Area":0.000531592893862}},
{"type":"Feature","geometry":{"type":"Polygon","coordinates":[[[151.1568,-33.7921],[151.1527,-33.7904],[151.1485,-33.7943],[151.1471,-33.7964],[151.1366,-33.794],[151.1344,-33.7944],[151.1254,-33.7872],[151.1169,-33.7841],[151.1097,-33.7938],[151.1213,-33.8027],[151.1243,-33.8043],[151.1272,-33.8094],[151.1335,-33.8035],[151.1381,-33.8068],[151.1411,-33.8066],[151.1436,-33.8029],[151.1452,-33.7998],[151.1526,-33.799],[151.1543,-33.8005],[151.1545,-33.7933],[151.1568,-33.7921]]]},"properties":{"SAL_CODE21":"13015","SAL_NAME21":"North Ryde","STE_CODE21":"1","STE_NAME21":"New South Wales","AUS_CODE21":"AUS","AUS_NAME21":"Australia","AREASQKM21":5.3598,"LOCI_URI21":"http://linked.data.gov.au/dataset/asgsed3/SAL/13015","SHAPE_Leng":0.162350864972,"SHAPE_Area":0.00052178796838}},
{"type":"Feature","geometry":{"type":"Polygon","coordinates":[[[150.7938,-33.7593],[150.7917,-33.7554],[150.7922,-33.753],[150.789,-33.7513],[150.7892,-33.7473],[150.7849,-33.7443],[150.784,-33.741],[150.7781,-33.7437],[150.7749,-33.762],[150.7895,-33.7645],[150.7976,-33.7658],[150.7957,-33.7642],[150.7938,-33.7593]]]},"properties":{"SAL_CODE21":"13017","SAL_NAME21":"North St Marys","STE_CODE21":"1","STE_NAME21":"New South Wales","AUS_CODE21":"AUS","AUS_NAME21":"Australia","AREASQKM21":3.186,"LOCI_URI21":"http://linked.data.gov.au/dataset/asgsed3/SAL/13017","SHAPE_Leng":0.0860362624868,"SHAPE_Area":0.000309999398475}},
{"type":"Feature","geometry":{"type":"Polygon","coordinates":[[[151.0924,-33.8535],[151.0914,-33.8556],[151.0873,-33.8563],[151.0856,-33.8488],[151.0834,-33.8489],[151.0823,-33.8526],[151.0848,-33.8601],[151.0881,-33.8651],[151.0908,-33.8655],[151.0952,-33.867],[151.0928,-33.8602],[151.0924,-33.8535]]]},"properties":{"SAL_CODE21":"13019","SAL_NAME21":"North Strathfield","STE_CODE21":"1","STE_NAME21":"New South Wales","AUS_CODE21":"AUS","AUS_NAME21":"Australia","AREASQKM21":1.0358,"LOCI_URI21":"http://linked.data.gov.au/dataset/asgsed3/SAL/13019","SHAPE_Leng":0.0592255606457,"SHAPE_Area":0.000100895256347}},
{"type":"Feature","geometry":{"type":"Polygon","coordinates":[[[151.2087,-33.8289],[151.2033,-33.8312],[151.2046,-33.8332],[151.2024,-33.8346],[151.2005,-33.8404],[151.2057,-33.8427],[151.2092,-33.842],[151.2106,-33.8437],[151.2117,-33.8437],[151.2157,-33.8444],[151.2152,-33.8411],[151.2114,-33.8386],[151.2126,-33.8329],[151.2147,-33.8298],[151.2087,-33.8289]]]},"properties":{"SAL_CODE21":"13020","SAL_NAME21":"North Sydney","STE_CODE21":"1","STE_NAME21":"New South Wales","AUS_CODE21":"AUS","AUS_NAME21":"Australia","AREASQKM21":1.4753,"LOCI_URI21":"http://linked.data.gov.au/dataset/asgsed3/SAL/13020","SHAPE_Leng":0.0839673666934,"SHAPE_Area":0.000143678940285}},
{"type":"Feature","geometry":{"type":"Polygon","coordinates":[[[151.1378,-33.6844],[151.1377,-33.6931],[151.1408,-33.6969],[151.1441,-33.7087],[151.1445,-33.7118],[151.1434,-33.7164],[151.143,-33.7184],[151.1487,-33.7213],[151.1513,-33.7181],[151.1548,-33.7158],[151.1548,-33.7079],[151.1562,-33.7046],[151.1595,-33.702],[151.159,-33.7003],[151.1643,-33.6934],[151.1675,-33.6881],[151.1659,-33.6861],[151.1719,-33.6775],[151.1688,-33.6762],[151.1672,-33.6723],[151.1689,-33.6678],[151.1669,-33.6645],[151.1627,-33.6617],[151.1615,-33.6596],[151.1597,-33.6605],[151.1576,-33.6637],[151.1539,-33.6645],[151.1515,-33.6694],[151.1486,-33.67],[151.1471,-33.6745],[151.1417,-33.6779],[151.138,-33.6781],[151.1363,-33.6823],[151.138,-33.6834],[151.1378,-33.6844]]]},"properties":{"SAL_CODE21":"13023","SAL_NAME21":"North Turramurra","STE_CODE21":"1","STE_NAME21":"New South Wales","AUS_CODE21":"AUS","AUS_NAME21":"Australia","AREASQKM21":11.6142,"LOCI_URI21":"http://linked.data.gov.au/dataset/asgsed3/SAL/13023","SHAPE_Leng":0.181201580858,"SHAPE_Area":0.00112933331188}},
{"type":"Feature","geometry":{"type":"Polygon","coordinates":[[[151.1214,-33.6923],[151.118,-33.7018],[151.1194,-33.7039],[151.1232,-33.7052],[151.1375,-33.707],[151.1441,-33.7087],[151.1408,-33.6969],[151.1377,-33.6931],[151.1378,-33.6844],[151.1349,-33.685],[151.1291,-33.6895],[151.1237,-33.6889],[151.1214,-33.6923]]]},"properties":{"SAL_CODE21":"13025","SAL_NAME21":"North Wahroonga","STE_CODE21":"1","STE_NAME21":"New South Wales","AUS_CODE21":"AUS","AUS_NAME21":"Australia","AREASQKM21":3.8916,"LOCI_URI21":"http://linked.data.gov.au/dataset/asgsed3/SAL/13025","SHAPE_Leng":0.0982041718984,"SHAPE_Area":0.00037841766455}},
{"type":"Feature","geometry":{"type":"Polygon","coordinates":[[[151.1944,-33.7998],[151.2029,-33.8011],[151.201,-33.7969],[151.2082,-33.7947],[151.2063,-33.7902],[151.203,-33.7902],[151.1952,-33.793],[151.1944,-33.7998]]]},"properties":{"SAL_CODE21":"13026","SAL_NAME21":"North Willoughby","STE_CODE21":"1","STE_NAME21":"New South Wales","AUS_CODE21":"AUS","AUS_NAME21":"Australia","AREASQKM21":0.9346,"LOCI_URI21":"http://linked.data.gov.au/dataset/asgsed3/SAL/13026","SHAPE_Leng":0.0498228639529,"SHAPE_Area":0.0000909723927949}},
{"type":"Feature","geometry":{"type":"Polygon","coordinates":[[[151.22,-33.8177],[151.2234,-33.8172],[151.23,-33.8137],[151.2323,-33.8072],[151.23,-33.8053],[151.2253,-33.805],[151.2193,-33.8067],[151.2173,-33.8054],[151.2126,-33.8045],[151.2091,-33.8054],[151.2051,-33.8065],[151.2043,-33.8114],[151.2056,-33.8134],[151.2098,-33.8152],[151.2104,-33.8177],[151.2156,-33.8159],[151.22,-33.8177]]]},"properties":{"SAL_CODE21":"13032","SAL_NAME21":"Northbridge (NSW)","STE_CODE21":"1","STE_NAME21":"New South Wales","AUS_CODE21":"AUS","AUS_NAME21":"Australia","AREASQKM21":2.7281,"LOCI_URI21":"http://linked.data.gov.au/dataset/asgsed3/SAL/13032","SHAPE_Leng":0.0883522395671,"SHAPE_Area":0.000265642716511}},
{"type":"Feature","geometry":{"type":"Polygon","coordinates":[[[151.001,-33.7712],[151.0011,-33.7758],[150.9969,-33.7816],[150.9928,-33.7805],[150.9918,-33.7835],[150.9891,-33.7843],[150.9855,-33.7884],[150.9829,-33.7853],[150.9794,-33.7848],[150.9772,-33.7897],[150.9837,-33.7948],[150.9792,-33.7995],[150.9809,-33.8003],[150.9896,-33.7991],[150.9962,-33.7989],[150.9993,-33.7964],[150.9998,-33.7934],[150.9973,-33.7911],[151.0095,-33.782],[151.0097,-33.7798],[151.0057,-33.7753],[151.0052,-33.7669],[151.003,-33.7674],[151.001,-33.7712]]]},"properties":{"SAL_CODE21":"13033","SAL_NAME21":"Northmead","STE_CODE21":"1","STE_NAME21":"New South Wales","AUS_CODE21":"AUS","AUS_NAME21":"Australia","AREASQKM21":4.2857,"LOCI_URI21":"http://linked.data.gov.au/dataset/asgsed3/SAL/13033","SHAPE_Leng":0.149007112833,"SHAPE_Area":0.000417146503219}},
{"type":"Feature","geometry":{"type":"Polygon","coordinates":[[[151.1799,-33.8253],[151.1747,-33.8254],[151.1749,-33.8284],[151.1789,-33.8325],[151.1821,-33.8297],[151.1799,-33.8253]]]},"properties":{"SAL_CODE21":"13034","SAL_NAME21":"Northwood (NSW)","STE_CODE21":"1","STE_NAME21":"New South Wales","AUS_CODE21":"AUS","AUS_NAME21":"Australia","AREASQKM21":0.382,"LOCI_URI21":"http://linked.data.gov.au/dataset/asgsed3/SAL/13034","SHAPE_Leng":0.029232738766,"SHAPE_Area":0.0000372000868538}},
{"type":"Feature","geometry":{"type":"Polygon","coordinates":[[[150.9734,-33.7344],[150.9722,-33.7323],[150.9724,-33.7251],[150.9698,-33.7229],[150.9637,-33.7197],[150.9609,-33.7218],[150.9572,-33.7223],[150.9536,-33.7279],[150.9553,-33.7319],[150.9556,-33.7371],[150.9616,-33.7379],[150.9658,-33.7367],[150.9668,-33.7399],[150.9724,-33.738],[150.9734,-33.7344]]]},"properties":{"SAL_CODE21":"13036","SAL_NAME21":"Norwest","STE_CODE21":"1","STE_NAME21":"New South Wales","AUS_CODE21":"AUS","AUS_NAME21":"Australia","AREASQKM21":2.8067,"LOCI_URI21":"http://linked.data.gov.au/dataset/asgsed3/SAL/13036","SHAPE_Leng":0.0752672696638,"SHAPE_Area":0.000273054321918}},
{"type":"Feature","geometry":{"type":"Polygon","coordinates":[[[150.5338,-34.0741],[150.5339,-34.068],[150.5321,-34.0669],[150.5354,-34.0615],[150.54,-34.0594],[150.5389,-34.0536],[150.5373,-34.0511],[150.5415,-34.0465],[150.5482,-34.0476],[150.5477,-34.0501],[150.5536,-34.0507],[150.5492,-34.0473],[150.5496,-34.0438],[150.5541,-34.0365],[150.5567,-34.034],[150.5581,-34.0269],[150.5596,-34.025],[150.5585,-34.0196],[150.5548,-34.0153],[150.5518,-34.0158],[150.5486,-34.0176],[150.5437,-34.0172],[150.5396,-34.0203],[150.5387,-34.0226],[150.5305,-34.0254],[150.5255,-34.0209],[150.5263,-34.0172],[150.5291,-34.0144],[150.5086,-34.0109],[150.5094,-34.0064],[150.5086,-34.0027],[150.5045,-34.0022],[150.5034,-34.0056],[150.5058,-34.0103],[150.5021,-34.0114],[150.5022,-34.015],[150.4971,-34.0146],[150.4946,-34.0131],[150.4873,-34.0175],[150.4829,-34.0212],[150.4787,-34.0231],[150.4735,-34.0239],[150.4696,-34.0234],[150.4666,-34.0248],[150.4605,-34.0172],[150.4574,-34.02],[150.4564,-34.0241],[150.4591,-34.0281],[150.4614,-34.0334],[150.4603,-34.0367],[150.4606,-34.0422],[150.465,-34.0447],[150.4677,-34.0444],[150.4703,-34.0467],[150.475,-34.0467],[150.477,-34.0495],[150.4771,-34.0525],[150.4808,-34.0549],[150.4798,-34.0603],[150.4815,-34.0657],[150.4774,-34.0876],[150.4731,-34.0957],[150.4747,-34.0974],[150.4705,-34.1053],[150.4677,-34.1069],[150.4641,-34.1118],[150.4613,-34.1121],[150.4629,-34.1175],[150.4652,-34.1208],[150.4654,-34.1246],[150.4606,-34.1261],[150.4585,-34.1254],[150.4566,-34.1253],[150.4518,-34.1337],[150.4559,-34.1363],[150.4602,-34.1371],[150.4699,-34.141],[150.4765,-34.1406],[150.4787,-34.1378],[150.4833,-34.1371],[150.4891,-34.1345],[150.4959,-34.1294],[150.4983,-34.1289],[150.497,-34.1356],[150.5023,-34.1364],[150.5008,-34.1437],[150.5052,-34.1442],[150.5067,-34.147],[150.5105,-34.1489],[150.5148,-34.1469],[150.523,-34.1458],[150.5282,-34.1487],[150.5329,-34.1497],[150.5345,-34.1412],[150.5357,-34.135],[150.5415,-34.1357],[150.5487,-34.1306],[150.549,-34.1269],[150.5471,-34.1212],[150.5511,-34.1131],[150.5518,-34.1098],[150.5495,-34.1091],[150.5504,-34.1054],[150.5287,-34.1027],[150.5302,-34.0926],[150.5267,-34.0922],[150.5275,-34.0878],[150.5318,-34.0835],[150.5338,-34.0741]]]},"properties":{"SAL_CODE21":"13065","SAL_NAME21":"Oakdale (NSW)","STE_CODE21":"1","STE_NAME21":"New South Wales","AUS_CODE21":"AUS","AUS_NAME21":"Australia","AREASQKM21":94.0105,"LOCI_URI21":"http://linked.data.gov.au/dataset/asgsed3/SAL/13065","SHAPE_Leng":0.665431903765,"SHAPE_Area":0.00918225174591}},
{"type":"Feature","geometry":{"type":"Polygon","coordinates":[[[150.8291,-33.7355],[150.8279,-33.7411],[150.8284,-33.7439],[150.8425,-33.7444],[150.8467,-33.745],[150.8494,-33.7337],[150.8487,-33.733],[150.846,-33.7294],[150.8418,-33.7376],[150.8388,-33.7371],[150.8303,-33.731],[150.8291,-33.7355]]]},"properties":{"SAL_CODE21":"13069","SAL_NAME21":"Oakhurst (NSW)","STE_CODE21":"1","STE_NAME21":"New South Wales","AUS_CODE21":"AUS","AUS_NAME21":"Australia","AREASQKM21":2.0268,"LOCI_URI21":"http://linked.data.gov.au/dataset/asgsed3/SAL/13069","SHAPE_Leng":0.0721497411398,"SHAPE_Area":0.000197188807831}},
{"type":"Feature","geometry":{"type":"Polygon","coordinates":[[[150.8896,-33.6335],[150.9044,-33.6118],[150.9088,-33.6051],[150.9055,-33.6041],[150.8992,-33.6091],[150.8978,-33.6118],[150.895,-33.6127],[150.8943,-33.6161],[150.8916,-33.6204],[150.8872,-33.6181],[150.8856,-33.6143],[150.8818,-33.6122],[150.8754,-33.607],[150.8768,-33.6017],[150.8632,-33.596],[150.8571,-33.6048],[150.8581,-33.609],[150.8556,-33.6125],[150.858,-33.6147],[150.8513,-33.6151],[150.8463,-33.6192],[150.8483,-33.6255],[150.8531,-33.63],[150.8586,-33.6325],[150.8596,-33.6356],[150.8641,-33.6379],[150.8721,-33.6448],[150.878,-33.6508],[150.8896,-33.6335]]]},"properties":{"SAL_CODE21":"13071","SAL_NAME21":"Oakville","STE_CODE21":"1","STE_NAME21":"New South Wales","AUS_CODE21":"AUS","AUS_NAME21":"Australia","AREASQKM21":15.1475,"LOCI_URI21":"http://linked.data.gov.au/dataset/asgsed3/SAL/13071","SHAPE_Leng":0.238969592397,"SHAPE_Area":0.00147179216632}},
{"type":"Feature","geometry":{"type":"Polygon","coordinates":[[[151.0278,-33.788],[151.0221,-33.79],[151.02,-33.7925],[151.0142,-33.7964],[151.0158,-33.7987],[151.0245,-33.8007],[151.0238,-33.8042],[151.0292,-33.8041],[151.0357,-33.8014],[151.0365,-33.7961],[151.0344,-33.7942],[151.0338,-33.7868],[151.0315,-33.7862],[151.0278,-33.788]]]},"properties":{"SAL_CODE21":"13074","SAL_NAME21":"Oatlands (NSW)","STE_CODE21":"1","STE_NAME21":"New South Wales","AUS_CODE21":"AUS","AUS_NAME21":"Australia","AREASQKM21":2.4621,"LOCI_URI21":"http://linked.data.gov.au/dataset/asgsed3/SAL/13074","SHAPE_Leng":0.0728387221362,"SHAPE_Area":0.000239713997622}},
{"type":"Feature","geometry":{"type":"Polygon","coordinates":[[[151.0878,-33.9768],[151.0861,-33.9733],[151.0826,-33.9755],[151.0786,-33.9759],[151.0737,-33.9702],[151.0714,-33.9733],[151.0677,-33.9757],[151.0643,-33.9764],[151.0597,-33.9775],[151.0588,-33.98],[151.0543,-33.9836],[151.0583,-33.9857],[151.0612,-33.9825],[151.0636,-33.9835],[151.0641,-33.9873],[151.0676,-33.9861],[151.0726,-33.9872],[151.0696,-33.9905],[151.072,-33.9943],[151.084,-33.9925],[151.0822,-33.989],[151.0885,-33.9852],[151.088,-33.9827],[151.0889,-33.9788],[151.0878,-33.9768]]]},"properties":{"SAL_CODE21":"13075","SAL_NAME21":"Oatley","STE_CODE21":"1","STE_NAME21":"New South Wales","AUS_CODE21":"AUS","AUS_NAME21":"Australia","AREASQKM21":4.3738,"LOCI_URI21":"http://linked.data.gov.au/dataset/asgsed3/SAL/13075","SHAPE_Leng":0.140918967061,"SHAPE_Area":0.000426736409642}},
{"type":"Feature","geometry":{"type":"Polygon","coordinates":[[[150.9905,-33.8641],[150.9825,-33.8572],[150.9793,-33.8601],[150.9789,-33.866],[150.9803,-33.8698],[150.9855,-33.8705],[150.9905,-33.8641]]]},"properties":{"SAL_CODE21":"13088","SAL_NAME21":"Old Guildford","STE_CODE21":"1","STE_NAME21":"New South Wales","AUS_CODE21":"AUS","AUS_NAME21":"Australia","AREASQKM21":0.961,"LOCI_URI21":"http://linked.data.gov.au/dataset/asgsed3/SAL/13088","SHAPE_Leng":0.0399684705389,"SHAPE_Area":0.0000936189646359}},
{"type":"Feature","geometry":{"type":"Polygon","coordinates":[[[150.9772,-33.7897],[150.9794,-33.7848],[150.977,-33.7849],[150.9736,-33.7812],[150.9669,-33.7811],[150.9639,-33.7953],[150.9647,-33.7986],[150.9664,-33.7965],[150.9691,-33.7951],[150.9695,-33.7904],[150.973,-33.7865],[150.9772,-33.7897]]]},"properties":{"SAL_CODE21":"13092","SAL_NAME21":"Old Toongabbie","STE_CODE21":"1","STE_NAME21":"New South Wales","AUS_CODE21":"AUS","AUS_NAME21":"Australia","AREASQKM21":1.2743,"LOCI_URI21":"http://linked.data.gov.au/dataset/asgsed3/SAL/13092","SHAPE_Leng":0.0730146205559,"SHAPE_Area":0.000124058322755}},
{"type":"Feature","geometry":{"type":"Polygon","coordinates":[[[150.7321,-33.9891],[150.7263,-33.9949],[150.7232,-33.9998],[150.7226,-34.0024],[150.7244,-34.0118],[150.7281,-34.0123],[150.7333,-34.0147],[150.7413,-34.0134],[150.7464,-34.0177],[150.7503,-34.0188],[150.7612,-34.02],[150.7619,-34.0187],[150.7529,-34.0139],[150.7518,-34.007],[150.7532,-34.0022],[150.7557,-34.0001],[150.7567,-33.9901],[150.7553,-33.9857],[150.7561,-33.9833],[150.7547,-33.9804],[150.7549,-33.972],[150.7558,-33.9681],[150.7547,-33.9635],[150.7526,-33.9633],[150.7388,-33.9615],[150.7372,-33.9721],[150.7356,-33.9749],[150.7355,-33.9794],[150.7335,-33.9835],[150.7336,-33.9871],[150.7321,-33.9891]]]},"properties":{"SAL_CODE21":"13102","SAL_NAME21":"Oran Park","STE_CODE21":"1","STE_NAME21":"New South Wales","AUS_CODE21":"AUS","AUS_NAME21":"Australia","AREASQKM21":13.2477,"LOCI_URI21":"http://linked.data.gov.au/dataset/asgsed3/SAL/13102","SHAPE_Leng":0.190044219006,"SHAPE_Area":0.00129266508418}},
{"type":"Feature","geometry":{"type":"Polygon","coordinates":[[[150.6557,-34.0225],[150.651,-34.02],[150.6476,-34.0162],[150.6467,-34.0126],[150.6364,-34.0059],[150.6351,-34.0079],[150.6261,-34.0064],[150.6194,-34.0092],[150.6182,-34.0057],[150.6096,-34.0014],[150.6089,-34.0027],[150.5997,-34.0015],[150.5984,-34.0087],[150.5896,-34.0076],[150.5894,-34.0097],[150.5838,-34.0117],[150.5774,-34.0127],[150.5688,-34.0126],[150.5504,-34.01],[150.5497,-34.0142],[150.5518,-34.0158],[150.5548,-34.0153],[150.5585,-34.0196],[150.5596,-34.025],[150.5581,-34.0269],[150.5567,-34.034],[150.5541,-34.0365],[150.5496,-34.0438],[150.5492,-34.0473],[150.5536,-34.0507],[150.569,-34.0529],[150.5726,-34.0525],[150.5721,-34.0556],[150.5766,-34.0553],[150.5772,-34.0506],[150.5806,-34.0491],[150.5866,-34.048],[150.5943,-34.0502],[150.595,-34.0531],[150.6001,-34.0546],[150.6013,-34.059],[150.6099,-34.0606],[150.6103,-34.0619],[150.6177,-34.0636],[150.6189,-34.0606],[150.6228,-34.0601],[150.625,-34.0566],[150.6311,-34.0524],[150.6328,-34.054],[150.6366,-34.0506],[150.6362,-34.0484],[150.6401,-34.0466],[150.6403,-34.0445],[150.6447,-34.0439],[150.646,-34.0425],[150.6444,-34.0381],[150.6459,-34.0306],[150.6444,-34.0278],[150.6486,-34.0271],[150.648,-34.0235],[150.6557,-34.0225]]]},"properties":{"SAL_CODE21":"13105","SAL_NAME21":"Orangeville","STE_CODE21":"1","STE_NAME21":"New South Wales","AUS_CODE21":"AUS","AUS_NAME21":"Australia","AREASQKM21":42.8623,"LOCI_URI21":"http://linked.data.gov.au/dataset/asgsed3/SAL/13105","SHAPE_Leng":0.36929737526,"SHAPE_Area":0.00418420441119}},
{"type":"Feature","geometry":{"type":"Polygon","coordinates":[[[150.7212,-33.7748],[150.7147,-33.7737],[150.7119,-33.7757],[150.7101,-33.7807],[150.7038,-33.7855],[150.6995,-33.7919],[150.6973,-33.8018],[150.6948,-33.8091],[150.6893,-33.8153],[150.685,-33.8217],[150.6833,-33.8273],[150.6828,-33.834],[150.684,-33.8397],[150.7007,-33.8363],[150.721,-33.8334],[150.743,-33.8314],[150.7601,-33.8289],[150.7664,-33.8292],[150.779,-33.8272],[150.7763,-33.8225],[150.7754,-33.8118],[150.7685,-33.8021],[150.7683,-33.8006],[150.7711,-33.7841],[150.7651,-33.7834],[150.7529,-33.7828],[150.7395,-33.783],[150.7407,-33.7776],[150.7212,-33.7748]]]},"properties":{"SAL_CODE21":"13106","SAL_NAME21":"Orchard Hills","STE_CODE21":"1","STE_NAME21":"New South Wales","AUS_CODE21":"AUS","AUS_NAME21":"Australia","AREASQKM21":43.0734,"LOCI_URI21":"http://linked.data.gov.au/dataset/asgsed3/SAL/13106","SHAPE_Leng":0.28429202772,"SHAPE_Area":0.00419402523781}},
{"type":"Feature","geometry":{"type":"Polygon","coordinates":[[[151.2812,-33.2952],[151.2817,-33.2917],[151.2858,-33.2923],[151.292,-33.291],[151.3093,-33.2932],[151.3079,-33.3011],[151.3121,-33.3016],[151.3113,-33.306],[151.3071,-33.3055],[151.3066,-33.3082],[151.3197,-33.3102],[151.321,-33.3132],[151.3186,-33.3251],[151.3175,-33.3263],[151.3278,-33.3278],[151.3239,-33.3467],[151.3218,-33.3487],[151.2991,-33.3454],[151.3001,-33.3403],[151.2931,-33.3393],[151.2909,-33.3502],[151.2957,-33.3515],[151.2994,-33.3561],[151.3,-33.3605],[151.3026,-33.3624],[151.3069,-33.3628],[151.3122,-33.3647],[151.3218,-33.3655],[151.325,-33.3668],[151.3299,-33.3645],[151.3327,-33.3648],[151.3625,-33.369],[151.3766,-33.3713],[151.3789,-33.375],[151.3835,-33.3737],[151.3895,-33.3763],[151.3955,-33.38],[151.3968,-33.3731],[151.4013,-33.3738],[151.4068,-33.3676],[151.4116,-33.367],[151.4118,-33.366],[151.4068,-33.3653],[151.4052,-33.3618],[151.3991,-33.3609],[151.3986,-33.3632],[151.3946,-33.3644],[151.389,-33.3587],[151.3901,-33.3518],[151.3847,-33.351],[151.382,-33.3467],[151.3861,-33.3436],[151.3898,-33.3391],[151.3926,-33.3371],[151.39,-33.3335],[151.3839,-33.3319],[151.3779,-33.3342],[151.3737,-33.3383],[151.3682,-33.3356],[151.3583,-33.3339],[151.3593,-33.3291],[151.3549,-33.3284],[151.3542,-33.332],[151.3498,-33.3314],[151.3506,-33.3278],[151.3529,-33.328],[151.3537,-33.3244],[151.3601,-33.3253],[151.3607,-33.3223],[151.3639,-33.3228],[151.3647,-33.3191],[151.3691,-33.3198],[151.3683,-33.3234],[151.3658,-33.3262],[151.3732,-33.3272],[151.3783,-33.3254],[151.3845,-33.3263],[151.3855,-33.3213],[151.3854,-33.3167],[151.3825,-33.311],[151.3763,-33.3104],[151.3775,-33.3037],[151.3788,-33.2972],[151.3752,-33.2967],[151.3767,-33.2889],[151.3804,-33.2894],[151.3822,-33.2796],[151.377,-33.2776],[151.3777,-33.273],[151.3734,-33.272],[151.3721,-33.2791],[151.3635,-33.2781],[151.3593,-33.2793],[151.3586,-33.2827],[151.3462,-33.2809],[151.3469,-33.2774],[151.3438,-33.2769],[151.3454,-33.2737],[151.3486,-33.2741],[151.3493,-33.2704],[151.343,-33.2696],[151.341,-33.2704],[151.3396,-33.2777],[151.3308,-33.2765],[151.3296,-33.2819],[151.3181,-33.2803],[151.3189,-33.276],[151.3243,-33.2767],[151.3267,-33.2755],[151.3274,-33.272],[151.3243,-33.2716],[151.3264,-33.261],[151.3173,-33.2597],[151.3163,-33.2643],[151.3129,-33.2638],[151.3139,-33.2592],[151.3111,-33.2588],[151.311,-33.2533],[151.3011,-33.252],[151.3006,-33.2549],[151.2991,-33.2623],[151.2762,-33.2593],[151.277,-33.2551],[151.2726,-33.2543],[151.2422,-33.2502],[151.2405,-33.2578],[151.2527,-33.2586],[151.2535,-33.2612],[151.2577,-33.2666],[151.2564,-33.269],[151.2593,-33.2702],[151.2631,-33.2753],[151.2648,-33.2855],[151.2635,-33.2884],[151.2742,-33.2878],[151.2787,-33.2933],[151.2812,-33.2952]]]},"properties":{"SAL_CODE21":"13114","SAL_NAME21":"Ourimbah","STE_CODE21":"1","STE_NAME21":"New South Wales","AUS_CODE21":"AUS","AUS_NAME21":"Australia","AREASQKM21":87.1535,"LOCI_URI21":"http://linked.data.gov.au/dataset/asgsed3/SAL/13114","SHAPE_Leng":0.904070303058,"SHAPE_Area":0.0084384240683}},
{"type":"Feature","geometry":{"type":"Polygon","coordinates":[[[151.2681,-33.7414],[151.2671,-33.7377],[151.261,-33.7329],[151.2559,-33.7327],[151.2557,-33.7265],[151.2498,-33.7233],[151.2459,-33.7193],[151.2397,-33.7173],[151.2379,-33.7147],[151.2339,-33.7167],[151.2329,-33.7203],[151.2288,-33.7221],[151.231,-33.7259],[151.2282,-33.7285],[151.2281,-33.734],[151.23,-33.7368],[151.2271,-33.739],[151.2366,-33.7368],[151.237,-33.7405],[151.2451,-33.7416],[151.2472,-33.7398],[151.2522,-33.7405],[151.2537,-33.7428],[151.2628,-33.7436],[151.2646,-33.7409],[151.2681,-33.7414]]]},"properties":{"SAL_CODE21":"13117","SAL_NAME21":"Oxford Falls","STE_CODE21":"1","STE_NAME21":"New South Wales","AUS_CODE21":"AUS","AUS_NAME21":"Australia","AREASQKM21":6.4693,"LOCI_URI21":"http://linked.data.gov.au/dataset/asgsed3/SAL/13117","SHAPE_Leng":0.149117638785,"SHAPE_Area":0.000629352978141}},
{"type":"Feature","geometry":{"type":"Polygon","coordinates":[[[150.8034,-33.7769],[150.8034,-33.7768],[150.8028,-33.7729],[150.7976,-33.7658],[150.7895,-33.7645],[150.7879,-33.7696],[150.7884,-33.7736],[150.8034,-33.7769]]]},"properties":{"SAL_CODE21":"13121","SAL_NAME21":"Oxley Park","STE_CODE21":"1","STE_NAME21":"New South Wales","AUS_CODE21":"AUS","AUS_NAME21":"Australia","AREASQKM21":1.2705,"LOCI_URI21":"http://linked.data.gov.au/dataset/asgsed3/SAL/13121","SHAPE_Leng":0.0503953051909,"SHAPE_Area":0.000123636685471}},
{"type":"Feature","geometry":{"type":"Polygon","coordinates":[[[151.0718,-34.008],[151.0739,-34.0106],[151.0762,-34.0178],[151.0777,-34.0126],[151.0863,-34.0029],[151.0909,-34.0028],[151.0891,-33.9972],[151.0829,-33.996],[151.0749,-33.9981],[151.0702,-34.0023],[151.0724,-34.0063],[151.0718,-34.008]]]},"properties":{"SAL_CODE21":"13123","SAL_NAME21":"Oyster Bay","STE_CODE21":"1","STE_NAME21":"New South Wales","AUS_CODE21":"AUS","AUS_NAME21":"Australia","AREASQKM21":2.1011,"LOCI_URI21":"http://linked.data.gov.au/dataset/asgsed3/SAL/13123","SHAPE_Leng":0.111521376749,"SHAPE_Area":0.000205069151341}},
{"type":"Feature","geometry":{"type":"Polygon","coordinates":[[[151.2337,-33.8896],[151.2376,-33.8848],[151.2375,-33.883],[151.2344,-33.8798],[151.2295,-33.8768],[151.2294,-33.8769],[151.2278,-33.879],[151.2248,-33.879],[151.2191,-33.8817],[151.2182,-33.885],[151.2181,-33.8862],[151.2251,-33.8877],[151.2289,-33.8894],[151.2337,-33.8896]]]},"properties":{"SAL_CODE21":"13126","SAL_NAME21":"Paddington (NSW)","STE_CODE21":"1","STE_NAME21":"New South Wales","AUS_CODE21":"AUS","AUS_NAME21":"Australia","AREASQKM21":1.6266,"LOCI_URI21":"http://linked.data.gov.au/dataset/asgsed3/SAL/13126","SHAPE_Leng":0.0584714597789,"SHAPE_Area":0.000158471953584}},
{"type":"Feature","geometry":{"type":"Polygon","coordinates":[[[151.0248,-33.9357],[151.0251,-33.9393],[151.023,-33.9412],[151.0227,-33.945],[151.0241,-33.9497],[151.0187,-33.9551],[151.0224,-33.9562],[151.0217,-33.9601],[151.0231,-33.9639],[151.0319,-33.9646],[151.0354,-33.9666],[151.0415,-33.9635],[151.0403,-33.9594],[151.0409,-33.9545],[151.0427,-33.9489],[151.0419,-33.9474],[151.0405,-33.9427],[151.0403,-33.9367],[151.0385,-33.9339],[151.0365,-33.9357],[151.0269,-33.9344],[151.0248,-33.9357]]]},"properties":{"SAL_CODE21":"13131","SAL_NAME21":"Padstow","STE_CODE21":"1","STE_NAME21":"New South Wales","AUS_CODE21":"AUS","AUS_NAME21":"Australia","AREASQKM21":5.4016,"LOCI_URI21":"http://linked.data.gov.au/dataset/asgsed3/SAL/13131","SHAPE_Leng":0.144502391593,"SHAPE_Area":0.000526782269298}},
{"type":"Feature","geometry":{"type":"Polygon","coordinates":[[[151.0231,-33.9639],[151.0225,-33.9638],[151.0225,-33.9642],[151.0257,-33.9685],[151.0253,-33.9773],[151.0323,-33.9753],[151.0384,-33.9746],[151.0411,-33.9714],[151.0446,-33.9693],[151.0415,-33.9635],[151.0354,-33.9666],[151.0319,-33.9646],[151.0231,-33.9639]]]},"properties":{"SAL_CODE21":"13132","SAL_NAME21":"Padstow Heights","STE_CODE21":"1","STE_NAME21":"New South Wales","AUS_CODE21":"AUS","AUS_NAME21":"Australia","AREASQKM21":1.9307,"LOCI_URI21":"http://linked.data.gov.au/dataset/asgsed3/SAL/13132","SHAPE_Leng":0.0769742160951,"SHAPE_Area":0.000188318064333}},
{"type":"Feature","geometry":{"type":"Polygon","coordinates":[[[151.2216,-33.9455],[151.224,-33.9395],[151.2285,-33.9401],[151.2303,-33.9336],[151.2299,-33.9318],[151.2258,-33.9328],[151.2226,-33.932],[151.2239,-33.929],[151.2207,-33.9277],[151.2187,-33.936],[151.2141,-33.9392],[151.2076,-33.9359],[151.2003,-33.9362],[151.197,-33.9373],[151.2053,-33.9402],[151.2093,-33.9456],[151.2126,-33.9423],[151.2169,-33.9423],[151.2216,-33.9455]]]},"properties":{"SAL_CODE21":"13136","SAL_NAME21":"Pagewood","STE_CODE21":"1","STE_NAME21":"New South Wales","AUS_CODE21":"AUS","AUS_NAME21":"Australia","AREASQKM21":2.1981,"LOCI_URI21":"http://linked.data.gov.au/dataset/asgsed3/SAL/13136","SHAPE_Leng":0.100090560172,"SHAPE_Area":0.000214347542857}},
{"type":"Feature","geometry":{"type":"Polygon","coordinates":[[[151.3319,-33.6172],[151.3298,-33.6172],[151.3282,-33.6133],[151.3303,-33.6067],[151.3354,-33.6073],[151.3357,-33.604],[151.331,-33.6018],[151.3289,-33.599],[151.3259,-33.5989],[151.3252,-33.5946],[151.3265,-33.5885],[151.3298,-33.5826],[151.335,-33.582],[151.3294,-33.5781],[151.3246,-33.5787],[151.3259,-33.5819],[151.3238,-33.5877],[151.3188,-33.5934],[151.3198,-33.5963],[151.3162,-33.601],[151.3166,-33.6029],[151.3202,-33.6048],[151.3255,-33.611],[151.3273,-33.6145],[151.3277,-33.6192],[151.3319,-33.6172]]]},"properties":{"SAL_CODE21":"13143","SAL_NAME21":"Palm Beach (NSW)","STE_CODE21":"1","STE_NAME21":"New South Wales","AUS_CODE21":"AUS","AUS_NAME21":"Australia","AREASQKM21":2.7162,"LOCI_URI21":"http://linked.data.gov.au/dataset/asgsed3/SAL/13143","SHAPE_Leng":0.137591124065,"SHAPE_Area":0.000263819054574}},
{"type":"Feature","geometry":{"type":"Polygon","coordinates":[[[151.2813,-33.313],[151.28,-33.3199],[151.2963,-33.3222],[151.2969,-33.3194],[151.3001,-33.3199],[151.2985,-33.3278],[151.3025,-33.3284],[151.3001,-33.3403],[151.2991,-33.3454],[151.3218,-33.3487],[151.3239,-33.3467],[151.3278,-33.3278],[151.3175,-33.3263],[151.3186,-33.3251],[151.321,-33.3132],[151.3197,-33.3102],[151.3066,-33.3082],[151.3071,-33.3055],[151.3113,-33.306],[151.3121,-33.3016],[151.3079,-33.3011],[151.3093,-33.2932],[151.292,-33.291],[151.2858,-33.2923],[151.2817,-33.2917],[151.2812,-33.2952],[151.2813,-33.2985],[151.2792,-33.3],[151.2813,-33.3026],[151.2825,-33.3073],[151.2813,-33.313]]]},"properties":{"SAL_CODE21":"13144","SAL_NAME21":"Palm Grove (NSW)","STE_CODE21":"1","STE_NAME21":"New South Wales","AUS_CODE21":"AUS","AUS_NAME21":"Australia","AREASQKM21":16.1131,"LOCI_URI21":"http://linked.data.gov.au/dataset/asgsed3/SAL/13144","SHAPE_Leng":0.229283525709,"SHAPE_Area":0.00156021252313}},
{"type":"Feature","geometry":{"type":"Polygon","coordinates":[[[151.3845,-33.3263],[151.3783,-33.3254],[151.3732,-33.3272],[151.3658,-33.3262],[151.3683,-33.3234],[151.3691,-33.3198],[151.3647,-33.3191],[151.3639,-33.3228],[151.3607,-33.3223],[151.3601,-33.3253],[151.3537,-33.3244],[151.3529,-33.328],[151.3506,-33.3278],[151.3498,-33.3314],[151.3542,-33.332],[151.3549,-33.3284],[151.3593,-33.3291],[151.3583,-33.3339],[151.3682,-33.3356],[151.3737,-33.3383],[151.3779,-33.3342],[151.3839,-33.3319],[151.3845,-33.3263]]]},"properties":{"SAL_CODE21":"13145","SAL_NAME21":"Palmdale (NSW)","STE_CODE21":"1","STE_NAME21":"New South Wales","AUS_CODE21":"AUS","AUS_NAME21":"Australia","AREASQKM21":3.0767,"LOCI_URI21":"http://linked.data.gov.au/dataset/asgsed3/SAL/13145","SHAPE_Leng":0.115954936925,"SHAPE_Area":0.000297953940194}},
{"type":"Feature","geometry":{"type":"Polygon","coordinates":[[[150.9939,-33.9664],[151.0017,-33.9655],[151.0053,-33.9659],[151.0095,-33.9624],[151.0111,-33.9604],[151.0108,-33.9528],[151.0061,-33.9531],[151.0055,-33.9487],[151.0065,-33.9439],[151.001,-33.9426],[150.9959,-33.9438],[150.9902,-33.9436],[150.9824,-33.9446],[150.9806,-33.9537],[150.9789,-33.9533],[150.9821,-33.9549],[150.982,-33.958],[150.9886,-33.9549],[150.995,-33.9557],[150.9959,-33.9614],[150.9939,-33.9622],[150.9939,-33.9664]]]},"properties":{"SAL_CODE21":"13155","SAL_NAME21":"Panania","STE_CODE21":"1","STE_NAME21":"New South Wales","AUS_CODE21":"AUS","AUS_NAME21":"Australia","AREASQKM21":4.7507,"LOCI_URI21":"http://linked.data.gov.au/dataset/asgsed3/SAL/13155","SHAPE_Leng":0.129137699839,"SHAPE_Area":0.000463299546277}},
{"type":"Feature","geometry":{"type":"Polygon","coordinates":[[[150.9214,-33.7312],[150.925,-33.7273],[150.9201,-33.7237],[150.9191,-33.7203],[150.9168,-33.72],[150.9108,-33.7192],[150.9094,-33.7261],[150.9132,-33.7266],[150.914,-33.7297],[150.9214,-33.7312]]]},"properties":{"SAL_CODE21":"13164","SAL_NAME21":"Parklea","STE_CODE21":"1","STE_NAME21":"New South Wales","AUS_CODE21":"AUS","AUS_NAME21":"Australia","AREASQKM21":1.0605,"LOCI_URI21":"http://linked.data.gov.au/dataset/asgsed3/SAL/13164","SHAPE_Leng":0.0473501721825,"SHAPE_Area":0.000103149450749}},
{"type":"Feature","geometry":{"type":"Polygon","coordinates":[[[151.0226,-33.8143],[151.0237,-33.8092],[151.028,-33.809],[151.0292,-33.8041],[151.0238,-33.8042],[151.0202,-33.8079],[151.0099,-33.8091],[151.007,-33.8088],[151.0079,-33.8038],[151.0039,-33.8043],[151.0018,-33.8062],[150.999,-33.804],[150.9957,-33.8034],[150.99,-33.8109],[150.994,-33.8151],[150.9936,-33.8185],[150.9941,-33.8214],[150.9901,-33.8212],[150.9883,-33.8239],[150.9943,-33.8266],[150.9965,-33.8257],[151.0073,-33.8245],[151.0073,-33.8195],[151.0107,-33.8181],[151.0169,-33.8186],[151.0167,-33.8202],[151.0221,-33.818],[151.0226,-33.8143]]]},"properties":{"SAL_CODE21":"13167","SAL_NAME21":"Parramatta","STE_CODE21":"1","STE_NAME21":"New South Wales","AUS_CODE21":"AUS","AUS_NAME21":"Australia","AREASQKM21":5.2345,"LOCI_URI21":"http://linked.data.gov.au/dataset/asgsed3/SAL/13167","SHAPE_Leng":0.146582339188,"SHAPE_Area":0.000509709684992}},
{"type":"Feature","geometry":{"type":"Polygon","coordinates":[[[151.2499,-33.5584],[151.2528,-33.5614],[151.2581,-33.5701],[151.2621,-33.5667],[151.2632,-33.5637],[151.2685,-33.5646],[151.2687,-33.5564],[151.271,-33.5527],[151.2771,-33.5509],[151.2795,-33.5535],[151.2856,-33.5532],[151.2961,-33.5561],[151.3019,-33.5569],[151.3101,-33.5543],[151.3086,-33.5509],[151.3102,-33.5462],[151.3026,-33.5494],[151.2976,-33.55],[151.2985,-33.5455],[151.3019,-33.5438],[151.3022,-33.5372],[151.3063,-33.5352],[151.2965,-33.5338],[151.3018,-33.5079],[151.2991,-33.5066],[151.3002,-33.5033],[151.2951,-33.5018],[151.2935,-33.5096],[151.2913,-33.5147],[151.2882,-33.5142],[151.2783,-33.5162],[151.2779,-33.5189],[151.2733,-33.5197],[151.2709,-33.5259],[151.2656,-33.5283],[151.2636,-33.5312],[151.2602,-33.533],[151.2577,-33.544],[151.2554,-33.5472],[151.2538,-33.5543],[151.2509,-33.5538],[151.2499,-33.5584]]]},"properties":{"SAL_CODE21":"13171","SAL_NAME21":"Patonga","STE_CODE21":"1","STE_NAME21":"New South Wales","AUS_CODE21":"AUS","AUS_NAME21":"Australia","AREASQKM21":18.0987,"LOCI_URI21":"http://linked.data.gov.au/dataset/asgsed3/SAL/13171","SHAPE_Leng":0.292467349729,"SHAPE_Area":0.00175685141955}},
{"type":"Feature","geometry":{"type":"Polygon","coordinates":[[[151.0649,-33.9521],[151.0592,-33.9529],[151.058,-33.9572],[151.0449,-33.9551],[151.0427,-33.9541],[151.042,-33.96],[151.0439,-33.9649],[151.0464,-33.9662],[151.0463,-33.9709],[151.0514,-33.9713],[151.0543,-33.9706],[151.0549,-33.9677],[151.0599,-33.9685],[151.0607,-33.9643],[151.0638,-33.9655],[151.0686,-33.9642],[151.074,-33.9611],[151.0737,-33.9607],[151.0691,-33.9582],[151.0695,-33.9556],[151.0649,-33.9521]]]},"properties":{"SAL_CODE21":"13179","SAL_NAME21":"Peakhurst","STE_CODE21":"1","STE_NAME21":"New South Wales","AUS_CODE21":"AUS","AUS_NAME21":"Australia","AREASQKM21":3.6257,"LOCI_URI21":"http://linked.data.gov.au/dataset/asgsed3/SAL/13179","SHAPE_Leng":0.113630092084,"SHAPE_Area":0.000353639983873}},
{"type":"Feature","geometry":{"type":"Polygon","coordinates":[[[151.05,-33.9799],[151.0522,-33.9821],[151.0569,-33.9804],[151.0589,-33.9772],[151.0562,-33.9748],[151.0599,-33.9685],[151.0549,-33.9677],[151.0543,-33.9706],[151.0514,-33.9713],[151.0516,-33.9759],[151.05,-33.9799]]]},"properties":{"SAL_CODE21":"13180","SAL_NAME21":"Peakhurst Heights","STE_CODE21":"1","STE_NAME21":"New South Wales","AUS_CODE21":"AUS","AUS_NAME21":"Australia","AREASQKM21":0.8727,"LOCI_URI21":"http://linked.data.gov.au/dataset/asgsed3/SAL/13180","SHAPE_Leng":0.0461917428055,"SHAPE_Area":0.0000851464320074}},
{"type":"Feature","geometry":{"type":"Polygon","coordinates":[[[151.3102,-33.5462],[151.3079,-33.5448],[151.3088,-33.5414],[151.315,-33.5351],[151.3124,-33.5345],[151.3063,-33.5352],[151.3022,-33.5372],[151.3019,-33.5438],[151.2985,-33.5455],[151.2976,-33.55],[151.3026,-33.5494],[151.3102,-33.5462]]]},"properties":{"SAL_CODE21":"13182","SAL_NAME21":"Pearl Beach","STE_CODE21":"1","STE_NAME21":"New South Wales","AUS_CODE21":"AUS","AUS_NAME21":"Australia","AREASQKM21":1.2572,"LOCI_URI21":"http://linked.data.gov.au/dataset/asgsed3/SAL/13182","SHAPE_Leng":0.0668853306767,"SHAPE_Area":0.000122059890978}},
{"type":"Feature","geometry":{"type":"Polygon","coordinates":[[[151.2278,-33.3842],[151.2307,-33.3795],[151.2358,-33.3801],[151.2371,-33.3769],[151.2451,-33.3739],[151.2501,-33.3752],[151.25,-33.3728],[151.247,-33.3719],[151.2485,-33.3688],[151.2484,-33.3645],[151.2496,-33.3616],[151.2495,-33.3571],[151.2462,-33.3558],[151.246,-33.3517],[151.2504,-33.3492],[151.2541,-33.3367],[151.2561,-33.3354],[151.2564,-33.3299],[151.2527,-33.3232],[151.2564,-33.31],[151.2481,-33.3065],[151.2457,-33.3068],[151.2361,-33.3105],[151.2243,-33.3091],[151.2224,-33.3137],[151.2202,-33.3257],[151.217,-33.3253],[151.2112,-33.3286],[151.2071,-33.3277],[151.2058,-33.3291],[151.2058,-33.3362],[151.2089,-33.3398],[151.2098,-33.3441],[151.2125,-33.3462],[151.2109,-33.3482],[151.2119,-33.3513],[151.2088,-33.3553],[151.2099,-33.3591],[151.2089,-33.3621],[151.2087,-33.3728],[151.2143,-33.3755],[151.2153,-33.3773],[151.2199,-33.3792],[151.2193,-33.3831],[151.2278,-33.3842]]]},"properties":{"SAL_CODE21":"13183","SAL_NAME21":"Peats Ridge","STE_CODE21":"1","STE_NAME21":"New South Wales","AUS_CODE21":"AUS","AUS_NAME21":"Australia","AREASQKM21":28.2366,"LOCI_URI21":"http://linked.data.gov.au/dataset/asgsed3/SAL/13183","SHAPE_Leng":0.286941577062,"SHAPE_Area":0.00273490947445}},
{"type":"Feature","geometry":{"type":"Polygon","coordinates":[[[150.896,-33.8016],[150.8891,-33.8018],[150.8884,-33.8056],[150.8857,-33.807],[150.879,-33.8053],[150.8728,-33.8107],[150.8725,-33.8163],[150.8713,-33.8178],[150.8709,-33.8238],[150.8844,-33.8295],[150.8915,-33.8308],[150.8959,-33.8285],[150.9089,-33.8254],[150.9144,-33.8323],[150.9129,-33.8342],[150.9175,-33.8352],[150.9197,-33.8325],[150.926,-33.8278],[150.929,-33.8296],[150.9319,-33.8276],[150.9342,-33.8159],[150.9328,-33.8157],[150.9351,-33.8095],[150.9289,-33.8065],[150.916,-33.8054],[150.8961,-33.8029],[150.896,-33.8016]]]},"properties":{"SAL_CODE21":"13192","SAL_NAME21":"Pemulwuy","STE_CODE21":"1","STE_NAME21":"New South Wales","AUS_CODE21":"AUS","AUS_NAME21":"Australia","AREASQKM21":14.98,"LOCI_URI21":"http://linked.data.gov.au/dataset/asgsed3/SAL/13192","SHAPE_Leng":0.20287239859,"SHAPE_Area":0.00145874484188}},
{"type":"Feature","geometry":{"type":"Polygon","coordinates":[[[150.9459,-33.8095],[150.9499,-33.811],[150.9585,-33.813],[150.963,-33.7999],[150.9647,-33.7986],[150.9639,-33.7953],[150.9591,-33.7964],[150.9525,-33.7955],[150.954,-33.7998],[150.952,-33.8002],[150.9459,-33.8095]]]},"properties":{"SAL_CODE21":"13193","SAL_NAME21":"Pendle Hill","STE_CODE21":"1","STE_NAME21":"New South Wales","AUS_CODE21":"AUS","AUS_NAME21":"Australia","AREASQKM21":1.9638,"LOCI_URI21":"http://linked.data.gov.au/dataset/asgsed3/SAL/13193","SHAPE_Leng":0.0690222724856,"SHAPE_Area":0.000191207892845}},
{"type":"Feature","geometry":{"type":"Polygon","coordinates":[[[151.0801,-33.7501],[151.0825,-33.7491],[151.0889,-33.7528],[151.0972,-33.7518],[151.1001,-33.7535],[151.0986,-33.7485],[151.0935,-33.7478],[151.0928,-33.7459],[151.0908,-33.7445],[151.0922,-33.7409],[151.0908,-33.739],[151.0894,-33.7392],[151.0829,-33.7346],[151.0819,-33.7358],[151.0769,-33.734],[151.0704,-33.729],[151.0705,-33.7244],[151.0637,-33.7231],[151.0591,-33.7209],[151.0581,-33.7192],[151.0568,-33.7252],[151.0595,-33.7283],[151.0587,-33.7313],[151.0543,-33.7325],[151.0567,-33.7342],[151.0558,-33.7386],[151.0565,-33.7417],[151.0602,-33.7403],[151.0686,-33.7449],[151.074,-33.746],[151.0801,-33.7501]]]},"properties":{"SAL_CODE21":"13194","SAL_NAME21":"Pennant Hills","STE_CODE21":"1","STE_NAME21":"New South Wales","AUS_CODE21":"AUS","AUS_NAME21":"Australia","AREASQKM21":6.1227,"LOCI_URI21":"http://linked.data.gov.au/dataset/asgsed3/SAL/13194","SHAPE_Leng":0.178028504388,"SHAPE_Area":0.000595703350959}},
{"type":"Feature","geometry":{"type":"Polygon","coordinates":[[[150.7176,-33.7351],[150.7094,-33.7336],[150.706,-33.7317],[150.6943,-33.7302],[150.6921,-33.7297],[150.6653,-33.7262],[150.6651,-33.7286],[150.6615,-33.7338],[150.667,-33.7349],[150.6742,-33.7346],[150.6811,-33.7321],[150.6856,-33.7371],[150.6853,-33.7413],[150.6827,-33.7463],[150.6739,-33.7541],[150.6728,-33.753],[150.668,-33.7587],[150.6894,-33.7613],[150.7098,-33.7641],[150.7122,-33.7564],[150.7144,-33.7469],[150.7158,-33.7424],[150.7176,-33.7351]]]},"properties":{"SAL_CODE21":"13195","SAL_NAME21":"Penrith","STE_CODE21":"1","STE_NAME21":"New South Wales","AUS_CODE21":"AUS","AUS_NAME21":"Australia","AREASQKM21":12.3325,"LOCI_URI21":"http://linked.data.gov.au/dataset/asgsed3/SAL/13195","SHAPE_Leng":0.19650881072,"SHAPE_Area":0.0011998838249}},
{"type":"Feature","geometry":{"type":"Polygon","coordinates":[[[151.0737,-33.9607],[151.074,-33.9611],[151.079,-33.9622],[151.0878,-33.9723],[151.0861,-33.9733],[151.0878,-33.9768],[151.098,-33.9697],[151.0852,-33.9545],[151.0829,-33.9529],[151.0759,-33.9569],[151.0715,-33.9582],[151.0737,-33.9607]]]},"properties":{"SAL_CODE21":"13197","SAL_NAME21":"Penshurst (NSW)","STE_CODE21":"1","STE_NAME21":"New South Wales","AUS_CODE21":"AUS","AUS_NAME21":"Australia","AREASQKM21":2.5303,"LOCI_URI21":"http://linked.data.gov.au/dataset/asgsed3/SAL/13197","SHAPE_Leng":0.0866910387448,"SHAPE_Area":0.000246818731909}},
{"type":"Feature","geometry":{"type":"Polygon","coordinates":[[[151.0247,-33.1799],[151.024,-33.1719],[151.0258,-33.1648],[151.0244,-33.1598],[151.0253,-33.1576],[151.0243,-33.1542],[151.0313,-33.1435],[151.031,-33.1402],[151.0324,-33.1311],[151.0372,-33.1235],[151.0299,-33.1236],[151.0244,-33.1257],[151.0211,-33.1226],[151.0178,-33.1216],[151.0128,-33.1218],[151.0117,-33.124],[151.0038,-33.126],[151,-33.1241],[150.9969,-33.1247],[150.9936,-33.1226],[150.9879,-33.1249],[150.9856,-33.128],[150.9813,-33.1263],[150.974,-33.1296],[150.9659,-33.1299],[150.9613,-33.1268],[150.9539,-33.1263],[150.9481,-33.1314],[150.9401,-33.1348],[150.9384,-33.1368],[150.9341,-33.137],[150.9307,-33.141],[150.9251,-33.1529],[150.9245,-33.1578],[150.9297,-33.1585],[150.9297,-33.1626],[150.9282,-33.1685],[150.9355,-33.1794],[150.9375,-33.1837],[150.9417,-33.1849],[150.9423,-33.1894],[150.9441,-33.1921],[150.9429,-33.1981],[150.9513,-33.2065],[150.9561,-33.2156],[150.9608,-33.2181],[150.9639,-33.2213],[150.9718,-33.2236],[150.9738,-33.226],[150.9753,-33.2185],[150.978,-33.2168],[150.98,-33.2126],[150.98,-33.2062],[150.9868,-33.2032],[150.9916,-33.2044],[150.9947,-33.1891],[150.9977,-33.1895],[150.9984,-33.1859],[151.0033,-33.183],[151.0086,-33.1837],[151.0096,-33.1862],[151.0187,-33.1855],[151.0247,-33.1799]]]},"properties":{"SAL_CODE21":"13200","SAL_NAME21":"Perrys Crossing","STE_CODE21":"1","STE_NAME21":"New South Wales","AUS_CODE21":"AUS","AUS_NAME21":"Australia","AREASQKM21":72.027,"LOCI_URI21":"http://linked.data.gov.au/dataset/asgsed3/SAL/13200","SHAPE_Leng":0.417640274824,"SHAPE_Area":0.00696220140516}},
{"type":"Feature","geometry":{"type":"Polygon","coordinates":[[[151.1491,-33.901],[151.1561,-33.9012],[151.1587,-33.8981],[151.1609,-33.8986],[151.16,-33.8944],[151.1614,-33.888],[151.1594,-33.8878],[151.1491,-33.8899],[151.151,-33.896],[151.1491,-33.9003],[151.1491,-33.901]]]},"properties":{"SAL_CODE21":"13202","SAL_NAME21":"Petersham","STE_CODE21":"1","STE_NAME21":"New South Wales","AUS_CODE21":"AUS","AUS_NAME21":"Australia","AREASQKM21":1.2872,"LOCI_URI21":"http://linked.data.gov.au/dataset/asgsed3/SAL/13202","SHAPE_Leng":0.0615710593119,"SHAPE_Area":0.00012543992153}},
{"type":"Feature","geometry":{"type":"Polygon","coordinates":[[[150.6346,-34.3196],[150.6384,-34.3104],[150.6404,-34.3027],[150.6414,-34.2953],[150.6486,-34.2819],[150.6532,-34.2745],[150.6546,-34.268],[150.6522,-34.2651],[150.6533,-34.2618],[150.661,-34.2504],[150.6639,-34.2496],[150.6671,-34.2458],[150.666,-34.2428],[150.6612,-34.2353],[150.6491,-34.2344],[150.6476,-34.2331],[150.6483,-34.2285],[150.6471,-34.227],[150.6411,-34.2282],[150.6379,-34.2318],[150.6389,-34.2374],[150.6349,-34.2384],[150.6305,-34.2361],[150.6222,-34.2284],[150.6194,-34.2311],[150.6214,-34.2344],[150.618,-34.2363],[150.6099,-34.2339],[150.6036,-34.231],[150.6026,-34.2341],[150.6033,-34.2376],[150.6066,-34.2386],[150.6078,-34.2424],[150.6106,-34.2448],[150.6088,-34.2482],[150.615,-34.2533],[150.6228,-34.2587],[150.6189,-34.2622],[150.6186,-34.2701],[150.6157,-34.278],[150.616,-34.2811],[150.6118,-34.2866],[150.6234,-34.2932],[150.6145,-34.2979],[150.609,-34.302],[150.6013,-34.3098],[150.6111,-34.3159],[150.6346,-34.3196]]]},"properties":{"SAL_CODE21":"13203","SAL_NAME21":"Pheasants Nest","STE_CODE21":"1","STE_NAME21":"New South Wales","AUS_CODE21":"AUS","AUS_NAME21":"Australia","AREASQKM21":32.5765,"LOCI_URI21":"http://linked.data.gov.au/dataset/asgsed3/SAL/13203","SHAPE_Leng":0.338631419923,"SHAPE_Area":0.00318893371834}},
{"type":"Feature","geometry":{"type":"Polygon","coordinates":[[[151.3047,-33.4911],[151.3097,-33.4912],[151.3112,-33.4865],[151.3157,-33.4874],[151.315,-33.4854],[151.3052,-33.4853],[151.3012,-33.4889],[151.3047,-33.4911]]]},"properties":{"SAL_CODE21":"13204","SAL_NAME21":"Phegans Bay","STE_CODE21":"1","STE_NAME21":"New South Wales","AUS_CODE21":"AUS","AUS_NAME21":"Australia","AREASQKM21":0.5622,"LOCI_URI21":"http://linked.data.gov.au/dataset/asgsed3/SAL/13204","SHAPE_Leng":0.0419337065349,"SHAPE_Area":0.0000545588453707}},
{"type":"Feature","geometry":{"type":"Polygon","coordinates":[[[151.2355,-33.9843],[151.2367,-33.9769],[151.2327,-33.9746],[151.226,-33.9761],[151.2255,-33.9766],[151.2291,-33.9796],[151.2279,-33.9821],[151.2311,-33.9813],[151.2355,-33.9843]]]},"properties":{"SAL_CODE21":"13205","SAL_NAME21":"Phillip Bay","STE_CODE21":"1","STE_NAME21":"New South Wales","AUS_CODE21":"AUS","AUS_NAME21":"Australia","AREASQKM21":0.6262,"LOCI_URI21":"http://linked.data.gov.au/dataset/asgsed3/SAL/13205","SHAPE_Leng":0.0383085708893,"SHAPE_Area":0.0000610731443187}},
{"type":"Feature","geometry":{"type":"Polygon","coordinates":[[[151.414,-33.4637],[151.4158,-33.4604],[151.4176,-33.452],[151.4109,-33.4509],[151.4028,-33.4498],[151.3993,-33.454],[151.3977,-33.4583],[151.4077,-33.4598],[151.4118,-33.4612],[151.4111,-33.4652],[151.4136,-33.4656],[151.414,-33.4637]]]},"properties":{"SAL_CODE21":"13210","SAL_NAME21":"Picketts Valley","STE_CODE21":"1","STE_NAME21":"New South Wales","AUS_CODE21":"AUS","AUS_NAME21":"Australia","AREASQKM21":1.803,"LOCI_URI21":"http://linked.data.gov.au/dataset/asgsed3/SAL/13210","SHAPE_Leng":0.0651754104094,"SHAPE_Area":0.000174856443858}},
{"type":"Feature","geometry":{"type":"Polygon","coordinates":[[[150.9907,-33.9675],[150.994,-33.9717],[150.9982,-33.9751],[150.9946,-33.9778],[150.9945,-33.9798],[150.9992,-33.9829],[151.0042,-33.9794],[151.0059,-33.9825],[151.0121,-33.9836],[151.0156,-33.9821],[151.0205,-33.9756],[151.018,-33.9745],[151.0159,-33.9733],[151.0151,-33.9688],[151.0137,-33.9682],[151.0139,-33.9644],[151.0157,-33.9643],[151.0138,-33.964],[151.0137,-33.9648],[151.0095,-33.9624],[151.0053,-33.9659],[151.0017,-33.9655],[150.9939,-33.9664],[150.9907,-33.9675]]]},"properties":{"SAL_CODE21":"13211","SAL_NAME21":"Picnic Point","STE_CODE21":"1","STE_NAME21":"New South Wales","AUS_CODE21":"AUS","AUS_NAME21":"Australia","AREASQKM21":3.8591,"LOCI_URI21":"http://linked.data.gov.au/dataset/asgsed3/SAL/13211","SHAPE_Leng":0.111233386459,"SHAPE_Area":0.000376471735304}},
{"type":"Feature","geometry":{"type":"Polygon","coordinates":[[[150.6345,-34.1915],[150.6381,-34.1747],[150.6401,-34.1637],[150.6348,-34.1638],[150.6276,-34.1615],[150.6244,-34.1589],[150.6265,-34.1544],[150.6255,-34.1483],[150.6273,-34.1438],[150.6247,-34.1421],[150.6244,-34.1391],[150.6199,-34.1341],[150.6124,-34.1335],[150.6073,-34.1368],[150.5933,-34.1351],[150.5935,-34.1342],[150.5824,-34.1328],[150.5808,-34.141],[150.5677,-34.1392],[150.5674,-34.1409],[150.5612,-34.1732],[150.5639,-34.1721],[150.5672,-34.175],[150.5708,-34.1807],[150.5753,-34.1737],[150.5776,-34.1745],[150.5869,-34.1727],[150.5879,-34.1778],[150.5853,-34.186],[150.5927,-34.1865],[150.5907,-34.1971],[150.5916,-34.2008],[150.5964,-34.2047],[150.5969,-34.2123],[150.6026,-34.2119],[150.607,-34.2138],[150.6082,-34.2173],[150.6111,-34.2183],[150.6173,-34.2154],[150.6203,-34.2169],[150.6226,-34.2116],[150.625,-34.2105],[150.629,-34.2136],[150.6316,-34.211],[150.6297,-34.2058],[150.6301,-34.2027],[150.6287,-34.196],[150.6227,-34.1927],[150.6252,-34.1904],[150.6279,-34.1916],[150.6345,-34.1915]]]},"properties":{"SAL_CODE21":"13212","SAL_NAME21":"Picton (NSW)","STE_CODE21":"1","STE_NAME21":"New South Wales","AUS_CODE21":"AUS","AUS_NAME21":"Australia","AREASQKM21":42.2982,"LOCI_URI21":"http://linked.data.gov.au/dataset/asgsed3/SAL/13212","SHAPE_Leng":0.377248598965,"SHAPE_Area":0.00413583749286}},
{"type":"Feature","geometry":{"type":"Polygon","coordinates":[[[150.8887,-33.5666],[150.8812,-33.5682],[150.876,-33.5678],[150.8748,-33.5654],[150.8755,-33.5615],[150.8782,-33.5568],[150.8724,-33.5568],[150.8681,-33.5623],[150.8626,-33.5661],[150.8587,-33.5669],[150.8568,-33.5687],[150.8502,-33.578],[150.8519,-33.5821],[150.8506,-33.5863],[150.856,-33.5865],[150.8588,-33.5906],[150.8572,-33.5943],[150.8546,-33.5926],[150.852,-33.5937],[150.8505,-33.5994],[150.8545,-33.6029],[150.8487,-33.6059],[150.8505,-33.6086],[150.8556,-33.6125],[150.8581,-33.609],[150.8571,-33.6048],[150.8632,-33.596],[150.8768,-33.6017],[150.8769,-33.5993],[150.8744,-33.5965],[150.8762,-33.5939],[150.8745,-33.5918],[150.8799,-33.5906],[150.8866,-33.5929],[150.8907,-33.5924],[150.892,-33.586],[150.8916,-33.5811],[150.8888,-33.5808],[150.89,-33.5771],[150.8885,-33.5747],[150.8912,-33.5721],[150.8887,-33.5666]]]},"properties":{"SAL_CODE21":"13238","SAL_NAME21":"Pitt Town","STE_CODE21":"1","STE_NAME21":"New South Wales","AUS_CODE21":"AUS","AUS_NAME21":"Australia","AREASQKM21":12.5984,"LOCI_URI21":"http://linked.data.gov.au/dataset/asgsed3/SAL/13238","SHAPE_Leng":0.231648868356,"SHAPE_Area":0.00122353273895}},
{"type":"Feature","geometry":{"type":"Polygon","coordinates":[[[150.8487,-33.6059],[150.8545,-33.6029],[150.8505,-33.5994],[150.852,-33.5937],[150.8546,-33.5926],[150.8572,-33.5943],[150.8588,-33.5906],[150.856,-33.5865],[150.8506,-33.5863],[150.8519,-33.5821],[150.8502,-33.578],[150.8568,-33.5687],[150.8587,-33.5669],[150.8482,-33.5681],[150.8396,-33.5703],[150.8383,-33.5726],[150.8367,-33.5827],[150.8374,-33.5886],[150.8392,-33.5923],[150.8373,-33.5961],[150.833,-33.5982],[150.8374,-33.5986],[150.8412,-33.6024],[150.8425,-33.6011],[150.8487,-33.6059]]]},"properties":{"SAL_CODE21":"13239","SAL_NAME21":"Pitt Town Bottoms","STE_CODE21":"1","STE_NAME21":"New South Wales","AUS_CODE21":"AUS","AUS_NAME21":"Australia","AREASQKM21":5.7256,"LOCI_URI21":"http://linked.data.gov.au/dataset/asgsed3/SAL/13239","SHAPE_Leng":0.143435979214,"SHAPE_Area":0.000556083691314}},
{"type":"Feature","geometry":{"type":"Polygon","coordinates":[[[150.9808,-33.9642],[150.9741,-33.9653],[150.9685,-33.9645],[150.9698,-33.9658],[150.9831,-33.9732],[150.9918,-33.9811],[150.9916,-33.9794],[150.9885,-33.9767],[150.9916,-33.9751],[150.994,-33.9717],[150.9907,-33.9675],[150.9881,-33.9656],[150.9838,-33.9658],[150.9808,-33.9642]]]},"properties":{"SAL_CODE21":"13241","SAL_NAME21":"Pleasure Point","STE_CODE21":"1","STE_NAME21":"New South Wales","AUS_CODE21":"AUS","AUS_NAME21":"Australia","AREASQKM21":1.55,"LOCI_URI21":"http://linked.data.gov.au/dataset/asgsed3/SAL/13241","SHAPE_Leng":0.0731144351527,"SHAPE_Area":0.000151204247093}},
{"type":"Feature","geometry":{"type":"Polygon","coordinates":[[[150.8467,-33.745],[150.8425,-33.7444],[150.8284,-33.7439],[150.8255,-33.7573],[150.8308,-33.7581],[150.8465,-33.7604],[150.847,-33.7549],[150.8452,-33.7519],[150.8467,-33.745]]]},"properties":{"SAL_CODE21":"13242","SAL_NAME21":"Plumpton (NSW)","STE_CODE21":"1","STE_NAME21":"New South Wales","AUS_CODE21":"AUS","AUS_NAME21":"Australia","AREASQKM21":2.9581,"LOCI_URI21":"http://linked.data.gov.au/dataset/asgsed3/SAL/13242","SHAPE_Leng":0.0698957724785,"SHAPE_Area":0.000287835109536}},
{"type":"Feature","geometry":{"type":"Polygon","coordinates":[[[151.3085,-33.4428],[151.3184,-33.4438],[151.3219,-33.4477],[151.3269,-33.4483],[151.3272,-33.4508],[151.3299,-33.4487],[151.3295,-33.4445],[151.3317,-33.4398],[151.3319,-33.4367],[151.3292,-33.4355],[151.3253,-33.4361],[151.319,-33.4328],[151.3147,-33.4304],[151.3083,-33.4288],[151.3052,-33.4296],[151.306,-33.4323],[151.3025,-33.4352],[151.3085,-33.4428]]]},"properties":{"SAL_CODE21":"13243","SAL_NAME21":"Point Clare","STE_CODE21":"1","STE_NAME21":"New South Wales","AUS_CODE21":"AUS","AUS_NAME21":"Australia","AREASQKM21":3.3359,"LOCI_URI21":"http://linked.data.gov.au/dataset/asgsed3/SAL/13243","SHAPE_Leng":0.0942258953982,"SHAPE_Area":0.000323454522458}},
{"type":"Feature","geometry":{"type":"Polygon","coordinates":[[[151.3469,-33.4337],[151.3427,-33.4332],[151.3414,-33.4394],[151.3406,-33.4448],[151.3412,-33.4498],[151.3429,-33.4498],[151.3455,-33.4406],[151.3469,-33.4337]]]},"properties":{"SAL_CODE21":"13244","SAL_NAME21":"Point Frederick","STE_CODE21":"1","STE_NAME21":"New South Wales","AUS_CODE21":"AUS","AUS_NAME21":"Australia","AREASQKM21":0.5956,"LOCI_URI21":"http://linked.data.gov.au/dataset/asgsed3/SAL/13244","SHAPE_Leng":0.041162394005,"SHAPE_Area":0.0000577430665345}},
{"type":"Feature","geometry":{"type":"Polygon","coordinates":[[[151.2524,-33.8701],[151.2536,-33.8685],[151.2542,-33.8648],[151.2491,-33.865],[151.25,-33.8693],[151.248,-33.8717],[151.2488,-33.8726],[151.2524,-33.8701]]]},"properties":{"SAL_CODE21":"13245","SAL_NAME21":"Point Piper","STE_CODE21":"1","STE_NAME21":"New South Wales","AUS_CODE21":"AUS","AUS_NAME21":"Australia","AREASQKM21":0.3862,"LOCI_URI21":"http://linked.data.gov.au/dataset/asgsed3/SAL/13245","SHAPE_Leng":0.0392314969115,"SHAPE_Area":0.0000376051129367}},
{"type":"Feature","geometry":{"type":"Polygon","coordinates":[[[151.587,-33.1308],[151.5844,-33.1264],[151.5891,-33.1236],[151.5905,-33.1201],[151.5893,-33.1155],[151.586,-33.1129],[151.5828,-33.1125],[151.5851,-33.1192],[151.5844,-33.1219],[151.5794,-33.1249],[151.5769,-33.1294],[151.587,-33.1308]]]},"properties":{"SAL_CODE21":"13246","SAL_NAME21":"Point Wolstoncroft","STE_CODE21":"1","STE_NAME21":"New South Wales","AUS_CODE21":"AUS","AUS_NAME21":"Australia","AREASQKM21":1.133,"LOCI_URI21":"http://linked.data.gov.au/dataset/asgsed3/SAL/13246","SHAPE_Leng":0.0829269388989,"SHAPE_Area":0.000109467853057}},
{"type":"Feature","geometry":{"type":"Polygon","coordinates":[[[151.2209,-33.969],[151.2115,-33.972],[151.2121,-33.9734],[151.2098,-33.9824],[151.2123,-33.9847],[151.2173,-33.979],[151.2231,-33.9761],[151.2255,-33.9766],[151.226,-33.9761],[151.2218,-33.973],[151.2209,-33.969]]]},"properties":{"SAL_CODE21":"13255","SAL_NAME21":"Port Botany","STE_CODE21":"1","STE_NAME21":"New South Wales","AUS_CODE21":"AUS","AUS_NAME21":"Australia","AREASQKM21":1.2286,"LOCI_URI21":"http://linked.data.gov.au/dataset/asgsed3/SAL/13255","SHAPE_Leng":0.0570098578357,"SHAPE_Area":0.000119852382881}},
{"type":"Feature","geometry":{"type":"Polygon","coordinates":[[[151.1198,-34.0634],[151.1195,-34.068],[151.1216,-34.0704],[151.1298,-34.069],[151.1297,-34.0664],[151.1283,-34.0678],[151.1219,-34.0647],[151.1198,-34.0634]]]},"properties":{"SAL_CODE21":"13256","SAL_NAME21":"Port Hacking","STE_CODE21":"1","STE_NAME21":"New South Wales","AUS_CODE21":"AUS","AUS_NAME21":"Australia","AREASQKM21":0.4066,"LOCI_URI21":"http://linked.data.gov.au/dataset/asgsed3/SAL/13256","SHAPE_Leng":0.0331903643547,"SHAPE_Area":0.0000397042372554}},
{"type":"Feature","geometry":{"type":"Polygon","coordinates":[[[151.0261,-33.8976],[151.035,-33.8987],[151.0358,-33.8946],[151.0386,-33.8919],[151.0394,-33.8877],[151.0275,-33.8881],[151.0261,-33.8976]]]},"properties":{"SAL_CODE21":"13267","SAL_NAME21":"Potts Hill","STE_CODE21":"1","STE_NAME21":"New South Wales","AUS_CODE21":"AUS","AUS_NAME21":"Australia","AREASQKM21":1.1278,"LOCI_URI21":"http://linked.data.gov.au/dataset/asgsed3/SAL/13267","SHAPE_Leng":0.0467630584134,"SHAPE_Area":0.000109911504108}},
{"type":"Feature","geometry":{"type":"Polygon","coordinates":[[[151.2244,-33.876],[151.2251,-33.8741],[151.2257,-33.8684],[151.2276,-33.868],[151.2289,-33.8665],[151.2284,-33.8578],[151.2213,-33.8691],[151.2214,-33.8751],[151.2244,-33.876]]]},"properties":{"SAL_CODE21":"13268","SAL_NAME21":"Potts Point","STE_CODE21":"1","STE_NAME21":"New South Wales","AUS_CODE21":"AUS","AUS_NAME21":"Australia","AREASQKM21":0.6249,"LOCI_URI21":"http://linked.data.gov.au/dataset/asgsed3/SAL/13268","SHAPE_Leng":0.0559610496628,"SHAPE_Area":0.0000609137059215}},
{"type":"Feature","geometry":{"type":"Polygon","coordinates":[[[150.8979,-33.8682],[150.9008,-33.874],[150.9044,-33.8698],[150.9108,-33.8653],[150.9189,-33.8625],[150.9179,-33.8591],[150.9164,-33.8589],[150.8974,-33.8565],[150.8966,-33.8642],[150.8979,-33.8682]]]},"properties":{"SAL_CODE21":"13270","SAL_NAME21":"Prairiewood","STE_CODE21":"1","STE_NAME21":"New South Wales","AUS_CODE21":"AUS","AUS_NAME21":"Australia","AREASQKM21":2.1339,"LOCI_URI21":"http://linked.data.gov.au/dataset/asgsed3/SAL/13270","SHAPE_Leng":0.0672418475091,"SHAPE_Area":0.000207887514072}},
{"type":"Feature","geometry":{"type":"Polygon","coordinates":[[[150.85,-33.9436],[150.8513,-33.9464],[150.849,-33.9483],[150.8492,-33.9515],[150.866,-33.9553],[150.8765,-33.9568],[150.8781,-33.9531],[150.8822,-33.9504],[150.8899,-33.9485],[150.8954,-33.9461],[150.8882,-33.9451],[150.8913,-33.9299],[150.8979,-33.9263],[150.8903,-33.9274],[150.8737,-33.9277],[150.8701,-33.9273],[150.8684,-33.9302],[150.8634,-33.9304],[150.859,-33.9325],[150.8591,-33.9354],[150.8565,-33.9363],[150.8526,-33.9423],[150.85,-33.9436]]]},"properties":{"SAL_CODE21":"13272","SAL_NAME21":"Prestons","STE_CODE21":"1","STE_NAME21":"New South Wales","AUS_CODE21":"AUS","AUS_NAME21":"Australia","AREASQKM21":9.2145,"LOCI_URI21":"http://linked.data.gov.au/dataset/asgsed3/SAL/13272","SHAPE_Leng":0.159423313359,"SHAPE_Area":0.0008986437743}},
{"type":"Feature","geometry":{"type":"Polygon","coordinates":[[[151.3485,-33.5324],[151.3529,-33.5229],[151.3548,-33.5215],[151.3505,-33.5235],[151.3485,-33.5269],[151.3447,-33.5262],[151.341,-33.5275],[151.3439,-33.5318],[151.3485,-33.5324]]]},"properties":{"SAL_CODE21":"13273","SAL_NAME21":"Pretty Beach (Central Coast - NSW)","STE_CODE21":"1","STE_NAME21":"New South Wales","AUS_CODE21":"AUS","AUS_NAME21":"Australia","AREASQKM21":0.5288,"LOCI_URI21":"http://linked.data.gov.au/dataset/asgsed3/SAL/13273","SHAPE_Leng":0.0428433433533,"SHAPE_Area":0.0000513350255893}},
{"type":"Feature","geometry":{"type":"Polygon","coordinates":[[[150.916,-33.8054],[150.9289,-33.8065],[150.9308,-33.8056],[150.928,-33.8025],[150.9261,-33.7969],[150.9191,-33.7926],[150.9054,-33.791],[150.9036,-33.8005],[150.9069,-33.8014],[150.9161,-33.8024],[150.916,-33.8054]]]},"properties":{"SAL_CODE21":"13278","SAL_NAME21":"Prospect (NSW)","STE_CODE21":"1","STE_NAME21":"New South Wales","AUS_CODE21":"AUS","AUS_NAME21":"Australia","AREASQKM21":2.5793,"LOCI_URI21":"http://linked.data.gov.au/dataset/asgsed3/SAL/13278","SHAPE_Leng":0.0790888626696,"SHAPE_Area":0.000251137389559}},
{"type":"Feature","geometry":{"type":"Polygon","coordinates":[[[151.0385,-33.9339],[151.0403,-33.9367],[151.0405,-33.9427],[151.0442,-33.9388],[151.0481,-33.9384],[151.0547,-33.9392],[151.057,-33.9362],[151.0617,-33.937],[151.0601,-33.9317],[151.0643,-33.9311],[151.0603,-33.9227],[151.0651,-33.9175],[151.0641,-33.9167],[151.0558,-33.9161],[151.0473,-33.9181],[151.0504,-33.9212],[151.0478,-33.9225],[151.044,-33.922],[151.0434,-33.9252],[151.0383,-33.9244],[151.0387,-33.9275],[151.041,-33.9321],[151.0385,-33.9339]]]},"properties":{"SAL_CODE21":"13286","SAL_NAME21":"Punchbowl (Canterbury-Bankstown - NSW)","STE_CODE21":"1","STE_NAME21":"New South Wales","AUS_CODE21":"AUS","AUS_NAME21":"Australia","AREASQKM21":4.3232,"LOCI_URI21":"http://linked.data.gov.au/dataset/asgsed3/SAL/13286","SHAPE_Leng":0.134781153037,"SHAPE_Area":0.000421405927338}},
{"type":"Feature","geometry":{"type":"Polygon","coordinates":[[[151.1158,-33.8248],[151.1079,-33.823],[151.1014,-33.818],[151.0963,-33.8227],[151.0998,-33.8246],[151.1037,-33.8303],[151.108,-33.831],[151.1089,-33.8356],[151.1119,-33.8344],[151.1108,-33.8298],[151.1136,-33.8301],[151.1152,-33.8263],[151.1158,-33.8248]]]},"properties":{"SAL_CODE21":"13290","SAL_NAME21":"Putney","STE_CODE21":"1","STE_NAME21":"New South Wales","AUS_CODE21":"AUS","AUS_NAME21":"Australia","AREASQKM21":1.5079,"LOCI_URI21":"http://linked.data.gov.au/dataset/asgsed3/SAL/13290","SHAPE_Leng":0.0700360379028,"SHAPE_Area":0.000146859356711}},
{"type":"Feature","geometry":{"type":"Polygon","coordinates":[[[151.1582,-33.7428],[151.159,-33.7384],[151.1525,-33.7375],[151.1555,-33.733],[151.1478,-33.7308],[151.1394,-33.7291],[151.1385,-33.7343],[151.1358,-33.7379],[151.1332,-33.7375],[151.1217,-33.748],[151.12,-33.7513],[151.1251,-33.7556],[151.1279,-33.7533],[151.1327,-33.7565],[151.1356,-33.761],[151.1424,-33.7589],[151.1409,-33.7546],[151.1477,-33.7506],[151.1509,-33.7476],[151.1565,-33.7491],[151.1582,-33.7428]]]},"properties":{"SAL_CODE21":"13294","SAL_NAME21":"Pymble","STE_CODE21":"1","STE_NAME21":"New South Wales","AUS_CODE21":"AUS","AUS_NAME21":"Australia","AREASQKM21":6.5679,"LOCI_URI21":"http://linked.data.gov.au/dataset/asgsed3/SAL/13294","SHAPE_Leng":0.14493467658,"SHAPE_Area":0.000639040576408}},
{"type":"Feature","geometry":{"type":"Polygon","coordinates":[[[151.194,-33.8761],[151.1979,-33.8744],[151.1983,-33.8685],[151.199,-33.8656],[151.1961,-33.8626],[151.1908,-33.8639],[151.1869,-33.8682],[151.1923,-33.8739],[151.194,-33.8761]]]},"properties":{"SAL_CODE21":"13297","SAL_NAME21":"Pyrmont","STE_CODE21":"1","STE_NAME21":"New South Wales","AUS_CODE21":"AUS","AUS_NAME21":"Australia","AREASQKM21":0.9299,"LOCI_URI21":"http://linked.data.gov.au/dataset/asgsed3/SAL/13297","SHAPE_Leng":0.0641853542054,"SHAPE_Area":0.000090625060225}},
{"type":"Feature","geometry":{"type":"Polygon","coordinates":[[[150.914,-33.7297],[150.9132,-33.7266],[150.9094,-33.7261],[150.9108,-33.7192],[150.9065,-33.7192],[150.9027,-33.7147],[150.8979,-33.7152],[150.8932,-33.7129],[150.8802,-33.7111],[150.8753,-33.7098],[150.876,-33.7121],[150.8818,-33.7224],[150.8841,-33.725],[150.8801,-33.7271],[150.8804,-33.7292],[150.8757,-33.7309],[150.8742,-33.7337],[150.8704,-33.7328],[150.8697,-33.7352],[150.8663,-33.7375],[150.8662,-33.7415],[150.8746,-33.7442],[150.8775,-33.7458],[150.8798,-33.7473],[150.8826,-33.743],[150.8868,-33.7402],[150.8909,-33.7432],[150.897,-33.7375],[150.8939,-33.7352],[150.9061,-33.7365],[150.9081,-33.7338],[150.9065,-33.7301],[150.914,-33.7297]]]},"properties":{"SAL_CODE21":"13299","SAL_NAME21":"Quakers Hill","STE_CODE21":"1","STE_NAME21":"New South Wales","AUS_CODE21":"AUS","AUS_NAME21":"Australia","AREASQKM21":9.1601,"LOCI_URI21":"http://linked.data.gov.au/dataset/asgsed3/SAL/13299","SHAPE_Leng":0.183078613616,"SHAPE_Area":0.000891128948252}},
{"type":"Feature","geometry":{"type":"Polygon","coordinates":[[[151.2409,-33.8947],[151.2425,-33.8977],[151.2416,-33.9027],[151.2529,-33.904],[151.2536,-33.9003],[151.2512,-33.8961],[151.2409,-33.8947]]]},"properties":{"SAL_CODE21":"13307","SAL_NAME21":"Queens Park (NSW)","STE_CODE21":"1","STE_NAME21":"New South Wales","AUS_CODE21":"AUS","AUS_NAME21":"Australia","AREASQKM21":0.8435,"LOCI_URI21":"http://linked.data.gov.au/dataset/asgsed3/SAL/13307","SHAPE_Leng":0.0415313169063,"SHAPE_Area":0.0000822262541749}},
{"type":"Feature","geometry":{"type":"Polygon","coordinates":[[[151.2792,-33.7821],[151.2839,-33.7845],[151.2892,-33.7862],[151.2898,-33.7826],[151.286,-33.7801],[151.283,-33.7796],[151.2792,-33.7821]]]},"properties":{"SAL_CODE21":"13309","SAL_NAME21":"Queenscliff (NSW)","STE_CODE21":"1","STE_NAME21":"New South Wales","AUS_CODE21":"AUS","AUS_NAME21":"Australia","AREASQKM21":0.4228,"LOCI_URI21":"http://linked.data.gov.au/dataset/asgsed3/SAL/13309","SHAPE_Leng":0.0353880875193,"SHAPE_Area":0.0000411451713621}},
{"type":"Feature","geometry":{"type":"Polygon","coordinates":[[[150.8241,-34.0297],[150.8246,-34.0209],[150.8279,-34.0127],[150.8276,-34.0123],[150.8264,-34.0114],[150.8106,-34.0106],[150.805,-34.014],[150.8134,-34.0235],[150.8181,-34.0289],[150.8241,-34.0297]]]},"properties":{"SAL_CODE21":"13316","SAL_NAME21":"Raby","STE_CODE21":"1","STE_NAME21":"New South Wales","AUS_CODE21":"AUS","AUS_NAME21":"Australia","AREASQKM21":2.6588,"LOCI_URI21":"http://linked.data.gov.au/dataset/asgsed3/SAL/13316","SHAPE_Leng":0.0694448174915,"SHAPE_Area":0.000259542621719}},
{"type":"Feature","geometry":{"type":"Polygon","coordinates":[[[151.1352,-33.984],[151.1437,-33.9859],[151.1444,-33.9822],[151.1433,-33.9785],[151.1416,-33.9782],[151.1409,-33.9802],[151.1367,-33.9798],[151.1352,-33.984]]]},"properties":{"SAL_CODE21":"13322","SAL_NAME21":"Ramsgate","STE_CODE21":"1","STE_NAME21":"New South Wales","AUS_CODE21":"AUS","AUS_NAME21":"Australia","AREASQKM21":0.428,"LOCI_URI21":"http://linked.data.gov.au/dataset/asgsed3/SAL/13322","SHAPE_Leng":0.0389105957787,"SHAPE_Area":0.0000417774223224}},
{"type":"Feature","geometry":{"type":"Polygon","coordinates":[[[151.1433,-33.9785],[151.1444,-33.9822],[151.1437,-33.9859],[151.1483,-33.9858],[151.15,-33.9791],[151.1433,-33.9785]]]},"properties":{"SAL_CODE21":"13323","SAL_NAME21":"Ramsgate Beach","STE_CODE21":"1","STE_NAME21":"New South Wales","AUS_CODE21":"AUS","AUS_NAME21":"Australia","AREASQKM21":0.4028,"LOCI_URI21":"http://linked.data.gov.au/dataset/asgsed3/SAL/13323","SHAPE_Leng":0.0289384499373,"SHAPE_Area":0.0000392951044247}},
{"type":"Feature","geometry":{"type":"Polygon","coordinates":[[[151.2268,-33.9045],[151.2255,-33.9148],[151.2365,-33.9165],[151.236,-33.919],[151.2345,-33.925],[151.2393,-33.9258],[151.2379,-33.9328],[151.2482,-33.9342],[151.2511,-33.9311],[151.2467,-33.9266],[151.2497,-33.9129],[151.2509,-33.9108],[151.2542,-33.9115],[151.2542,-33.9067],[151.2529,-33.904],[151.2416,-33.9027],[151.2386,-33.9032],[151.2311,-33.9063],[151.2268,-33.9045]]]},"properties":{"SAL_CODE21":"13325","SAL_NAME21":"Randwick","STE_CODE21":"1","STE_NAME21":"New South Wales","AUS_CODE21":"AUS","AUS_NAME21":"Australia","AREASQKM21":5.3081,"LOCI_URI21":"http://linked.data.gov.au/dataset/asgsed3/SAL/13325","SHAPE_Leng":0.12941801424,"SHAPE_Area":0.000517576975021}},
{"type":"Feature","geometry":{"type":"Polygon","coordinates":[[[151.2801,-33.1962],[151.2808,-33.1976],[151.2864,-33.1984],[151.2937,-33.1989],[151.2957,-33.1884],[151.3008,-33.1891],[151.3014,-33.1807],[151.2984,-33.1804],[151.2992,-33.1766],[151.3035,-33.1772],[151.3108,-33.1708],[151.3115,-33.1641],[151.3134,-33.1618],[151.3427,-33.1657],[151.3445,-33.1564],[151.3552,-33.1577],[151.3559,-33.1548],[151.3586,-33.1406],[151.3602,-33.1386],[151.3577,-33.1345],[151.359,-33.1284],[151.3605,-33.1287],[151.3625,-33.1201],[151.3685,-33.1196],[151.3701,-33.1184],[151.3738,-33.1124],[151.3775,-33.11],[151.3824,-33.1092],[151.3791,-33.1041],[151.3789,-33.0997],[151.374,-33.0968],[151.3725,-33.0944],[151.3632,-33.094],[151.3604,-33.0907],[151.3566,-33.09],[151.356,-33.0881],[151.3575,-33.0831],[151.3539,-33.0793],[151.348,-33.0761],[151.3389,-33.0732],[151.333,-33.0693],[151.3315,-33.0622],[151.3263,-33.0601],[151.3233,-33.0553],[151.3192,-33.053],[151.3153,-33.0482],[151.3108,-33.0481],[151.3059,-33.0439],[151.3036,-33.0437],[151.3006,-33.0475],[151.2998,-33.0516],[151.2969,-33.0542],[151.2919,-33.0559],[151.2893,-33.0552],[151.2816,-33.0583],[151.2778,-33.0567],[151.2726,-33.057],[151.2667,-33.0585],[151.2673,-33.0636],[151.2646,-33.0729],[151.2623,-33.0746],[151.2644,-33.0796],[151.2623,-33.0871],[151.2622,-33.091],[151.2599,-33.0951],[151.2625,-33.0973],[151.2602,-33.1005],[151.2556,-33.1016],[151.2508,-33.0998],[151.2445,-33.1029],[151.2442,-33.1057],[151.2381,-33.1087],[151.2356,-33.1072],[151.2308,-33.1099],[151.2322,-33.1141],[151.2257,-33.1175],[151.2207,-33.1216],[151.2188,-33.1241],[151.2285,-33.1255],[151.228,-33.1275],[151.2418,-33.129],[151.2589,-33.1313],[151.2596,-33.1277],[151.2668,-33.1286],[151.2764,-33.1569],[151.2885,-33.1585],[151.2908,-33.1636],[151.2851,-33.1681],[151.2839,-33.1738],[151.2866,-33.1742],[151.2865,-33.1803],[151.2834,-33.1798],[151.2835,-33.1844],[151.2823,-33.1904],[151.2825,-33.1935],[151.2801,-33.1962]]]},"properties":{"SAL_CODE21":"13333","SAL_NAME21":"Ravensdale","STE_CODE21":"1","STE_NAME21":"New South Wales","AUS_CODE21":"AUS","AUS_NAME21":"Australia","AREASQKM21":117.225,"LOCI_URI21":"http://linked.data.gov.au/dataset/asgsed3/SAL/13333","SHAPE_Leng":0.635325024498,"SHAPE_Area":0.0113246861335}},
{"type":"Feature","geometry":{"type":"Polygon","coordinates":[[[150.6402,-34.1145],[150.6385,-34.1194],[150.6346,-34.1232],[150.6151,-34.1205],[150.6129,-34.1239],[150.6104,-34.1241],[150.6042,-34.1213],[150.6017,-34.1215],[150.6003,-34.1267],[150.5957,-34.1281],[150.5971,-34.132],[150.5935,-34.1342],[150.5933,-34.1351],[150.6073,-34.1368],[150.6124,-34.1335],[150.6199,-34.1341],[150.6244,-34.1391],[150.6247,-34.1421],[150.6273,-34.1438],[150.6255,-34.1483],[150.6265,-34.1544],[150.6244,-34.1589],[150.6276,-34.1615],[150.6348,-34.1638],[150.6401,-34.1637],[150.6381,-34.1747],[150.6345,-34.1915],[150.6408,-34.1947],[150.6445,-34.2],[150.6509,-34.2019],[150.6521,-34.2055],[150.6572,-34.2043],[150.6655,-34.2003],[150.6697,-34.1957],[150.6679,-34.1893],[150.6688,-34.1868],[150.6735,-34.1849],[150.6763,-34.1704],[150.6863,-34.1669],[150.6894,-34.168],[150.6907,-34.1619],[150.6867,-34.1613],[150.6875,-34.1574],[150.685,-34.1571],[150.6859,-34.1522],[150.68,-34.1514],[150.6806,-34.1484],[150.6936,-34.1451],[150.695,-34.1405],[150.6931,-34.1362],[150.6936,-34.1343],[150.691,-34.1295],[150.6935,-34.1271],[150.6884,-34.1263],[150.6862,-34.1302],[150.6738,-34.1285],[150.6777,-34.1215],[150.6721,-34.1207],[150.6718,-34.1182],[150.6692,-34.1162],[150.6541,-34.114],[150.6491,-34.1194],[150.6436,-34.1172],[150.6402,-34.1145]]]},"properties":{"SAL_CODE21":"13341","SAL_NAME21":"Razorback","STE_CODE21":"1","STE_NAME21":"New South Wales","AUS_CODE21":"AUS","AUS_NAME21":"Australia","AREASQKM21":45.9798,"LOCI_URI21":"http://linked.data.gov.au/dataset/asgsed3/SAL/13341","SHAPE_Leng":0.411157110772,"SHAPE_Area":0.00449484801835}},
{"type":"Feature","geometry":{"type":"Polygon","coordinates":[[[151.1991,-33.8952],[151.2157,-33.8976],[151.2167,-33.8921],[151.2078,-33.8899],[151.2018,-33.889],[151.1989,-33.8886],[151.1967,-33.8918],[151.1975,-33.895],[151.1991,-33.8952]]]},"properties":{"SAL_CODE21":"13352","SAL_NAME21":"Redfern","STE_CODE21":"1","STE_NAME21":"New South Wales","AUS_CODE21":"AUS","AUS_NAME21":"Australia","AREASQKM21":1.1717,"LOCI_URI21":"http://linked.data.gov.au/dataset/asgsed3/SAL/13352","SHAPE_Leng":0.0547904703535,"SHAPE_Area":0.000114200444007}},
{"type":"Feature","geometry":{"type":"Polygon","coordinates":[[[151.0155,-33.8797],[151.016,-33.8861],[151.0221,-33.8888],[151.0275,-33.8881],[151.0394,-33.8877],[151.0399,-33.885],[151.0357,-33.8851],[151.0365,-33.8812],[151.0288,-33.8801],[151.0251,-33.8766],[151.0208,-33.876],[151.0181,-33.8789],[151.0155,-33.8797]]]},"properties":{"SAL_CODE21":"13358","SAL_NAME21":"Regents Park (NSW)","STE_CODE21":"1","STE_NAME21":"New South Wales","AUS_CODE21":"AUS","AUS_NAME21":"Australia","AREASQKM21":1.9868,"LOCI_URI21":"http://linked.data.gov.au/dataset/asgsed3/SAL/13358","SHAPE_Leng":0.079652015965,"SHAPE_Area":0.00019361799342}},
{"type":"Feature","geometry":{"type":"Polygon","coordinates":[[[150.6599,-33.7647],[150.6549,-33.7686],[150.6571,-33.7739],[150.661,-33.7757],[150.664,-33.776],[150.669,-33.7784],[150.6709,-33.775],[150.6732,-33.7749],[150.6599,-33.7647]]]},"properties":{"SAL_CODE21":"13359","SAL_NAME21":"Regentville","STE_CODE21":"1","STE_NAME21":"New South Wales","AUS_CODE21":"AUS","AUS_NAME21":"Australia","AREASQKM21":1.1938,"LOCI_URI21":"http://linked.data.gov.au/dataset/asgsed3/SAL/13359","SHAPE_Leng":0.0561411879574,"SHAPE_Area":0.000116198723278}},
{"type":"Feature","geometry":{"type":"Polygon","coordinates":[[[151.0194,-33.9345],[151.006,-33.9343],[151.0003,-33.9306],[150.9983,-33.9315],[150.9972,-33.9328],[150.9971,-33.9405],[151.001,-33.9426],[151.0065,-33.9439],[151.0055,-33.9487],[151.0061,-33.9531],[151.0108,-33.9528],[151.0111,-33.9604],[151.0095,-33.9624],[151.0137,-33.9648],[151.0138,-33.964],[151.0157,-33.9643],[151.0215,-33.9651],[151.0225,-33.9638],[151.0231,-33.9639],[151.0217,-33.9601],[151.0224,-33.9562],[151.0187,-33.9551],[151.0241,-33.9497],[151.0227,-33.945],[151.023,-33.9412],[151.0251,-33.9393],[151.0248,-33.9357],[151.0194,-33.9345]]]},"properties":{"SAL_CODE21":"13369","SAL_NAME21":"Revesby","STE_CODE21":"1","STE_NAME21":"New South Wales","AUS_CODE21":"AUS","AUS_NAME21":"Australia","AREASQKM21":5.6076,"LOCI_URI21":"http://linked.data.gov.au/dataset/asgsed3/SAL/13369","SHAPE_Leng":0.168907863047,"SHAPE_Area":0.000546943035905}},
{"type":"Feature","geometry":{"type":"Polygon","coordinates":[[[151.0225,-33.9638],[151.0215,-33.9651],[151.0157,-33.9643],[151.0139,-33.9644],[151.0137,-33.9682],[151.0151,-33.9688],[151.0159,-33.9733],[151.018,-33.9745],[151.0228,-33.9727],[151.0237,-33.97],[151.0225,-33.9642],[151.0225,-33.9638]]]},"properties":{"SAL_CODE21":"13370","SAL_NAME21":"Revesby Heights","STE_CODE21":"1","STE_NAME21":"New South Wales","AUS_CODE21":"AUS","AUS_NAME21":"Australia","AREASQKM21":0.8012,"LOCI_URI21":"http://linked.data.gov.au/dataset/asgsed3/SAL/13370","SHAPE_Leng":0.0416953901982,"SHAPE_Area":0.0000781241500592}},
{"type":"Feature","geometry":{"type":"Polygon","coordinates":[[[151.0899,-33.8331],[151.0896,-33.8305],[151.0924,-33.8289],[151.0938,-33.8244],[151.0872,-33.823],[151.0832,-33.8279],[151.0832,-33.8361],[151.0843,-33.8372],[151.0899,-33.8331]]]},"properties":{"SAL_CODE21":"13372","SAL_NAME21":"Rhodes","STE_CODE21":"1","STE_NAME21":"New South Wales","AUS_CODE21":"AUS","AUS_NAME21":"Australia","AREASQKM21":1.006,"LOCI_URI21":"http://linked.data.gov.au/dataset/asgsed3/SAL/13372","SHAPE_Leng":0.044732037355,"SHAPE_Area":0.0000980007693624}},
{"type":"Feature","geometry":{"type":"Polygon","coordinates":[[[150.8518,-33.6849],[150.8607,-33.6799],[150.8589,-33.6761],[150.8561,-33.667],[150.8537,-33.664],[150.8523,-33.6599],[150.851,-33.6501],[150.8352,-33.658],[150.8273,-33.6573],[150.8239,-33.6597],[150.8178,-33.662],[150.8134,-33.6676],[150.8136,-33.671],[150.8508,-33.6761],[150.8535,-33.6774],[150.8544,-33.681],[150.8518,-33.6849]]]},"properties":{"SAL_CODE21":"13373","SAL_NAME21":"Richards","STE_CODE21":"1","STE_NAME21":"New South Wales","AUS_CODE21":"AUS","AUS_NAME21":"Australia","AREASQKM21":7.5392,"LOCI_URI21":"http://linked.data.gov.au/dataset/asgsed3/SAL/13373","SHAPE_Leng":0.139989527231,"SHAPE_Area":0.000732886209531}},
{"type":"Feature","geometry":{"type":"Polygon","coordinates":[[[150.7214,-33.618],[150.7708,-33.6337],[150.7722,-33.6272],[150.7788,-33.6308],[150.7814,-33.6283],[150.7804,-33.6215],[150.7817,-33.616],[150.7745,-33.6099],[150.7819,-33.6069],[150.7854,-33.607],[150.7938,-33.6091],[150.7986,-33.6087],[150.7989,-33.6071],[150.7895,-33.5981],[150.7881,-33.596],[150.7917,-33.5898],[150.7922,-33.586],[150.7836,-33.5795],[150.7698,-33.5767],[150.769,-33.5806],[150.7648,-33.5779],[150.7629,-33.5874],[150.7607,-33.5871],[150.7586,-33.5972],[150.7566,-33.5954],[150.748,-33.5925],[150.7487,-33.5901],[150.7448,-33.5891],[150.7419,-33.5919],[150.7319,-33.581],[150.7246,-33.5848],[150.7198,-33.5883],[150.7239,-33.5924],[150.7251,-33.5956],[150.718,-33.6033],[150.7205,-33.6175],[150.7214,-33.618]],[[150.747,-33.6077],[150.7429,-33.6109],[150.7339,-33.602],[150.7439,-33.5989],[150.7478,-33.6027],[150.7517,-33.6042],[150.747,-33.6077]]]},"properties":{"SAL_CODE21":"13375","SAL_NAME21":"Richmond (NSW)","STE_CODE21":"1","STE_NAME21":"New South Wales","AUS_CODE21":"AUS","AUS_NAME21":"Australia","AREASQKM21":26.8129,"LOCI_URI21":"http://linked.data.gov.au/dataset/asgsed3/SAL/13375","SHAPE_Leng":0.368146006429,"SHAPE_Area":0.00260468953357}},
{"type":"Feature","geometry":{"type":"Polygon","coordinates":[[[150.7718,-33.5668],[150.7664,-33.5656],[150.7597,-33.5651],[150.7506,-33.5671],[150.742,-33.5705],[150.7338,-33.5799],[150.7319,-33.581],[150.7419,-33.5919],[150.7448,-33.5891],[150.7487,-33.5901],[150.748,-33.5925],[150.7566,-33.5954],[150.7586,-33.5972],[150.7607,-33.5871],[150.7629,-33.5874],[150.7648,-33.5779],[150.769,-33.5806],[150.7698,-33.5767],[150.7718,-33.5668]]]},"properties":{"SAL_CODE21":"13377","SAL_NAME21":"Richmond Lowlands","STE_CODE21":"1","STE_NAME21":"New South Wales","AUS_CODE21":"AUS","AUS_NAME21":"Australia","AREASQKM21":7.6659,"LOCI_URI21":"http://linked.data.gov.au/dataset/asgsed3/SAL/13377","SHAPE_Leng":0.134171073543,"SHAPE_Area":0.000744470023722}},
{"type":"Feature","geometry":{"type":"Polygon","coordinates":[[[150.8513,-33.6868],[150.8548,-33.688],[150.8553,-33.6901],[150.8561,-33.6936],[150.8668,-33.6918],[150.8744,-33.6886],[150.8885,-33.6828],[150.8789,-33.6702],[150.8707,-33.6746],[150.8577,-33.6573],[150.8523,-33.6599],[150.8537,-33.664],[150.8561,-33.667],[150.8589,-33.6761],[150.8607,-33.6799],[150.8518,-33.6849],[150.8513,-33.6868]]]},"properties":{"SAL_CODE21":"13383","SAL_NAME21":"Riverstone","STE_CODE21":"1","STE_NAME21":"New South Wales","AUS_CODE21":"AUS","AUS_NAME21":"Australia","AREASQKM21":6.365,"LOCI_URI21":"http://linked.data.gov.au/dataset/asgsed3/SAL/13383","SHAPE_Leng":0.13466851845,"SHAPE_Area":0.000618866652823}},
{"type":"Feature","geometry":{"type":"Polygon","coordinates":[[[151.1521,-33.8218],[151.1542,-33.8265],[151.1538,-33.8284],[151.1586,-33.8303],[151.1614,-33.8275],[151.166,-33.8275],[151.1685,-33.8237],[151.1682,-33.8212],[151.1631,-33.8185],[151.1561,-33.8196],[151.1521,-33.8218]]]},"properties":{"SAL_CODE21":"13385","SAL_NAME21":"Riverview (NSW)","STE_CODE21":"1","STE_NAME21":"New South Wales","AUS_CODE21":"AUS","AUS_NAME21":"Australia","AREASQKM21":1.3719,"LOCI_URI21":"http://linked.data.gov.au/dataset/asgsed3/SAL/13385","SHAPE_Leng":0.0513163269835,"SHAPE_Area":0.000133594974319}},
{"type":"Feature","geometry":{"type":"Polygon","coordinates":[[[151.0654,-33.9521],[151.0638,-33.9482],[151.0655,-33.9399],[151.0617,-33.937],[151.057,-33.9362],[151.0547,-33.9392],[151.0481,-33.9384],[151.0442,-33.9388],[151.0405,-33.9427],[151.0419,-33.9474],[151.0447,-33.9477],[151.0423,-33.9523],[151.0427,-33.9541],[151.0449,-33.9551],[151.058,-33.9572],[151.0592,-33.9529],[151.0649,-33.9521],[151.0654,-33.9521]]]},"properties":{"SAL_CODE21":"13386","SAL_NAME21":"Riverwood","STE_CODE21":"1","STE_NAME21":"New South Wales","AUS_CODE21":"AUS","AUS_NAME21":"Australia","AREASQKM21":3.8632,"LOCI_URI21":"http://linked.data.gov.au/dataset/asgsed3/SAL/13386","SHAPE_Leng":0.106347496566,"SHAPE_Area":0.000376704097335}},
{"type":"Feature","geometry":{"type":"Polygon","coordinates":[[[151.1303,-33.9431],[151.1299,-33.9433],[151.1281,-33.9466],[151.1321,-33.9503],[151.1315,-33.9524],[151.1345,-33.9561],[151.1372,-33.9589],[151.1431,-33.9606],[151.1447,-33.9654],[151.145,-33.9654],[151.1479,-33.9622],[151.1477,-33.9543],[151.1504,-33.9537],[151.1528,-33.9505],[151.1459,-33.9493],[151.1368,-33.9469],[151.1336,-33.9434],[151.1303,-33.9431]]]},"properties":{"SAL_CODE21":"13394","SAL_NAME21":"Rockdale","STE_CODE21":"1","STE_NAME21":"New South Wales","AUS_CODE21":"AUS","AUS_NAME21":"Australia","AREASQKM21":2.4424,"LOCI_URI21":"http://linked.data.gov.au/dataset/asgsed3/SAL/13394","SHAPE_Leng":0.107319478966,"SHAPE_Area":0.000238172789624}},
{"type":"Feature","geometry":{"type":"Polygon","coordinates":[[[151.4702,-33.2915],[151.4678,-33.2942],[151.4719,-33.2936],[151.4702,-33.2915]]]},"properties":{"SAL_CODE21":"13403","SAL_NAME21":"Rocky Point (NSW)","STE_CODE21":"1","STE_NAME21":"New South Wales","AUS_CODE21":"AUS","AUS_NAME21":"Australia","AREASQKM21":0.1268,"LOCI_URI21":"http://linked.data.gov.au/dataset/asgsed3/SAL/13403","SHAPE_Leng":0.0159709136842,"SHAPE_Area":0.0000122618988031}},
{"type":"Feature","geometry":{"type":"Polygon","coordinates":[[[151.1415,-33.8685],[151.1466,-33.8666],[151.1446,-33.8631],[151.1395,-33.8637],[151.1394,-33.8688],[151.1415,-33.8685]]]},"properties":{"SAL_CODE21":"13406","SAL_NAME21":"Rodd Point","STE_CODE21":"1","STE_NAME21":"New South Wales","AUS_CODE21":"AUS","AUS_NAME21":"Australia","AREASQKM21":0.3742,"LOCI_URI21":"http://linked.data.gov.au/dataset/asgsed3/SAL/13406","SHAPE_Leng":0.0300039606065,"SHAPE_Area":0.0000364528102312}},
{"type":"Feature","geometry":{"type":"Polygon","coordinates":[[[151.0586,-33.8843],[151.0615,-33.883],[151.0641,-33.8801],[151.0656,-33.8722],[151.0613,-33.8666],[151.0567,-33.8645],[151.0479,-33.8649],[151.0463,-33.8736],[151.052,-33.8852],[151.0586,-33.8843]]]},"properties":{"SAL_CODE21":"13409","SAL_NAME21":"Rookwood (NSW)","STE_CODE21":"1","STE_NAME21":"New South Wales","AUS_CODE21":"AUS","AUS_NAME21":"Australia","AREASQKM21":3.015,"LOCI_URI21":"http://linked.data.gov.au/dataset/asgsed3/SAL/13409","SHAPE_Leng":0.0680182092269,"SHAPE_Area":0.00029379497076}},
{"type":"Feature","geometry":{"type":"Polygon","coordinates":[[[150.8629,-33.7684],[150.8612,-33.7659],[150.8569,-33.7639],[150.8557,-33.7618],[150.8465,-33.7604],[150.8308,-33.7581],[150.8298,-33.763],[150.8332,-33.7676],[150.8309,-33.7681],[150.8294,-33.7713],[150.8271,-33.7822],[150.8434,-33.7861],[150.8572,-33.7794],[150.8547,-33.7751],[150.8535,-33.7742],[150.8629,-33.7684]]]},"properties":{"SAL_CODE21":"13410","SAL_NAME21":"Rooty Hill","STE_CODE21":"1","STE_NAME21":"New South Wales","AUS_CODE21":"AUS","AUS_NAME21":"Australia","AREASQKM21":6.8073,"LOCI_URI21":"http://linked.data.gov.au/dataset/asgsed3/SAL/13410","SHAPE_Leng":0.122885748929,"SHAPE_Area":0.000662553005852}},
{"type":"Feature","geometry":{"type":"Polygon","coordinates":[[[150.7618,-33.7352],[150.7673,-33.7356],[150.769,-33.7331],[150.7777,-33.7378],[150.7787,-33.74],[150.784,-33.741],[150.79,-33.7373],[150.7973,-33.7326],[150.7946,-33.7301],[150.782,-33.7198],[150.7714,-33.7184],[150.7704,-33.7155],[150.7671,-33.7141],[150.7658,-33.7176],[150.7625,-33.7216],[150.764,-33.7257],[150.7596,-33.7301],[150.7617,-33.7324],[150.7618,-33.7352]]]},"properties":{"SAL_CODE21":"13411","SAL_NAME21":"Ropes Crossing","STE_CODE21":"1","STE_NAME21":"New South Wales","AUS_CODE21":"AUS","AUS_NAME21":"Australia","AREASQKM21":5.503,"LOCI_URI21":"http://linked.data.gov.au/dataset/asgsed3/SAL/13411","SHAPE_Leng":0.110611845631,"SHAPE_Area":0.00053534942184}},
{"type":"Feature","geometry":{"type":"Polygon","coordinates":[[[151.2678,-33.8852],[151.268,-33.885],[151.271,-33.8787],[151.2775,-33.8786],[151.2784,-33.8741],[151.2775,-33.8678],[151.2789,-33.8647],[151.2749,-33.8655],[151.2691,-33.8635],[151.2706,-33.8659],[151.2663,-33.8709],[151.2629,-33.8703],[151.2591,-33.8722],[151.2542,-33.8705],[151.2536,-33.8685],[151.2524,-33.8701],[151.2555,-33.872],[151.2567,-33.8758],[151.2603,-33.8754],[151.2623,-33.8796],[151.2678,-33.8852]]]},"properties":{"SAL_CODE21":"13412","SAL_NAME21":"Rose Bay (NSW)","STE_CODE21":"1","STE_NAME21":"New South Wales","AUS_CODE21":"AUS","AUS_NAME21":"Australia","AREASQKM21":2.5302,"LOCI_URI21":"http://linked.data.gov.au/dataset/asgsed3/SAL/13412","SHAPE_Leng":0.10783835245,"SHAPE_Area":0.000246502937129}},
{"type":"Feature","geometry":{"type":"Polygon","coordinates":[[[151.1964,-33.9214],[151.1954,-33.9255],[151.2062,-33.927],[151.207,-33.9229],[151.2143,-33.9243],[151.2113,-33.9198],[151.2129,-33.9123],[151.2023,-33.9101],[151.2008,-33.9146],[151.1994,-33.9186],[151.1964,-33.9214]]]},"properties":{"SAL_CODE21":"13419","SAL_NAME21":"Rosebery (NSW)","STE_CODE21":"1","STE_NAME21":"New South Wales","AUS_CODE21":"AUS","AUS_NAME21":"Australia","AREASQKM21":1.9279,"LOCI_URI21":"http://linked.data.gov.au/dataset/asgsed3/SAL/13419","SHAPE_Leng":0.0641373357788,"SHAPE_Area":0.000187985165031}},
{"type":"Feature","geometry":{"type":"Polygon","coordinates":[[[151.0301,-33.8352],[151.0352,-33.8318],[151.0389,-33.8319],[151.0451,-33.8296],[151.05,-33.8242],[151.0444,-33.8186],[151.0414,-33.8178],[151.0409,-33.8207],[151.0277,-33.8207],[151.0221,-33.818],[151.0167,-33.8202],[151.0137,-33.8226],[151.013,-33.8269],[151.0175,-33.8274],[151.0205,-33.8297],[151.0256,-33.8294],[151.0285,-33.8346],[151.03,-33.8352],[151.0301,-33.8352]]]},"properties":{"SAL_CODE21":"13422","SAL_NAME21":"Rosehill (NSW)","STE_CODE21":"1","STE_NAME21":"New South Wales","AUS_CODE21":"AUS","AUS_NAME21":"Australia","AREASQKM21":3.6704,"LOCI_URI21":"http://linked.data.gov.au/dataset/asgsed3/SAL/13422","SHAPE_Leng":0.0992405353452,"SHAPE_Area":0.000357453310707}},
{"type":"Feature","geometry":{"type":"Polygon","coordinates":[[[151.0869,-33.9254],[151.0759,-33.9287],[151.0643,-33.9311],[151.0601,-33.9317],[151.0617,-33.937],[151.0655,-33.9399],[151.0735,-33.9412],[151.0756,-33.9397],[151.085,-33.9358],[151.0873,-33.9328],[151.0904,-33.9314],[151.0869,-33.9254]]]},"properties":{"SAL_CODE21":"13423","SAL_NAME21":"Roselands","STE_CODE21":"1","STE_NAME21":"New South Wales","AUS_CODE21":"AUS","AUS_NAME21":"Australia","AREASQKM21":2.7447,"LOCI_URI21":"http://linked.data.gov.au/dataset/asgsed3/SAL/13423","SHAPE_Leng":0.0831933952849,"SHAPE_Area":0.000267591950241}},
{"type":"Feature","geometry":{"type":"Polygon","coordinates":[[[150.7803,-34.0979],[150.7792,-34.0994],[150.7812,-34.1027],[150.7861,-34.1061],[150.7863,-34.1104],[150.7903,-34.1114],[150.7938,-34.1155],[150.797,-34.1172],[150.7986,-34.1102],[150.8032,-34.1006],[150.8044,-34.0959],[150.7929,-34.0959],[150.7876,-34.0982],[150.7803,-34.0979]]]},"properties":{"SAL_CODE21":"13424","SAL_NAME21":"Rosemeadow","STE_CODE21":"1","STE_NAME21":"New South Wales","AUS_CODE21":"AUS","AUS_NAME21":"Australia","AREASQKM21":3.0097,"LOCI_URI21":"http://linked.data.gov.au/dataset/asgsed3/SAL/13424","SHAPE_Leng":0.0803167965376,"SHAPE_Area":0.000294062327733}},
{"type":"Feature","geometry":{"type":"Polygon","coordinates":[[[151.1966,-33.7821],[151.1951,-33.7767],[151.193,-33.7733],[151.1834,-33.7757],[151.1817,-33.7743],[151.1727,-33.7783],[151.1732,-33.7825],[151.1687,-33.7855],[151.1668,-33.7843],[151.1616,-33.7861],[151.1664,-33.792],[151.1704,-33.7906],[151.1724,-33.7916],[151.1801,-33.7892],[151.1805,-33.791],[151.195,-33.7865],[151.1971,-33.7848],[151.2007,-33.7849],[151.1966,-33.7821]]]},"properties":{"SAL_CODE21":"13426","SAL_NAME21":"Roseville","STE_CODE21":"1","STE_NAME21":"New South Wales","AUS_CODE21":"AUS","AUS_NAME21":"Australia","AREASQKM21":3.923,"LOCI_URI21":"http://linked.data.gov.au/dataset/asgsed3/SAL/13426","SHAPE_Leng":0.109956649036,"SHAPE_Area":0.000381850622561}},
{"type":"Feature","geometry":{"type":"Polygon","coordinates":[[[151.2072,-33.7788],[151.2072,-33.7763],[151.2029,-33.7735],[151.2028,-33.7705],[151.1985,-33.7681],[151.1945,-33.7678],[151.193,-33.7733],[151.1951,-33.7767],[151.1966,-33.7821],[151.2072,-33.7788]]]},"properties":{"SAL_CODE21":"13427","SAL_NAME21":"Roseville Chase","STE_CODE21":"1","STE_NAME21":"New South Wales","AUS_CODE21":"AUS","AUS_NAME21":"Australia","AREASQKM21":1.2644,"LOCI_URI21":"http://linked.data.gov.au/dataset/asgsed3/SAL/13427","SHAPE_Leng":0.0516788731262,"SHAPE_Area":0.000123087515521}},
{"type":"Feature","geometry":{"type":"Polygon","coordinates":[[[150.7948,-33.916],[150.7798,-33.914],[150.7778,-33.9127],[150.7655,-33.9111],[150.7557,-33.9132],[150.7579,-33.9162],[150.7562,-33.92],[150.7567,-33.9275],[150.7584,-33.932],[150.7553,-33.932],[150.7522,-33.9364],[150.7539,-33.9425],[150.7539,-33.9473],[150.7526,-33.9489],[150.7544,-33.9547],[150.7589,-33.9548],[150.7594,-33.9585],[150.7767,-33.9609],[150.7782,-33.9619],[150.7841,-33.9557],[150.7862,-33.9572],[150.7916,-33.9512],[150.7917,-33.9483],[150.7886,-33.9427],[150.788,-33.9375],[150.7866,-33.9358],[150.7872,-33.9304],[150.7898,-33.9269],[150.7926,-33.9273],[150.7948,-33.916]]]},"properties":{"SAL_CODE21":"13434","SAL_NAME21":"Rossmore (NSW)","STE_CODE21":"1","STE_NAME21":"New South Wales","AUS_CODE21":"AUS","AUS_NAME21":"Australia","AREASQKM21":16.3461,"LOCI_URI21":"http://linked.data.gov.au/dataset/asgsed3/SAL/13434","SHAPE_Leng":0.192771787353,"SHAPE_Area":0.00159395883833}},
{"type":"Feature","geometry":{"type":"Polygon","coordinates":[[[150.9272,-33.655],[150.9236,-33.6588],[150.9201,-33.6606],[150.9154,-33.6661],[150.9128,-33.6646],[150.9086,-33.667],[150.9096,-33.6687],[150.9063,-33.6726],[150.9028,-33.6702],[150.8997,-33.6664],[150.893,-33.6624],[150.8909,-33.6639],[150.8789,-33.6702],[150.8885,-33.6828],[150.8901,-33.6823],[150.8949,-33.6889],[150.9025,-33.6848],[150.9073,-33.6914],[150.9081,-33.6938],[150.917,-33.6919],[150.9223,-33.6905],[150.9276,-33.697],[150.9287,-33.7001],[150.9331,-33.6939],[150.9298,-33.6896],[150.9339,-33.6873],[150.932,-33.6835],[150.9283,-33.6816],[150.9311,-33.6794],[150.9297,-33.6767],[150.9331,-33.675],[150.935,-33.6709],[150.9307,-33.666],[150.9329,-33.6597],[150.9308,-33.6601],[150.9298,-33.6561],[150.9272,-33.655]]]},"properties":{"SAL_CODE21":"13444","SAL_NAME21":"Rouse Hill","STE_CODE21":"1","STE_NAME21":"New South Wales","AUS_CODE21":"AUS","AUS_NAME21":"Australia","AREASQKM21":12.8226,"LOCI_URI21":"http://linked.data.gov.au/dataset/asgsed3/SAL/13444","SHAPE_Leng":0.216260565757,"SHAPE_Area":0.00124664863595}},
{"type":"Feature","geometry":{"type":"Polygon","coordinates":[[[151.142,-34.0808],[151.139,-34.0825],[151.1338,-34.0813],[151.1295,-34.0871],[151.1296,-34.0896],[151.1246,-34.0888],[151.1296,-34.0859],[151.1333,-34.0808],[151.1276,-34.08],[151.1267,-34.0844],[151.1236,-34.0839],[151.1249,-34.0798],[151.1245,-34.0759],[151.1202,-34.0781],[151.1175,-34.0769],[151.1144,-34.0796],[151.1116,-34.0778],[151.1075,-34.0831],[151.1049,-34.0824],[151.1004,-34.0837],[151.0995,-34.0819],[151.1051,-34.0798],[151.1034,-34.0745],[151.1062,-34.0722],[151.1046,-34.0699],[151.1011,-34.069],[151.1024,-34.0664],[151.0973,-34.0606],[151.0937,-34.0603],[151.0931,-34.0634],[151.0903,-34.0646],[151.0898,-34.0687],[151.0845,-34.0674],[151.0806,-34.0641],[151.0723,-34.0627],[151.0746,-34.0503],[151.0738,-34.0482],[151.0726,-34.0474],[151.0653,-34.0423],[151.0594,-34.0403],[151.0527,-34.0453],[151.0503,-34.0508],[151.0475,-34.0529],[151.04,-34.0558],[151.0334,-34.0584],[151.021,-34.0633],[151.0168,-34.0658],[151.0141,-34.0687],[151.0118,-34.0741],[151.0116,-34.079],[151.021,-34.0804],[151.0197,-34.0849],[151.0155,-34.089],[151.0083,-34.0879],[151.0085,-34.0915],[151.0054,-34.0939],[151.003,-34.0929],[150.997,-34.0987],[150.9952,-34.102],[150.9943,-34.1057],[150.9933,-34.1196],[150.9944,-34.1317],[150.9958,-34.1366],[150.9948,-34.1399],[150.9962,-34.1439],[150.9956,-34.1477],[151.0137,-34.1545],[151.0189,-34.1559],[151.0159,-34.1593],[151.0143,-34.1638],[151.0159,-34.1664],[151.0348,-34.1691],[151.0545,-34.1715],[151.0552,-34.1677],[151.0608,-34.1685],[151.0603,-34.1714],[151.0662,-34.1723],[151.0725,-34.1684],[151.0811,-34.1668],[151.0957,-34.1581],[151.0984,-34.1537],[151.1003,-34.1541],[151.1056,-34.1518],[151.1164,-34.1445],[151.1181,-34.1416],[151.1221,-34.1396],[151.1233,-34.1366],[151.1284,-34.1374],[151.1286,-34.133],[151.1301,-34.1295],[151.1367,-34.1229],[151.1369,-34.1202],[151.1415,-34.1162],[151.1431,-34.1171],[151.1486,-34.1162],[151.1519,-34.1145],[151.1518,-34.1099],[151.1566,-34.1056],[151.1598,-34.1003],[151.1657,-34.0952],[151.1718,-34.0865],[151.1716,-34.0815],[151.169,-34.0756],[151.1651,-34.0781],[151.1634,-34.0815],[151.1573,-34.08],[151.1593,-34.0811],[151.1568,-34.0931],[151.1529,-34.0926],[151.1536,-34.0893],[151.143,-34.084],[151.142,-34.0808]]]},"properties":{"SAL_CODE21":"13448","SAL_NAME21":"Royal National Park","STE_CODE21":"1","STE_NAME21":"New South Wales","AUS_CODE21":"AUS","AUS_NAME21":"Australia","AREASQKM21":139.1565,"LOCI_URI21":"http://linked.data.gov.au/dataset/asgsed3/SAL/13448","SHAPE_Leng":0.930199346858,"SHAPE_Area":0.0135970442017}},
{"type":"Feature","geometry":{"type":"Polygon","coordinates":[[[151.1735,-33.8713],[151.1847,-33.8685],[151.1868,-33.8634],[151.1817,-33.8637],[151.1723,-33.8606],[151.1726,-33.8584],[151.1693,-33.8573],[151.1634,-33.8603],[151.1611,-33.8625],[151.1655,-33.8642],[151.1693,-33.8717],[151.172,-33.8721],[151.1735,-33.8713]]]},"properties":{"SAL_CODE21":"13450","SAL_NAME21":"Rozelle","STE_CODE21":"1","STE_NAME21":"New South Wales","AUS_CODE21":"AUS","AUS_NAME21":"Australia","AREASQKM21":1.8337,"LOCI_URI21":"http://linked.data.gov.au/dataset/asgsed3/SAL/13450","SHAPE_Leng":0.0837643994825,"SHAPE_Area":0.000178682867987}},
{"type":"Feature","geometry":{"type":"Polygon","coordinates":[[[150.8455,-34.077],[150.8497,-34.0765],[150.851,-34.0702],[150.8493,-34.0663],[150.8491,-34.061],[150.8461,-34.0597],[150.841,-34.0598],[150.8375,-34.0654],[150.8365,-34.0689],[150.8288,-34.0775],[150.8314,-34.0786],[150.8364,-34.079],[150.8455,-34.077]]]},"properties":{"SAL_CODE21":"13458","SAL_NAME21":"Ruse","STE_CODE21":"1","STE_NAME21":"New South Wales","AUS_CODE21":"AUS","AUS_NAME21":"Australia","AREASQKM21":2.5956,"LOCI_URI21":"http://linked.data.gov.au/dataset/asgsed3/SAL/13458","SHAPE_Leng":0.0843593245617,"SHAPE_Area":0.000253502307972}},
{"type":"Feature","geometry":{"type":"Polygon","coordinates":[[[151.2306,-33.8741],[151.2301,-33.873],[151.2251,-33.8741],[151.2244,-33.876],[151.2294,-33.8769],[151.2295,-33.8768],[151.2297,-33.8764],[151.2306,-33.8741]]]},"properties":{"SAL_CODE21":"13459","SAL_NAME21":"Rushcutters Bay","STE_CODE21":"1","STE_NAME21":"New South Wales","AUS_CODE21":"AUS","AUS_NAME21":"Australia","AREASQKM21":0.1574,"LOCI_URI21":"http://linked.data.gov.au/dataset/asgsed3/SAL/13459","SHAPE_Leng":0.0206110906026,"SHAPE_Area":0.0000153384363851}},
{"type":"Feature","geometry":{"type":"Polygon","coordinates":[[[151.1366,-33.8549],[151.1347,-33.859],[151.1343,-33.8629],[151.1385,-33.862],[151.1395,-33.8637],[151.1446,-33.8631],[151.1498,-33.862],[151.1424,-33.8533],[151.1409,-33.8531],[151.1376,-33.8538],[151.1366,-33.8549]]]},"properties":{"SAL_CODE21":"13462","SAL_NAME21":"Russell Lea","STE_CODE21":"1","STE_NAME21":"New South Wales","AUS_CODE21":"AUS","AUS_NAME21":"Australia","AREASQKM21":1.0044,"LOCI_URI21":"http://linked.data.gov.au/dataset/asgsed3/SAL/13462","SHAPE_Leng":0.0530383211096,"SHAPE_Area":0.0000978511366222}},
{"type":"Feature","geometry":{"type":"Polygon","coordinates":[[[151.0414,-33.8178],[151.0444,-33.8186],[151.05,-33.8242],[151.0511,-33.8242],[151.0576,-33.824],[151.0513,-33.8236],[151.0531,-33.8094],[151.0506,-33.8038],[151.0479,-33.8033],[151.043,-33.8064],[151.0319,-33.8048],[151.0298,-33.8093],[151.028,-33.809],[151.0237,-33.8092],[151.0226,-33.8143],[151.0261,-33.8147],[151.0264,-33.817],[151.0351,-33.8191],[151.0414,-33.8178]]]},"properties":{"SAL_CODE21":"13468","SAL_NAME21":"Rydalmere","STE_CODE21":"1","STE_NAME21":"New South Wales","AUS_CODE21":"AUS","AUS_NAME21":"Australia","AREASQKM21":3.8342,"LOCI_URI21":"http://linked.data.gov.au/dataset/asgsed3/SAL/13468","SHAPE_Leng":0.112398042594,"SHAPE_Area":0.000373377170849}},
{"type":"Feature","geometry":{"type":"Polygon","coordinates":[[[151.1,-33.8026],[151.1023,-33.8042],[151.103,-33.8073],[151.095,-33.8141],[151.0928,-33.816],[151.0929,-33.8196],[151.0963,-33.8227],[151.1014,-33.818],[151.1079,-33.823],[151.1158,-33.8248],[151.1203,-33.8246],[151.1206,-33.8201],[151.124,-33.8168],[151.1295,-33.817],[151.1352,-33.8141],[151.1272,-33.8094],[151.1243,-33.8043],[151.1213,-33.8027],[151.1097,-33.7938],[151.1057,-33.7908],[151.1023,-33.7954],[151.104,-33.7996],[151.1005,-33.8021],[151.1,-33.8026]]]},"properties":{"SAL_CODE21":"13469","SAL_NAME21":"Ryde","STE_CODE21":"1","STE_NAME21":"New South Wales","AUS_CODE21":"AUS","AUS_NAME21":"Australia","AREASQKM21":7.1015,"LOCI_URI21":"http://linked.data.gov.au/dataset/asgsed3/SAL/13469","SHAPE_Leng":0.168049593011,"SHAPE_Area":0.000691434898165}},
{"type":"Feature","geometry":{"type":"Polygon","coordinates":[[[150.8647,-33.506],[150.8684,-33.5066],[150.8724,-33.505],[150.8745,-33.5062],[150.8797,-33.5034],[150.8873,-33.5059],[150.8884,-33.4985],[150.8942,-33.4926],[150.8963,-33.4864],[150.8935,-33.4846],[150.8902,-33.4861],[150.8765,-33.4999],[150.8732,-33.5018],[150.8697,-33.4977],[150.8787,-33.4901],[150.879,-33.4865],[150.8774,-33.4818],[150.8737,-33.4783],[150.8713,-33.4806],[150.8672,-33.4793],[150.8657,-33.4852],[150.8668,-33.4936],[150.8635,-33.4931],[150.8612,-33.5042],[150.8647,-33.506]]]},"properties":{"SAL_CODE21":"13473","SAL_NAME21":"Sackville","STE_CODE21":"1","STE_NAME21":"New South Wales","AUS_CODE21":"AUS","AUS_NAME21":"Australia","AREASQKM21":5.0889,"LOCI_URI21":"http://linked.data.gov.au/dataset/asgsed3/SAL/13473","SHAPE_Leng":0.167678664826,"SHAPE_Area":0.000493734131533}},
{"type":"Feature","geometry":{"type":"Polygon","coordinates":[[[150.8848,-33.4723],[150.8766,-33.4708],[150.8711,-33.4731],[150.8709,-33.475],[150.8737,-33.4783],[150.8774,-33.4818],[150.879,-33.4865],[150.8787,-33.4901],[150.8697,-33.4977],[150.8732,-33.5018],[150.8765,-33.4999],[150.8902,-33.4861],[150.8935,-33.4846],[150.8963,-33.4864],[150.9009,-33.4894],[150.9044,-33.4942],[150.9103,-33.4999],[150.9151,-33.5014],[150.9217,-33.5015],[150.9266,-33.5029],[150.9269,-33.4998],[150.9326,-33.5006],[150.9315,-33.4948],[150.9336,-33.484],[150.9322,-33.4838],[150.9311,-33.4763],[150.9292,-33.4723],[150.918,-33.4746],[150.9106,-33.4735],[150.9061,-33.4736],[150.9049,-33.4712],[150.9031,-33.4735],[150.8961,-33.4747],[150.8848,-33.4723]]]},"properties":{"SAL_CODE21":"13474","SAL_NAME21":"Sackville North","STE_CODE21":"1","STE_NAME21":"New South Wales","AUS_CODE21":"AUS","AUS_NAME21":"Australia","AREASQKM21":13.0907,"LOCI_URI21":"http://linked.data.gov.au/dataset/asgsed3/SAL/13474","SHAPE_Leng":0.212040139631,"SHAPE_Area":0.00126994873407}},
{"type":"Feature","geometry":{"type":"Polygon","coordinates":[[[150.8942,-33.911],[150.8899,-33.9116],[150.8873,-33.9137],[150.8851,-33.9194],[150.8894,-33.9225],[150.8954,-33.9226],[150.896,-33.9214],[150.8949,-33.9184],[150.8942,-33.911]]]},"properties":{"SAL_CODE21":"13476","SAL_NAME21":"Sadleir","STE_CODE21":"1","STE_NAME21":"New South Wales","AUS_CODE21":"AUS","AUS_NAME21":"Australia","AREASQKM21":0.8992,"LOCI_URI21":"http://linked.data.gov.au/dataset/asgsed3/SAL/13476","SHAPE_Leng":0.0423866737809,"SHAPE_Area":0.0000876603576862}},
{"type":"Feature","geometry":{"type":"Polygon","coordinates":[[[151.5076,-33.218],[151.5133,-33.2208],[151.5195,-33.2194],[151.5275,-33.2204],[151.5334,-33.2163],[151.5277,-33.2084],[151.5166,-33.2069],[151.5143,-33.2121],[151.5076,-33.218]]]},"properties":{"SAL_CODE21":"13485","SAL_NAME21":"San Remo (NSW)","STE_CODE21":"1","STE_NAME21":"New South Wales","AUS_CODE21":"AUS","AUS_NAME21":"Australia","AREASQKM21":2.2815,"LOCI_URI21":"http://linked.data.gov.au/dataset/asgsed3/SAL/13485","SHAPE_Leng":0.0716241431744,"SHAPE_Area":0.000220651651734}},
{"type":"Feature","geometry":{"type":"Polygon","coordinates":[[[151.1401,-33.9939],[151.1383,-33.9936],[151.1362,-34.0037],[151.1398,-34.0033],[151.142,-33.9973],[151.1461,-33.9968],[151.1492,-33.9944],[151.1444,-33.995],[151.1401,-33.9939]]]},"properties":{"SAL_CODE21":"13493","SAL_NAME21":"Sandringham (NSW)","STE_CODE21":"1","STE_NAME21":"New South Wales","AUS_CODE21":"AUS","AUS_NAME21":"Australia","AREASQKM21":0.4953,"LOCI_URI21":"http://linked.data.gov.au/dataset/asgsed3/SAL/13493","SHAPE_Leng":0.0424501195233,"SHAPE_Area":0.0000483397224218}},
{"type":"Feature","geometry":{"type":"Polygon","coordinates":[[[150.9945,-33.9798],[150.9946,-33.9778],[150.9982,-33.9751],[150.994,-33.9717],[150.9916,-33.9751],[150.9885,-33.9767],[150.9916,-33.9794],[150.9945,-33.9798]]]},"properties":{"SAL_CODE21":"13502","SAL_NAME21":"Sandy Point (NSW)","STE_CODE21":"1","STE_NAME21":"New South Wales","AUS_CODE21":"AUS","AUS_NAME21":"Australia","AREASQKM21":0.3985,"LOCI_URI21":"http://linked.data.gov.au/dataset/asgsed3/SAL/13502","SHAPE_Leng":0.0276234183341,"SHAPE_Area":0.0000388777252527}},
{"type":"Feature","geometry":{"type":"Polygon","coordinates":[[[151.1303,-33.983],[151.1301,-33.9838],[151.1314,-33.9855],[151.1266,-33.9935],[151.1231,-33.9963],[151.1243,-34.0024],[151.128,-34.0058],[151.1362,-34.0037],[151.1383,-33.9936],[151.1401,-33.9939],[151.1419,-33.9917],[151.149,-33.9927],[151.1483,-33.9858],[151.1437,-33.9859],[151.1352,-33.984],[151.1303,-33.983]]]},"properties":{"SAL_CODE21":"13504","SAL_NAME21":"Sans Souci","STE_CODE21":"1","STE_NAME21":"New South Wales","AUS_CODE21":"AUS","AUS_NAME21":"Australia","AREASQKM21":3.0651,"LOCI_URI21":"http://linked.data.gov.au/dataset/asgsed3/SAL/13504","SHAPE_Leng":0.101493196724,"SHAPE_Area":0.000299095780435}},
{"type":"Feature","geometry":{"type":"Polygon","coordinates":[[[151.3652,-33.4775],[151.3687,-33.4727],[151.3673,-33.4711],[151.3591,-33.47],[151.3523,-33.4747],[151.3491,-33.4725],[151.3416,-33.4715],[151.3372,-33.473],[151.3364,-33.4766],[151.3393,-33.4778],[151.3427,-33.4814],[151.3454,-33.4803],[151.3498,-33.4815],[151.351,-33.4793],[151.3597,-33.48],[151.3652,-33.4775]]]},"properties":{"SAL_CODE21":"13507","SAL_NAME21":"Saratoga","STE_CODE21":"1","STE_NAME21":"New South Wales","AUS_CODE21":"AUS","AUS_NAME21":"Australia","AREASQKM21":2.3728,"LOCI_URI21":"http://linked.data.gov.au/dataset/asgsed3/SAL/13507","SHAPE_Leng":0.086821412196,"SHAPE_Area":0.000230180696453}},
{"type":"Feature","geometry":{"type":"Polygon","coordinates":[[[150.892,-33.586],[150.8907,-33.5924],[150.8866,-33.5929],[150.8799,-33.5906],[150.8745,-33.5918],[150.8762,-33.5939],[150.8744,-33.5965],[150.8769,-33.5993],[150.8768,-33.6017],[150.8754,-33.607],[150.8818,-33.6122],[150.8856,-33.6143],[150.8872,-33.6181],[150.8916,-33.6204],[150.8943,-33.6161],[150.895,-33.6127],[150.8978,-33.6118],[150.8992,-33.6091],[150.9055,-33.6041],[150.9067,-33.6021],[150.9061,-33.5967],[150.9098,-33.5876],[150.9043,-33.5865],[150.8946,-33.5868],[150.892,-33.586]]]},"properties":{"SAL_CODE21":"13516","SAL_NAME21":"Scheyville","STE_CODE21":"1","STE_NAME21":"New South Wales","AUS_CODE21":"AUS","AUS_NAME21":"Australia","AREASQKM21":7.412,"LOCI_URI21":"http://linked.data.gov.au/dataset/asgsed3/SAL/13516","SHAPE_Leng":0.124114129992,"SHAPE_Area":0.000719992034159}},
{"type":"Feature","geometry":{"type":"Polygon","coordinates":[[[150.865,-33.7164],[150.868,-33.7115],[150.8753,-33.7098],[150.8802,-33.7111],[150.8932,-33.7129],[150.8952,-33.6988],[150.8948,-33.6964],[150.8803,-33.6982],[150.8725,-33.7016],[150.8711,-33.699],[150.8778,-33.696],[150.8741,-33.6902],[150.8744,-33.6886],[150.8668,-33.6918],[150.8561,-33.6936],[150.8553,-33.6901],[150.8516,-33.6907],[150.8521,-33.6942],[150.8448,-33.6953],[150.8484,-33.7109],[150.8506,-33.7105],[150.8519,-33.7164],[150.8545,-33.7159],[150.865,-33.7164]]]},"properties":{"SAL_CODE21":"13517","SAL_NAME21":"Schofields","STE_CODE21":"1","STE_NAME21":"New South Wales","AUS_CODE21":"AUS","AUS_NAME21":"Australia","AREASQKM21":8.8765,"LOCI_URI21":"http://linked.data.gov.au/dataset/asgsed3/SAL/13517","SHAPE_Leng":0.189495490142,"SHAPE_Area":0.000863266526367}},
{"type":"Feature","geometry":{"type":"Polygon","coordinates":[[[151.2921,-33.6439],[151.2957,-33.6405],[151.2939,-33.6364],[151.2892,-33.6361],[151.2862,-33.6404],[151.2921,-33.6439]]]},"properties":{"SAL_CODE21":"13520","SAL_NAME21":"Scotland Island","STE_CODE21":"1","STE_NAME21":"New South Wales","AUS_CODE21":"AUS","AUS_NAME21":"Australia","AREASQKM21":0.546,"LOCI_URI21":"http://linked.data.gov.au/dataset/asgsed3/SAL/13520","SHAPE_Leng":0.0370388268303,"SHAPE_Area":0.0000530857098227}},
{"type":"Feature","geometry":{"type":"Polygon","coordinates":[[[151.2383,-33.7787],[151.2323,-33.7779],[151.2321,-33.7823],[151.2366,-33.789],[151.2349,-33.7941],[151.2389,-33.7984],[151.2351,-33.8016],[151.2368,-33.8044],[151.2421,-33.8041],[151.2437,-33.8021],[151.2492,-33.8015],[151.2503,-33.8002],[151.2524,-33.7979],[151.2539,-33.7923],[151.2476,-33.7904],[151.2467,-33.7884],[151.2422,-33.786],[151.2432,-33.7816],[151.2383,-33.7787]]]},"properties":{"SAL_CODE21":"13524","SAL_NAME21":"Seaforth (NSW)","STE_CODE21":"1","STE_NAME21":"New South Wales","AUS_CODE21":"AUS","AUS_NAME21":"Australia","AREASQKM21":3.1079,"LOCI_URI21":"http://linked.data.gov.au/dataset/asgsed3/SAL/13524","SHAPE_Leng":0.091940192769,"SHAPE_Area":0.000302540208553}},
{"type":"Feature","geometry":{"type":"Polygon","coordinates":[[[151.0132,-33.8784],[151.0082,-33.8758],[151.0045,-33.8955],[151.008,-33.8961],[151.0081,-33.8986],[151.0138,-33.8966],[151.016,-33.8861],[151.0155,-33.8797],[151.0132,-33.8784]]]},"properties":{"SAL_CODE21":"13531","SAL_NAME21":"Sefton","STE_CODE21":"1","STE_NAME21":"New South Wales","AUS_CODE21":"AUS","AUS_NAME21":"Australia","AREASQKM21":1.8148,"LOCI_URI21":"http://linked.data.gov.au/dataset/asgsed3/SAL/13531","SHAPE_Leng":0.0647853253428,"SHAPE_Area":0.000176865210516}},
{"type":"Feature","geometry":{"type":"Polygon","coordinates":[[[150.9553,-33.7583],[150.9511,-33.7622],[150.9466,-33.758],[150.9428,-33.7586],[150.9428,-33.7666],[150.9352,-33.7658],[150.9338,-33.7683],[150.9239,-33.7669],[150.9196,-33.767],[150.9193,-33.7725],[150.9228,-33.7728],[150.9227,-33.7753],[150.9202,-33.7784],[150.921,-33.7855],[150.9191,-33.7897],[150.9191,-33.7926],[150.9261,-33.7969],[150.9317,-33.7948],[150.9433,-33.7871],[150.9441,-33.7824],[150.9515,-33.7774],[150.9559,-33.7805],[150.9608,-33.7793],[150.9669,-33.7811],[150.9607,-33.7733],[150.9588,-33.7678],[150.9577,-33.7629],[150.9553,-33.7583]]]},"properties":{"SAL_CODE21":"13533","SAL_NAME21":"Seven Hills (NSW)","STE_CODE21":"1","STE_NAME21":"New South Wales","AUS_CODE21":"AUS","AUS_NAME21":"Australia","AREASQKM21":9.629,"LOCI_URI21":"http://linked.data.gov.au/dataset/asgsed3/SAL/13533","SHAPE_Leng":0.188108068885,"SHAPE_Area":0.000937150046617}},
{"type":"Feature","geometry":{"type":"Polygon","coordinates":[[[150.8189,-33.7245],[150.8135,-33.7239],[150.8013,-33.7222],[150.8,-33.7248],[150.7946,-33.7301],[150.7973,-33.7326],[150.8001,-33.7289],[150.8021,-33.7326],[150.8111,-33.7324],[150.8189,-33.7245]]]},"properties":{"SAL_CODE21":"13538","SAL_NAME21":"Shalvey","STE_CODE21":"1","STE_NAME21":"New South Wales","AUS_CODE21":"AUS","AUS_NAME21":"Australia","AREASQKM21":1.5839,"LOCI_URI21":"http://linked.data.gov.au/dataset/asgsed3/SAL/13538","SHAPE_Leng":0.0670391827392,"SHAPE_Area":0.000154086428632}},
{"type":"Feature","geometry":{"type":"Polygon","coordinates":[[[150.7843,-33.6939],[150.7789,-33.697],[150.7796,-33.7012],[150.7758,-33.704],[150.7729,-33.7014],[150.766,-33.7058],[150.7671,-33.7141],[150.7704,-33.7155],[150.7714,-33.7184],[150.782,-33.7198],[150.8013,-33.7222],[150.8135,-33.7239],[150.8168,-33.7072],[150.785,-33.7028],[150.7867,-33.6926],[150.7862,-33.691],[150.7843,-33.6939]]]},"properties":{"SAL_CODE21":"13539","SAL_NAME21":"Shanes Park","STE_CODE21":"1","STE_NAME21":"New South Wales","AUS_CODE21":"AUS","AUS_NAME21":"Australia","AREASQKM21":8.7517,"LOCI_URI21":"http://linked.data.gov.au/dataset/asgsed3/SAL/13539","SHAPE_Leng":0.15579980687,"SHAPE_Area":0.000851194443146}},
{"type":"Feature","geometry":{"type":"Polygon","coordinates":[[[151.4874,-33.3744],[151.4894,-33.3716],[151.4945,-33.3672],[151.4921,-33.3638],[151.4873,-33.3633],[151.4807,-33.3697],[151.4756,-33.369],[151.475,-33.3728],[151.4817,-33.3737],[151.4863,-33.3766],[151.4874,-33.3744]]]},"properties":{"SAL_CODE21":"13550","SAL_NAME21":"Shelly Beach (NSW)","STE_CODE21":"1","STE_NAME21":"New South Wales","AUS_CODE21":"AUS","AUS_NAME21":"Australia","AREASQKM21":1.1624,"LOCI_URI21":"http://linked.data.gov.au/dataset/asgsed3/SAL/13550","SHAPE_Leng":0.0623403786107,"SHAPE_Area":0.000112633157585}},
{"type":"Feature","geometry":{"type":"Polygon","coordinates":[[[150.546,-33.9582],[150.5701,-33.9614],[150.5761,-33.9618],[150.5991,-33.9652],[150.601,-33.966],[150.6,-33.9714],[150.6031,-33.9718],[150.6051,-33.9621],[150.6122,-33.9618],[150.6129,-33.9582],[150.6215,-33.9596],[150.6195,-33.9582],[150.618,-33.9529],[150.6198,-33.9475],[150.6274,-33.935],[150.6343,-33.929],[150.6296,-33.9286],[150.6286,-33.9233],[150.6313,-33.909],[150.6226,-33.9079],[150.6234,-33.9054],[150.6271,-33.9014],[150.6273,-33.8974],[150.6239,-33.8969],[150.6269,-33.8821],[150.627,-33.8791],[150.6237,-33.878],[150.617,-33.8809],[150.613,-33.8827],[150.6137,-33.8889],[150.61,-33.8948],[150.6069,-33.8959],[150.6003,-33.895],[150.5995,-33.901],[150.6038,-33.9061],[150.5931,-33.9046],[150.5868,-33.9004],[150.583,-33.8944],[150.5801,-33.8933],[150.5576,-33.9053],[150.5645,-33.9116],[150.5685,-33.9119],[150.567,-33.9171],[150.5699,-33.9187],[150.5694,-33.9211],[150.5556,-33.9271],[150.5479,-33.9296],[150.5407,-33.9304],[150.5351,-33.9327],[150.5361,-33.9376],[150.5402,-33.9369],[150.5452,-33.9383],[150.5477,-33.9363],[150.5487,-33.9429],[150.5529,-33.9469],[150.556,-33.9477],[150.5564,-33.95],[150.5532,-33.9546],[150.5503,-33.9547],[150.546,-33.9582]]]},"properties":{"SAL_CODE21":"13559","SAL_NAME21":"Silverdale (NSW)","STE_CODE21":"1","STE_NAME21":"New South Wales","AUS_CODE21":"AUS","AUS_NAME21":"Australia","AREASQKM21":48.4222,"LOCI_URI21":"http://linked.data.gov.au/dataset/asgsed3/SAL/13559","SHAPE_Leng":0.434839887649,"SHAPE_Area":0.00472137056482}},
{"type":"Feature","geometry":{"type":"Polygon","coordinates":[[[151.0444,-33.8424],[151.047,-33.8436],[151.0491,-33.8407],[151.0527,-33.8407],[151.0545,-33.8356],[151.0544,-33.8314],[151.0593,-33.8326],[151.0604,-33.8296],[151.0572,-33.8261],[151.0544,-33.8285],[151.0506,-33.8272],[151.0512,-33.8247],[151.0511,-33.8242],[151.05,-33.8242],[151.0451,-33.8296],[151.0389,-33.8319],[151.0352,-33.8318],[151.0301,-33.8352],[151.0444,-33.8424]]]},"properties":{"SAL_CODE21":"13562","SAL_NAME21":"Silverwater (Parramatta - NSW)","STE_CODE21":"1","STE_NAME21":"New South Wales","AUS_CODE21":"AUS","AUS_NAME21":"Australia","AREASQKM21":2.7,"LOCI_URI21":"http://linked.data.gov.au/dataset/asgsed3/SAL/13562","SHAPE_Leng":0.0901737098212,"SHAPE_Area":0.000262984618155}},
{"type":"Feature","geometry":{"type":"Polygon","coordinates":[[[151.0855,-33.4753],[151.0813,-33.4609],[151.08,-33.4548],[151.08,-33.4496],[151.0764,-33.4519],[151.0786,-33.4581],[151.0765,-33.4614],[151.0719,-33.463],[151.0703,-33.464],[151.0548,-33.461],[151.0552,-33.4592],[151.0486,-33.4583],[151.0478,-33.462],[151.052,-33.4626],[151.0568,-33.4637],[151.0559,-33.4681],[151.0533,-33.4677],[151.052,-33.4734],[151.0551,-33.4739],[151.0528,-33.4782],[151.0564,-33.4786],[151.0636,-33.4776],[151.0652,-33.4818],[151.0729,-33.4833],[151.0768,-33.4851],[151.0808,-33.4745],[151.0855,-33.4753]]]},"properties":{"SAL_CODE21":"13567","SAL_NAME21":"Singletons Mill","STE_CODE21":"1","STE_NAME21":"New South Wales","AUS_CODE21":"AUS","AUS_NAME21":"Australia","AREASQKM21":6.024,"LOCI_URI21":"http://linked.data.gov.au/dataset/asgsed3/SAL/13567","SHAPE_Leng":0.158910287375,"SHAPE_Area":0.000584295997979}},
{"type":"Feature","geometry":{"type":"Polygon","coordinates":[[[150.7696,-34.0366],[150.7681,-34.034],[150.7556,-34.0269],[150.7463,-34.0363],[150.7449,-34.0405],[150.7554,-34.0436],[150.761,-34.0475],[150.7696,-34.0366]]]},"properties":{"SAL_CODE21":"13573","SAL_NAME21":"Smeaton Grange","STE_CODE21":"1","STE_NAME21":"New South Wales","AUS_CODE21":"AUS","AUS_NAME21":"Australia","AREASQKM21":2.7709,"LOCI_URI21":"http://linked.data.gov.au/dataset/asgsed3/SAL/13573","SHAPE_Leng":0.0736593415753,"SHAPE_Area":0.000270496272191}},
{"type":"Feature","geometry":{"type":"Polygon","coordinates":[[[150.9548,-33.8556],[150.9551,-33.8543],[150.9565,-33.8497],[150.9585,-33.8501],[150.9605,-33.8442],[150.9562,-33.8434],[150.958,-33.838],[150.9542,-33.838],[150.9364,-33.8355],[150.9363,-33.8339],[150.9251,-33.8336],[150.9248,-33.8358],[150.9273,-33.8406],[150.9241,-33.8419],[150.9226,-33.8488],[150.9185,-33.8482],[150.9164,-33.8589],[150.9179,-33.8591],[150.9337,-33.8612],[150.9474,-33.8631],[150.9481,-33.8598],[150.9507,-33.8569],[150.9548,-33.8556]]]},"properties":{"SAL_CODE21":"13575","SAL_NAME21":"Smithfield (NSW)","STE_CODE21":"1","STE_NAME21":"New South Wales","AUS_CODE21":"AUS","AUS_NAME21":"Australia","AREASQKM21":8.9149,"LOCI_URI21":"http://linked.data.gov.au/dataset/asgsed3/SAL/13575","SHAPE_Leng":0.147267738217,"SHAPE_Area":0.000868440452108}},
{"type":"Feature","geometry":{"type":"Polygon","coordinates":[[[151.2503,-33.4274],[151.2535,-33.4251],[151.2578,-33.4257],[151.2572,-33.429],[151.259,-33.4318],[151.2585,-33.4343],[151.2623,-33.4353],[151.2593,-33.4386],[151.262,-33.4403],[151.2661,-33.441],[151.269,-33.4365],[151.2727,-33.4359],[151.2783,-33.4316],[151.2804,-33.4283],[151.285,-33.4247],[151.2873,-33.4249],[151.3002,-33.4204],[151.3073,-33.4215],[151.3109,-33.4238],[151.3129,-33.4146],[151.3163,-33.4151],[151.318,-33.4085],[151.3161,-33.4082],[151.3171,-33.4032],[151.3217,-33.4048],[151.3229,-33.3975],[151.3217,-33.3942],[151.3225,-33.3874],[151.3224,-33.382],[151.3298,-33.383],[151.333,-33.3796],[151.3414,-33.3808],[151.3347,-33.3763],[151.3342,-33.37],[151.3327,-33.3648],[151.3299,-33.3645],[151.325,-33.3668],[151.3218,-33.3655],[151.3122,-33.3647],[151.3069,-33.3628],[151.3026,-33.3624],[151.3,-33.3605],[151.2994,-33.3561],[151.2957,-33.3515],[151.2909,-33.3502],[151.2931,-33.3393],[151.3001,-33.3403],[151.3025,-33.3284],[151.2985,-33.3278],[151.3001,-33.3199],[151.2969,-33.3194],[151.2963,-33.3222],[151.28,-33.3199],[151.2813,-33.313],[151.2615,-33.3103],[151.2564,-33.31],[151.2527,-33.3232],[151.2564,-33.3299],[151.2561,-33.3354],[151.2541,-33.3367],[151.2504,-33.3492],[151.246,-33.3517],[151.2462,-33.3558],[151.2495,-33.3571],[151.2496,-33.3616],[151.2484,-33.3645],[151.2485,-33.3688],[151.247,-33.3719],[151.25,-33.3728],[151.2501,-33.3752],[151.2451,-33.3739],[151.2371,-33.3769],[151.2358,-33.3801],[151.2307,-33.3795],[151.2278,-33.3842],[151.2337,-33.3881],[151.2281,-33.3993],[151.2245,-33.408],[151.229,-33.4119],[151.2285,-33.4141],[151.2341,-33.4159],[151.2415,-33.4118],[151.2457,-33.4173],[151.2449,-33.4199],[151.2482,-33.4228],[151.2503,-33.4274]]]},"properties":{"SAL_CODE21":"13587","SAL_NAME21":"Somersby","STE_CODE21":"1","STE_NAME21":"New South Wales","AUS_CODE21":"AUS","AUS_NAME21":"Australia","AREASQKM21":79.9005,"LOCI_URI21":"http://linked.data.gov.au/dataset/asgsed3/SAL/13587","SHAPE_Leng":0.581870087408,"SHAPE_Area":0.0077419440908}},
{"type":"Feature","geometry":{"type":"Polygon","coordinates":[[[151.2467,-33.9266],[151.2511,-33.9311],[151.2482,-33.9342],[151.2478,-33.9366],[151.2576,-33.9378],[151.2612,-33.9363],[151.2603,-33.9285],[151.2467,-33.9266]]]},"properties":{"SAL_CODE21":"13595","SAL_NAME21":"South Coogee","STE_CODE21":"1","STE_NAME21":"New South Wales","AUS_CODE21":"AUS","AUS_NAME21":"Australia","AREASQKM21":1.1322,"LOCI_URI21":"http://linked.data.gov.au/dataset/asgsed3/SAL/13595","SHAPE_Leng":0.054542609179,"SHAPE_Area":0.000110395854213}},
{"type":"Feature","geometry":{"type":"Polygon","coordinates":[[[151.0169,-33.8477],[151.0077,-33.8463],[151.0066,-33.8513],[151.0083,-33.8522],[151.0062,-33.863],[151.0038,-33.8707],[151.0075,-33.8713],[151.0132,-33.8696],[151.0151,-33.8632],[151.0139,-33.8601],[151.0163,-33.8566],[151.0156,-33.8529],[151.0179,-33.8499],[151.0169,-33.8477]]]},"properties":{"SAL_CODE21":"13599","SAL_NAME21":"South Granville","STE_CODE21":"1","STE_NAME21":"New South Wales","AUS_CODE21":"AUS","AUS_NAME21":"Australia","AREASQKM21":2.1908,"LOCI_URI21":"http://linked.data.gov.au/dataset/asgsed3/SAL/13599","SHAPE_Leng":0.0886447871629,"SHAPE_Area":0.000213491742889}},
{"type":"Feature","geometry":{"type":"Polygon","coordinates":[[[151.1083,-33.972],[151.1023,-33.9747],[151.0978,-33.9753],[151.0978,-33.9778],[151.1017,-33.98],[151.1023,-33.983],[151.1077,-33.9823],[151.1077,-33.9806],[151.1134,-33.9779],[151.1143,-33.9767],[151.1083,-33.972]]]},"properties":{"SAL_CODE21":"13603","SAL_NAME21":"South Hurstville","STE_CODE21":"1","STE_NAME21":"New South Wales","AUS_CODE21":"AUS","AUS_NAME21":"Australia","AREASQKM21":1.0417,"LOCI_URI21":"http://linked.data.gov.au/dataset/asgsed3/SAL/13603","SHAPE_Leng":0.0580018476522,"SHAPE_Area":0.000101659917362}},
{"type":"Feature","geometry":{"type":"Polygon","coordinates":[[[150.9467,-33.5422],[150.9514,-33.5437],[150.9509,-33.5467],[150.9578,-33.5507],[150.9609,-33.5472],[150.9646,-33.5486],[150.9658,-33.5443],[150.9743,-33.5415],[150.9793,-33.5381],[150.9796,-33.5324],[150.9817,-33.5217],[150.9798,-33.5194],[150.9819,-33.5084],[150.9824,-33.5052],[150.9902,-33.5057],[150.9959,-33.501],[150.9929,-33.4953],[150.9896,-33.4931],[150.9776,-33.49],[150.9693,-33.4845],[150.9669,-33.4867],[150.9624,-33.4833],[150.96,-33.4855],[150.9555,-33.482],[150.9533,-33.4821],[150.9442,-33.4764],[150.9422,-33.4724],[150.9379,-33.4719],[150.9336,-33.4685],[150.9307,-33.471],[150.9311,-33.4763],[150.9322,-33.4838],[150.9336,-33.484],[150.9315,-33.4948],[150.9326,-33.5006],[150.9269,-33.4998],[150.9266,-33.5029],[150.9277,-33.5049],[150.9266,-33.5084],[150.9227,-33.5138],[150.9193,-33.5167],[150.9277,-33.5184],[150.9265,-33.5245],[150.931,-33.5251],[150.9312,-33.529],[150.9297,-33.536],[150.9346,-33.5367],[150.9334,-33.5423],[150.9365,-33.5423],[150.941,-33.5407],[150.9467,-33.5422]]]},"properties":{"SAL_CODE21":"13608","SAL_NAME21":"South Maroota","STE_CODE21":"1","STE_NAME21":"New South Wales","AUS_CODE21":"AUS","AUS_NAME21":"Australia","AREASQKM21":34.8602,"LOCI_URI21":"http://linked.data.gov.au/dataset/asgsed3/SAL/13608","SHAPE_Leng":0.312412002714,"SHAPE_Area":0.0033828288775}},
{"type":"Feature","geometry":{"type":"Polygon","coordinates":[[[150.7038,-33.7855],[150.7101,-33.7807],[150.7119,-33.7757],[150.7098,-33.7641],[150.6894,-33.7613],[150.6853,-33.7811],[150.693,-33.7834],[150.7038,-33.7855]]]},"properties":{"SAL_CODE21":"13612","SAL_NAME21":"South Penrith","STE_CODE21":"1","STE_NAME21":"New South Wales","AUS_CODE21":"AUS","AUS_NAME21":"Australia","AREASQKM21":5.06,"LOCI_URI21":"http://linked.data.gov.au/dataset/asgsed3/SAL/13612","SHAPE_Leng":0.0853471167675,"SHAPE_Area":0.000492531375555}},
{"type":"Feature","geometry":{"type":"Polygon","coordinates":[[[151.1188,-33.7625],[151.1174,-33.7588],[151.1206,-33.7562],[151.1181,-33.7529],[151.1172,-33.7503],[151.1121,-33.7449],[151.1071,-33.7456],[151.1049,-33.7424],[151.0928,-33.7459],[151.0935,-33.7478],[151.0986,-33.7485],[151.1001,-33.7535],[151.1054,-33.7576],[151.1054,-33.7612],[151.109,-33.7625],[151.1156,-33.7612],[151.1188,-33.7625]]]},"properties":{"SAL_CODE21":"13614","SAL_NAME21":"South Turramurra","STE_CODE21":"1","STE_NAME21":"New South Wales","AUS_CODE21":"AUS","AUS_NAME21":"Australia","AREASQKM21":3.0621,"LOCI_URI21":"http://linked.data.gov.au/dataset/asgsed3/SAL/13614","SHAPE_Leng":0.0868504434,"SHAPE_Area":0.000297976114941}},
{"type":"Feature","geometry":{"type":"Polygon","coordinates":[[[150.9626,-33.8285],[150.9695,-33.8289],[150.9694,-33.8248],[150.9722,-33.8239],[150.9761,-33.8246],[150.9767,-33.8221],[150.9806,-33.8228],[150.9817,-33.8186],[150.978,-33.8167],[150.9746,-33.8165],[150.9647,-33.8144],[150.9625,-33.8185],[150.9626,-33.8285]]]},"properties":{"SAL_CODE21":"13615","SAL_NAME21":"South Wentworthville","STE_CODE21":"1","STE_NAME21":"New South Wales","AUS_CODE21":"AUS","AUS_NAME21":"Australia","AREASQKM21":1.8083,"LOCI_URI21":"http://linked.data.gov.au/dataset/asgsed3/SAL/13615","SHAPE_Leng":0.06229782028,"SHAPE_Area":0.00017612887539}},
{"type":"Feature","geometry":{"type":"Polygon","coordinates":[[[150.8075,-33.6454],[150.8178,-33.6486],[150.8269,-33.647],[150.8262,-33.6424],[150.824,-33.6413],[150.8241,-33.6379],[150.8221,-33.6298],[150.8228,-33.625],[150.8161,-33.62],[150.8126,-33.6149],[150.8104,-33.6135],[150.8026,-33.6122],[150.7998,-33.6137],[150.8003,-33.617],[150.7947,-33.6181],[150.7948,-33.6208],[150.7902,-33.624],[150.7891,-33.6283],[150.7844,-33.6311],[150.7814,-33.6283],[150.7788,-33.6308],[150.7722,-33.6272],[150.7708,-33.6337],[150.7822,-33.6375],[150.7859,-33.6415],[150.7883,-33.6394],[150.7853,-33.6384],[150.7915,-33.6316],[150.7955,-33.6315],[150.8033,-33.6362],[150.8082,-33.6369],[150.813,-33.6418],[150.8075,-33.6454]]]},"properties":{"SAL_CODE21":"13617","SAL_NAME21":"South Windsor","STE_CODE21":"1","STE_NAME21":"New South Wales","AUS_CODE21":"AUS","AUS_NAME21":"Australia","AREASQKM21":8.9052,"LOCI_URI21":"http://linked.data.gov.au/dataset/asgsed3/SAL/13617","SHAPE_Leng":0.219006441033,"SHAPE_Area":0.000865300915924}},
{"type":"Feature","geometry":{"type":"Polygon","coordinates":[[[151.0872,-33.4632],[151.0892,-33.4712],[151.0911,-33.4761],[151.0935,-33.479],[151.1016,-33.4807],[151.1044,-33.4792],[151.1077,-33.4706],[151.1132,-33.4647],[151.1212,-33.4624],[151.1281,-33.4645],[151.1358,-33.4693],[151.1389,-33.4697],[151.1414,-33.4675],[151.1412,-33.4639],[151.1433,-33.4601],[151.1479,-33.4587],[151.1455,-33.4545],[151.1453,-33.4487],[151.1476,-33.4476],[151.1522,-33.448],[151.1589,-33.4367],[151.1621,-33.4367],[151.1647,-33.4334],[151.1652,-33.4294],[151.1637,-33.4271],[151.1581,-33.4217],[151.1533,-33.4211],[151.153,-33.4184],[151.1487,-33.4197],[151.1413,-33.4186],[151.1363,-33.4153],[151.1354,-33.4197],[151.1285,-33.4187],[151.1248,-33.4159],[151.1238,-33.4105],[151.1191,-33.4057],[151.1097,-33.4056],[151.1015,-33.4167],[151.1059,-33.4292],[151.105,-33.4401],[151.0918,-33.4476],[151.0921,-33.4537],[151.0902,-33.4636],[151.0872,-33.4632]]]},"properties":{"SAL_CODE21":"13623","SAL_NAME21":"Spencer","STE_CODE21":"1","STE_NAME21":"New South Wales","AUS_CODE21":"AUS","AUS_NAME21":"Australia","AREASQKM21":32.0259,"LOCI_URI21":"http://linked.data.gov.au/dataset/asgsed3/SAL/13623","SHAPE_Leng":0.299019260177,"SHAPE_Area":0.00310535554617}},
{"type":"Feature","geometry":{"type":"Polygon","coordinates":[[[150.741,-34.0788],[150.743,-34.0769],[150.7482,-34.0766],[150.7497,-34.0728],[150.7443,-34.0665],[150.7412,-34.0662],[150.7426,-34.0625],[150.7379,-34.0598],[150.737,-34.0623],[150.7327,-34.0612],[150.732,-34.058],[150.7264,-34.0619],[150.7203,-34.0645],[150.7147,-34.0653],[150.7006,-34.0715],[150.7025,-34.0765],[150.7066,-34.0776],[150.7154,-34.0788],[150.7202,-34.0777],[150.7254,-34.0785],[150.7315,-34.077],[150.7385,-34.0773],[150.741,-34.0788]]]},"properties":{"SAL_CODE21":"13628","SAL_NAME21":"Spring Farm (NSW)","STE_CODE21":"1","STE_NAME21":"New South Wales","AUS_CODE21":"AUS","AUS_NAME21":"Australia","AREASQKM21":6.3571,"LOCI_URI21":"http://linked.data.gov.au/dataset/asgsed3/SAL/13628","SHAPE_Leng":0.130245898495,"SHAPE_Area":0.000620816092267}},
{"type":"Feature","geometry":{"type":"Polygon","coordinates":[[[151.3637,-33.4372],[151.366,-33.4367],[151.371,-33.4372],[151.3749,-33.4369],[151.3765,-33.4355],[151.3818,-33.4347],[151.3855,-33.4312],[151.3884,-33.4322],[151.3936,-33.4282],[151.3901,-33.4253],[151.3775,-33.4233],[151.378,-33.4199],[151.3724,-33.4187],[151.3687,-33.4181],[151.3651,-33.4191],[151.362,-33.4231],[151.356,-33.4242],[151.3511,-33.4234],[151.3504,-33.427],[151.3551,-33.4277],[151.3557,-33.4251],[151.36,-33.4257],[151.3593,-33.4316],[151.3637,-33.4372]]]},"properties":{"SAL_CODE21":"13639","SAL_NAME21":"Springfield (Central Coast - NSW)","STE_CODE21":"1","STE_NAME21":"New South Wales","AUS_CODE21":"AUS","AUS_NAME21":"Australia","AREASQKM21":4.5856,"LOCI_URI21":"http://linked.data.gov.au/dataset/asgsed3/SAL/13639","SHAPE_Leng":0.128719812622,"SHAPE_Area":0.000444551549437}},
{"type":"Feature","geometry":{"type":"Polygon","coordinates":[[[150.5852,-33.7224],[150.5856,-33.7206],[150.5807,-33.7199],[150.5827,-33.7093],[150.5793,-33.7088],[150.5798,-33.7061],[150.5752,-33.7055],[150.5756,-33.6998],[150.5798,-33.7],[150.587,-33.6979],[150.5897,-33.7001],[150.5921,-33.702],[150.5983,-33.7029],[150.5991,-33.6982],[150.6011,-33.6937],[150.5933,-33.6927],[150.5927,-33.6893],[150.5884,-33.6887],[150.5862,-33.6866],[150.5907,-33.6802],[150.5945,-33.6807],[150.5959,-33.6737],[150.6022,-33.674],[150.6038,-33.6712],[150.6061,-33.6627],[150.6068,-33.6594],[150.6052,-33.6578],[150.5884,-33.6554],[150.5889,-33.6601],[150.5868,-33.6626],[150.5845,-33.6689],[150.5793,-33.6682],[150.5778,-33.6757],[150.5724,-33.6747],[150.5712,-33.6802],[150.5747,-33.6807],[150.5739,-33.6849],[150.5685,-33.6841],[150.5675,-33.6893],[150.5644,-33.6916],[150.5545,-33.6902],[150.5503,-33.6905],[150.5479,-33.6961],[150.5463,-33.704],[150.5436,-33.7036],[150.5427,-33.7077],[150.5517,-33.7112],[150.5508,-33.7157],[150.5561,-33.719],[150.557,-33.722],[150.5689,-33.7243],[150.5702,-33.7173],[150.5729,-33.7177],[150.5708,-33.7281],[150.5754,-33.7287],[150.576,-33.7258],[150.5843,-33.7269],[150.5852,-33.7224]]]},"properties":{"SAL_CODE21":"13644","SAL_NAME21":"Springwood (NSW)","STE_CODE21":"1","STE_NAME21":"New South Wales","AUS_CODE21":"AUS","AUS_NAME21":"Australia","AREASQKM21":19.3954,"LOCI_URI21":"http://linked.data.gov.au/dataset/asgsed3/SAL/13644","SHAPE_Leng":0.35067299737,"SHAPE_Area":0.00188603991126}},
{"type":"Feature","geometry":{"type":"Polygon","coordinates":[[[150.9726,-33.3158],[150.9757,-33.3124],[150.9707,-33.311],[150.9719,-33.3059],[150.9855,-33.3079],[150.9872,-33.2995],[150.9918,-33.2984],[150.9921,-33.2967],[150.9988,-33.2976],[151.0059,-33.2938],[151.0243,-33.2795],[151.0389,-33.2756],[151.0761,-33.2429],[151.089,-33.2329],[151.1068,-33.2312],[151.1011,-33.2222],[151.0987,-33.2207],[151.0983,-33.2165],[151.0906,-33.2155],[151.0893,-33.2109],[151.085,-33.2115],[151.0811,-33.2103],[151.081,-33.2138],[151.079,-33.2164],[151.0736,-33.2139],[151.0694,-33.2148],[151.066,-33.214],[151.0631,-33.2176],[151.0575,-33.2157],[151.0573,-33.2123],[151.0505,-33.2089],[151.0418,-33.2006],[151.0344,-33.199],[151.0297,-33.1988],[151.0248,-33.201],[151.0073,-33.1973],[151.0065,-33.2016],[151.0032,-33.2035],[150.999,-33.2029],[150.9984,-33.2062],[150.9916,-33.2044],[150.9868,-33.2032],[150.98,-33.2062],[150.98,-33.2126],[150.978,-33.2168],[150.9753,-33.2185],[150.9738,-33.226],[150.9718,-33.2236],[150.9639,-33.2213],[150.9608,-33.2181],[150.9561,-33.2156],[150.9517,-33.2203],[150.9518,-33.2245],[150.9563,-33.2313],[150.9567,-33.2349],[150.959,-33.2381],[150.9681,-33.2414],[150.97,-33.246],[150.9685,-33.2542],[150.9684,-33.2606],[150.9616,-33.2623],[150.9581,-33.2622],[150.9538,-33.2654],[150.9537,-33.2698],[150.9456,-33.2762],[150.9448,-33.28],[150.9494,-33.2806],[150.9501,-33.2829],[150.9485,-33.2913],[150.9412,-33.2966],[150.9381,-33.2966],[150.9307,-33.2933],[150.9265,-33.2938],[150.9214,-33.297],[150.9194,-33.2998],[150.9224,-33.3024],[150.9242,-33.3068],[150.9279,-33.3104],[150.9328,-33.3134],[150.9513,-33.3161],[150.9626,-33.3173],[150.9683,-33.3159],[150.9726,-33.3158]]]},"properties":{"SAL_CODE21":"13645","SAL_NAME21":"St Albans (NSW)","STE_CODE21":"1","STE_NAME21":"New South Wales","AUS_CODE21":"AUS","AUS_NAME21":"Australia","AREASQKM21":107.4324,"LOCI_URI21":"http://linked.data.gov.au/dataset/asgsed3/SAL/13645","SHAPE_Leng":0.633298978743,"SHAPE_Area":0.0103947018034}},
{"type":"Feature","geometry":{"type":"Polygon","coordinates":[[[150.837,-34.0121],[150.8302,-34.0116],[150.8279,-34.0127],[150.8246,-34.0209],[150.8241,-34.0297],[150.8242,-34.0324],[150.8265,-34.0374],[150.8348,-34.0226],[150.837,-34.0121]]]},"properties":{"SAL_CODE21":"13646","SAL_NAME21":"St Andrews (NSW)","STE_CODE21":"1","STE_NAME21":"New South Wales","AUS_CODE21":"AUS","AUS_NAME21":"Australia","AREASQKM21":2.0822,"LOCI_URI21":"http://linked.data.gov.au/dataset/asgsed3/SAL/13646","SHAPE_Leng":0.0650483407629,"SHAPE_Area":0.000203270577124}},
{"type":"Feature","geometry":{"type":"Polygon","coordinates":[[[150.7824,-33.7859],[150.7711,-33.7841],[150.7683,-33.8006],[150.7685,-33.8021],[150.7754,-33.8118],[150.7871,-33.8106],[150.7929,-33.8049],[150.8045,-33.7978],[150.8066,-33.7955],[150.8076,-33.791],[150.7978,-33.7894],[150.7824,-33.7859]]]},"properties":{"SAL_CODE21":"13647","SAL_NAME21":"St Clair (Penrith - NSW)","STE_CODE21":"1","STE_NAME21":"New South Wales","AUS_CODE21":"AUS","AUS_NAME21":"Australia","AREASQKM21":7.2035,"LOCI_URI21":"http://linked.data.gov.au/dataset/asgsed3/SAL/13647","SHAPE_Leng":0.109474375288,"SHAPE_Area":0.000701310015208}},
{"type":"Feature","geometry":{"type":"Polygon","coordinates":[[[150.8206,-34.0931],[150.8168,-34.0958],[150.8091,-34.0972],[150.8047,-34.0947],[150.8044,-34.0959],[150.8032,-34.1006],[150.7986,-34.1102],[150.797,-34.1172],[150.7999,-34.1182],[150.8023,-34.1161],[150.8102,-34.1166],[150.8125,-34.1135],[150.8148,-34.113],[150.8143,-34.1108],[150.8185,-34.1087],[150.8206,-34.1107],[150.8254,-34.1061],[150.8278,-34.1051],[150.8303,-34.097],[150.8322,-34.0948],[150.8206,-34.0931]]]},"properties":{"SAL_CODE21":"13652","SAL_NAME21":"St Helens Park","STE_CODE21":"1","STE_NAME21":"New South Wales","AUS_CODE21":"AUS","AUS_NAME21":"Australia","AREASQKM21":5.1647,"LOCI_URI21":"http://linked.data.gov.au/dataset/asgsed3/SAL/13652","SHAPE_Leng":0.121640454027,"SHAPE_Area":0.000504645663937}},
{"type":"Feature","geometry":{"type":"Polygon","coordinates":[[[151.3517,-33.501],[151.3502,-33.4953],[151.3468,-33.4917],[151.3413,-33.4904],[151.3437,-33.4949],[151.3444,-33.5001],[151.3515,-33.5012],[151.3517,-33.501]]]},"properties":{"SAL_CODE21":"13653","SAL_NAME21":"St Huberts Island","STE_CODE21":"1","STE_NAME21":"New South Wales","AUS_CODE21":"AUS","AUS_NAME21":"Australia","AREASQKM21":0.541,"LOCI_URI21":"http://linked.data.gov.au/dataset/asgsed3/SAL/13653","SHAPE_Leng":0.079663132544,"SHAPE_Area":0.0000524967444578}},
{"type":"Feature","geometry":{"type":"Polygon","coordinates":[[[151.1903,-33.709],[151.1914,-33.7027],[151.1884,-33.6985],[151.1763,-33.6979],[151.1741,-33.6995],[151.169,-33.7075],[151.1687,-33.7104],[151.1656,-33.713],[151.1641,-33.718],[151.156,-33.7168],[151.1548,-33.7158],[151.1513,-33.7181],[151.1487,-33.7213],[151.151,-33.725],[151.1488,-33.7261],[151.1478,-33.7308],[151.1555,-33.733],[151.1525,-33.7375],[151.159,-33.7384],[151.1582,-33.7428],[151.1617,-33.7463],[151.1668,-33.7482],[151.1711,-33.7516],[151.1728,-33.7517],[151.1801,-33.7467],[151.1844,-33.7477],[151.1907,-33.7474],[151.1884,-33.7436],[151.1861,-33.7443],[151.1821,-33.7427],[151.1804,-33.7401],[151.1821,-33.7363],[151.1826,-33.7324],[151.1855,-33.7299],[151.1888,-33.7251],[151.1878,-33.7206],[151.1887,-33.7135],[151.1903,-33.709]]]},"properties":{"SAL_CODE21":"13654","SAL_NAME21":"St Ives (NSW)","STE_CODE21":"1","STE_NAME21":"New South Wales","AUS_CODE21":"AUS","AUS_NAME21":"Australia","AREASQKM21":14.2634,"LOCI_URI21":"http://linked.data.gov.au/dataset/asgsed3/SAL/13654","SHAPE_Leng":0.210922140993,"SHAPE_Area":0.00138742663454}},
{"type":"Feature","geometry":{"type":"Polygon","coordinates":[[[151.1675,-33.6881],[151.1643,-33.6934],[151.159,-33.7003],[151.1595,-33.702],[151.1562,-33.7046],[151.1548,-33.7079],[151.1548,-33.7158],[151.156,-33.7168],[151.1641,-33.718],[151.1656,-33.713],[151.1687,-33.7104],[151.169,-33.7075],[151.1741,-33.6995],[151.1763,-33.6979],[151.1727,-33.6928],[151.1675,-33.6881]]]},"properties":{"SAL_CODE21":"13655","SAL_NAME21":"St Ives Chase","STE_CODE21":"1","STE_NAME21":"New South Wales","AUS_CODE21":"AUS","AUS_NAME21":"Australia","AREASQKM21":3.4791,"LOCI_URI21":"http://linked.data.gov.au/dataset/asgsed3/SAL/13655","SHAPE_Leng":0.0906245885059,"SHAPE_Area":0.00033834280352}},
{"type":"Feature","geometry":{"type":"Polygon","coordinates":[[[150.9029,-33.8911],[150.907,-33.8898],[150.9095,-33.8864],[150.9139,-33.8823],[150.9098,-33.8817],[150.9008,-33.874],[150.8904,-33.8825],[150.9029,-33.8911]]]},"properties":{"SAL_CODE21":"13656","SAL_NAME21":"St Johns Park","STE_CODE21":"1","STE_NAME21":"New South Wales","AUS_CODE21":"AUS","AUS_NAME21":"Australia","AREASQKM21":1.9819,"LOCI_URI21":"http://linked.data.gov.au/dataset/asgsed3/SAL/13656","SHAPE_Leng":0.0598884013387,"SHAPE_Area":0.000193125336731}},
{"type":"Feature","geometry":{"type":"Polygon","coordinates":[[[151.1867,-33.8224],[151.1902,-33.8274],[151.1927,-33.828],[151.1979,-33.8253],[151.1991,-33.8221],[151.1952,-33.8216],[151.1934,-33.8176],[151.1884,-33.818],[151.1891,-33.8212],[151.1867,-33.8224]]]},"properties":{"SAL_CODE21":"13657","SAL_NAME21":"St Leonards (NSW)","STE_CODE21":"1","STE_NAME21":"New South Wales","AUS_CODE21":"AUS","AUS_NAME21":"Australia","AREASQKM21":0.8013,"LOCI_URI21":"http://linked.data.gov.au/dataset/asgsed3/SAL/13657","SHAPE_Leng":0.0455143191136,"SHAPE_Area":0.0000780372713121}},
{"type":"Feature","geometry":{"type":"Polygon","coordinates":[[[150.7651,-33.7834],[150.7711,-33.7841],[150.7824,-33.7859],[150.7853,-33.7768],[150.7884,-33.7736],[150.7879,-33.7696],[150.7895,-33.7645],[150.7749,-33.762],[150.7781,-33.7437],[150.784,-33.741],[150.7787,-33.74],[150.7777,-33.7378],[150.769,-33.7331],[150.7673,-33.7356],[150.7618,-33.7352],[150.7591,-33.7415],[150.7533,-33.7394],[150.7522,-33.7409],[150.7538,-33.7447],[150.7594,-33.7468],[150.7584,-33.7491],[150.7618,-33.7483],[150.7638,-33.7497],[150.7664,-33.7584],[150.7636,-33.7604],[150.7666,-33.7636],[150.768,-33.7672],[150.7622,-33.7693],[150.7606,-33.7707],[150.7591,-33.7765],[150.7624,-33.7795],[150.7666,-33.7809],[150.7651,-33.7834]]]},"properties":{"SAL_CODE21":"13658","SAL_NAME21":"St Marys (NSW)","STE_CODE21":"1","STE_NAME21":"New South Wales","AUS_CODE21":"AUS","AUS_NAME21":"Australia","AREASQKM21":9.6958,"LOCI_URI21":"http://linked.data.gov.au/dataset/asgsed3/SAL/13658","SHAPE_Leng":0.211558560339,"SHAPE_Area":0.000943576796013}},
{"type":"Feature","geometry":{"type":"Polygon","coordinates":[[[151.1816,-33.9071],[151.1816,-33.9069],[151.1752,-33.9089],[151.1674,-33.914],[151.172,-33.9171],[151.1681,-33.9201],[151.1742,-33.925],[151.1808,-33.9192],[151.186,-33.9173],[151.1812,-33.9133],[151.1816,-33.9071]]]},"properties":{"SAL_CODE21":"13659","SAL_NAME21":"St Peters (NSW)","STE_CODE21":"1","STE_NAME21":"New South Wales","AUS_CODE21":"AUS","AUS_NAME21":"Australia","AREASQKM21":1.7296,"LOCI_URI21":"http://linked.data.gov.au/dataset/asgsed3/SAL/13659","SHAPE_Leng":0.0632341934627,"SHAPE_Area":0.000168622613399}},
{"type":"Feature","geometry":{"type":"Polygon","coordinates":[[[150.9379,-33.7204],[150.9317,-33.7086],[150.9303,-33.7042],[150.9264,-33.7037],[150.9236,-33.7051],[150.9213,-33.7095],[150.92,-33.7164],[150.9176,-33.7161],[150.9168,-33.72],[150.9191,-33.7203],[150.9201,-33.7237],[150.925,-33.7273],[150.932,-33.7216],[150.9379,-33.7204]]]},"properties":{"SAL_CODE21":"13664","SAL_NAME21":"Stanhope Gardens","STE_CODE21":"1","STE_NAME21":"New South Wales","AUS_CODE21":"AUS","AUS_NAME21":"Australia","AREASQKM21":2.8403,"LOCI_URI21":"http://linked.data.gov.au/dataset/asgsed3/SAL/13664","SHAPE_Leng":0.0728371626258,"SHAPE_Area":0.00027629915699}},
{"type":"Feature","geometry":{"type":"Polygon","coordinates":[[[151.1621,-33.8881],[151.1614,-33.888],[151.16,-33.8944],[151.1609,-33.8986],[151.1641,-33.8998],[151.1663,-33.8977],[151.1695,-33.8989],[151.1715,-33.8954],[151.1718,-33.8948],[151.1727,-33.8875],[151.1621,-33.8881]]]},"properties":{"SAL_CODE21":"13665","SAL_NAME21":"Stanmore (NSW)","STE_CODE21":"1","STE_NAME21":"New South Wales","AUS_CODE21":"AUS","AUS_NAME21":"Australia","AREASQKM21":1.218,"LOCI_URI21":"http://linked.data.gov.au/dataset/asgsed3/SAL/13665","SHAPE_Leng":0.0566181262227,"SHAPE_Area":0.000118659788788}},
{"type":"Feature","geometry":{"type":"Polygon","coordinates":[[[151.1011,-33.8684],[151.0952,-33.867],[151.0908,-33.8655],[151.0919,-33.8691],[151.0847,-33.8712],[151.0782,-33.8681],[151.0724,-33.8707],[151.0695,-33.8694],[151.0613,-33.8666],[151.0656,-33.8722],[151.0641,-33.8801],[151.0615,-33.883],[151.0673,-33.883],[151.0688,-33.8858],[151.0737,-33.8874],[151.0814,-33.8912],[151.0877,-33.8927],[151.0915,-33.8876],[151.0955,-33.886],[151.0985,-33.8713],[151.1011,-33.8684]]]},"properties":{"SAL_CODE21":"13690","SAL_NAME21":"Strathfield (NSW)","STE_CODE21":"1","STE_NAME21":"New South Wales","AUS_CODE21":"AUS","AUS_NAME21":"Australia","AREASQKM21":6.5497,"LOCI_URI21":"http://linked.data.gov.au/dataset/asgsed3/SAL/13690","SHAPE_Leng":0.151283830417,"SHAPE_Area":0.000638316028705}},
{"type":"Feature","geometry":{"type":"Polygon","coordinates":[[[151.089,-33.8998],[151.0906,-33.8931],[151.0915,-33.8876],[151.0877,-33.8927],[151.0814,-33.8912],[151.0737,-33.8874],[151.0688,-33.8858],[151.0671,-33.8904],[151.0698,-33.8995],[151.0717,-33.9028],[151.0773,-33.9073],[151.077,-33.9025],[151.0795,-33.8981],[151.0846,-33.8971],[151.089,-33.8998]]]},"properties":{"SAL_CODE21":"13691","SAL_NAME21":"Strathfield South","STE_CODE21":"1","STE_NAME21":"New South Wales","AUS_CODE21":"AUS","AUS_NAME21":"Australia","AREASQKM21":2.5112,"LOCI_URI21":"http://linked.data.gov.au/dataset/asgsed3/SAL/13691","SHAPE_Leng":0.0905230849743,"SHAPE_Area":0.000244735421533}},
{"type":"Feature","geometry":{"type":"Polygon","coordinates":[[[151.132,-33.9009],[151.1387,-33.8955],[151.1425,-33.8953],[151.145,-33.8897],[151.139,-33.886],[151.1323,-33.8898],[151.132,-33.9009]]]},"properties":{"SAL_CODE21":"13702","SAL_NAME21":"Summer Hill (Inner West - NSW)","STE_CODE21":"1","STE_NAME21":"New South Wales","AUS_CODE21":"AUS","AUS_NAME21":"Australia","AREASQKM21":1.2031,"LOCI_URI21":"http://linked.data.gov.au/dataset/asgsed3/SAL/13702","SHAPE_Leng":0.054236402721,"SHAPE_Area":0.000117269846003}},
{"type":"Feature","geometry":{"type":"Polygon","coordinates":[[[151.5747,-33.148],[151.5726,-33.1439],[151.5723,-33.1401],[151.5751,-33.1405],[151.5758,-33.1371],[151.5733,-33.132],[151.5673,-33.1319],[151.5667,-33.1363],[151.5571,-33.1318],[151.5557,-33.136],[151.5566,-33.1382],[151.555,-33.1427],[151.5528,-33.1457],[151.5628,-33.1488],[151.5684,-33.1515],[151.5711,-33.1475],[151.5747,-33.148]]]},"properties":{"SAL_CODE21":"13705","SAL_NAME21":"Summerland Point","STE_CODE21":"1","STE_NAME21":"New South Wales","AUS_CODE21":"AUS","AUS_NAME21":"Australia","AREASQKM21":3.0571,"LOCI_URI21":"http://linked.data.gov.au/dataset/asgsed3/SAL/13705","SHAPE_Leng":0.098428852371,"SHAPE_Area":0.000295425601478}},
{"type":"Feature","geometry":{"type":"Polygon","coordinates":[[[150.5897,-33.7001],[150.5846,-33.7057],[150.5858,-33.7092],[150.5885,-33.7117],[150.5925,-33.7127],[150.5935,-33.7149],[150.5982,-33.7155],[150.5992,-33.7108],[150.6106,-33.7124],[150.6102,-33.7079],[150.6075,-33.7049],[150.6005,-33.7039],[150.5983,-33.7029],[150.5921,-33.702],[150.5897,-33.7001]]]},"properties":{"SAL_CODE21":"13706","SAL_NAME21":"Sun Valley (NSW)","STE_CODE21":"1","STE_NAME21":"New South Wales","AUS_CODE21":"AUS","AUS_NAME21":"Australia","AREASQKM21":2.2932,"LOCI_URI21":"http://linked.data.gov.au/dataset/asgsed3/SAL/13706","SHAPE_Leng":0.071568611012,"SHAPE_Area":0.000223029754101}},
{"type":"Feature","geometry":{"type":"Polygon","coordinates":[[[151.2018,-33.889],[151.2078,-33.8899],[151.2167,-33.8921],[151.2181,-33.8862],[151.2182,-33.885],[151.2171,-33.8811],[151.2121,-33.8768],[151.2091,-33.8798],[151.2068,-33.8858],[151.2018,-33.889]]]},"properties":{"SAL_CODE21":"13714","SAL_NAME21":"Surry Hills","STE_CODE21":"1","STE_NAME21":"New South Wales","AUS_CODE21":"AUS","AUS_NAME21":"Australia","AREASQKM21":1.3164,"LOCI_URI21":"http://linked.data.gov.au/dataset/asgsed3/SAL/13714","SHAPE_Leng":0.0521356929442,"SHAPE_Area":0.0001282771805}},
{"type":"Feature","geometry":{"type":"Polygon","coordinates":[[[151.0505,-34.02],[151.0539,-34.0227],[151.0484,-34.0262],[151.0416,-34.034],[151.0426,-34.0353],[151.0533,-34.0371],[151.0527,-34.0453],[151.0594,-34.0403],[151.0658,-34.0367],[151.0688,-34.0226],[151.0668,-34.0216],[151.063,-34.0237],[151.0591,-34.0213],[151.0505,-34.02]]]},"properties":{"SAL_CODE21":"13716","SAL_NAME21":"Sutherland (NSW)","STE_CODE21":"1","STE_NAME21":"New South Wales","AUS_CODE21":"AUS","AUS_NAME21":"Australia","AREASQKM21":3.5713,"LOCI_URI21":"http://linked.data.gov.au/dataset/asgsed3/SAL/13716","SHAPE_Leng":0.105806546966,"SHAPE_Area":0.000348598254678}},
{"type":"Feature","geometry":{"type":"Polygon","coordinates":[[[151.1647,-33.9157],[151.1681,-33.9201],[151.172,-33.9171],[151.1674,-33.914],[151.1647,-33.9157]]]},"properties":{"SAL_CODE21":"13729","SAL_NAME21":"Sydenham (NSW)","STE_CODE21":"1","STE_NAME21":"New South Wales","AUS_CODE21":"AUS","AUS_NAME21":"Australia","AREASQKM21":0.2704,"LOCI_URI21":"http://linked.data.gov.au/dataset/asgsed3/SAL/13729","SHAPE_Leng":0.0215685046383,"SHAPE_Area":0.0000263600161437}},
{"type":"Feature","geometry":{"type":"Polygon","coordinates":[[[151.2011,-33.8658],[151.2023,-33.8703],[151.1995,-33.8722],[151.1983,-33.8685],[151.1979,-33.8744],[151.1999,-33.8776],[151.2025,-33.8771],[151.2093,-33.8784],[151.2091,-33.8798],[151.2121,-33.8768],[151.2145,-33.874],[151.2184,-33.8702],[151.22,-33.8659],[151.2172,-33.86],[151.2142,-33.8574],[151.2119,-33.8612],[151.2098,-33.861],[151.2055,-33.8634],[151.203,-33.8631],[151.2011,-33.8658]]]},"properties":{"SAL_CODE21":"13730","SAL_NAME21":"Sydney","STE_CODE21":"1","STE_NAME21":"New South Wales","AUS_CODE21":"AUS","AUS_NAME21":"Australia","AREASQKM21":2.9396,"LOCI_URI21":"http://linked.data.gov.au/dataset/asgsed3/SAL/13730","SHAPE_Leng":0.115347610485,"SHAPE_Area":0.000286423203789}},
{"type":"Feature","geometry":{"type":"Polygon","coordinates":[[[151.0827,-33.8455],[151.0824,-33.8393],[151.08,-33.8394],[151.0804,-33.835],[151.0766,-33.8343],[151.0713,-33.8309],[151.0779,-33.8231],[151.0802,-33.8224],[151.0726,-33.8206],[151.0646,-33.8249],[151.0512,-33.8247],[151.0506,-33.8272],[151.0544,-33.8285],[151.0572,-33.8261],[151.0604,-33.8296],[151.0593,-33.8326],[151.0625,-33.8334],[151.0596,-33.8364],[151.0549,-33.8436],[151.0503,-33.8463],[151.0559,-33.8471],[151.0573,-33.8444],[151.0603,-33.8461],[151.0646,-33.8535],[151.064,-33.8561],[151.0692,-33.8583],[151.0715,-33.8563],[151.0784,-33.8533],[151.0814,-33.85],[151.0827,-33.8455]]]},"properties":{"SAL_CODE21":"13731","SAL_NAME21":"Sydney Olympic Park","STE_CODE21":"1","STE_NAME21":"New South Wales","AUS_CODE21":"AUS","AUS_NAME21":"Australia","AREASQKM21":6.6402,"LOCI_URI21":"http://linked.data.gov.au/dataset/asgsed3/SAL/13731","SHAPE_Leng":0.16817898173,"SHAPE_Area":0.000646769865636}},
{"type":"Feature","geometry":{"type":"Polygon","coordinates":[[[151.0938,-34.0245],[151.0947,-34.0205],[151.1069,-34.0222],[151.1063,-34.0164],[151.1047,-34.0141],[151.1144,-34.0118],[151.1161,-34.0124],[151.1144,-34.0102],[151.1152,-34.0071],[151.1073,-34.0051],[151.1024,-34.0066],[151.0974,-34.0056],[151.0962,-34.0073],[151.0919,-34.0067],[151.0904,-34.0119],[151.0866,-34.0159],[151.0861,-34.0187],[151.0902,-34.0209],[151.089,-34.0238],[151.0938,-34.0245]]]},"properties":{"SAL_CODE21":"13732","SAL_NAME21":"Sylvania","STE_CODE21":"1","STE_NAME21":"New South Wales","AUS_CODE21":"AUS","AUS_NAME21":"Australia","AREASQKM21":3.3625,"LOCI_URI21":"http://linked.data.gov.au/dataset/asgsed3/SAL/13732","SHAPE_Leng":0.105487802036,"SHAPE_Area":0.000328145502844}},
{"type":"Feature","geometry":{"type":"Polygon","coordinates":[[[151.1154,-34.024],[151.1176,-34.0222],[151.1163,-34.0179],[151.12,-34.0158],[151.1161,-34.0124],[151.1144,-34.0118],[151.1047,-34.0141],[151.1063,-34.0164],[151.1069,-34.0222],[151.1087,-34.0256],[151.1154,-34.024]]]},"properties":{"SAL_CODE21":"13733","SAL_NAME21":"Sylvania Waters","STE_CODE21":"1","STE_NAME21":"New South Wales","AUS_CODE21":"AUS","AUS_NAME21":"Australia","AREASQKM21":1.0601,"LOCI_URI21":"http://linked.data.gov.au/dataset/asgsed3/SAL/13733","SHAPE_Leng":0.132653578769,"SHAPE_Area":0.000103483175842}},
{"type":"Feature","geometry":{"type":"Polygon","coordinates":[[[151.4702,-33.2915],[151.463,-33.2823],[151.4581,-33.2776],[151.4516,-33.2761],[151.4464,-33.2794],[151.4488,-33.2866],[151.4528,-33.2845],[151.4552,-33.2865],[151.4581,-33.2886],[151.4667,-33.2999],[151.4651,-33.2976],[151.4678,-33.2942],[151.4702,-33.2915]]]},"properties":{"SAL_CODE21":"13739","SAL_NAME21":"Tacoma","STE_CODE21":"1","STE_NAME21":"New South Wales","AUS_CODE21":"AUS","AUS_NAME21":"Australia","AREASQKM21":2.1768,"LOCI_URI21":"http://linked.data.gov.au/dataset/asgsed3/SAL/13739","SHAPE_Leng":0.0876361330637,"SHAPE_Area":0.000210700773511}},
{"type":"Feature","geometry":{"type":"Polygon","coordinates":[[[151.4552,-33.2865],[151.4529,-33.2855],[151.4503,-33.2882],[151.4492,-33.3001],[151.452,-33.2987],[151.4605,-33.2983],[151.4647,-33.3016],[151.4667,-33.2999],[151.4581,-33.2886],[151.4552,-33.2865]]]},"properties":{"SAL_CODE21":"13740","SAL_NAME21":"Tacoma South","STE_CODE21":"1","STE_NAME21":"New South Wales","AUS_CODE21":"AUS","AUS_NAME21":"Australia","AREASQKM21":1.485,"LOCI_URI21":"http://linked.data.gov.au/dataset/asgsed3/SAL/13740","SHAPE_Leng":0.0607389966822,"SHAPE_Area":0.000143739198149}},
{"type":"Feature","geometry":{"type":"Polygon","coordinates":[[[150.6088,-34.2482],[150.6106,-34.2448],[150.6078,-34.2424],[150.6066,-34.2386],[150.6033,-34.2376],[150.6026,-34.2341],[150.6036,-34.231],[150.6099,-34.2339],[150.618,-34.2363],[150.6214,-34.2344],[150.6194,-34.2311],[150.6222,-34.2284],[150.6232,-34.2255],[150.6208,-34.221],[150.6203,-34.2169],[150.6173,-34.2154],[150.6111,-34.2183],[150.6082,-34.2173],[150.607,-34.2138],[150.6026,-34.2119],[150.5969,-34.2123],[150.5964,-34.2047],[150.5841,-34.2083],[150.584,-34.2118],[150.5857,-34.2156],[150.5763,-34.2165],[150.5731,-34.2209],[150.5622,-34.2194],[150.5605,-34.2267],[150.5589,-34.2358],[150.5666,-34.2368],[150.56,-34.246],[150.5701,-34.2473],[150.5739,-34.2446],[150.5794,-34.2367],[150.5829,-34.2399],[150.591,-34.2451],[150.597,-34.2449],[150.6004,-34.249],[150.6025,-34.2537],[150.6088,-34.2482]]]},"properties":{"SAL_CODE21":"13742","SAL_NAME21":"Tahmoor","STE_CODE21":"1","STE_NAME21":"New South Wales","AUS_CODE21":"AUS","AUS_NAME21":"Australia","AREASQKM21":16.9784,"LOCI_URI21":"http://linked.data.gov.au/dataset/asgsed3/SAL/13742","SHAPE_Leng":0.266945960483,"SHAPE_Area":0.00166119390195}},
{"type":"Feature","geometry":{"type":"Polygon","coordinates":[[[150.8744,-33.6886],[150.8741,-33.6902],[150.8778,-33.696],[150.8711,-33.699],[150.8725,-33.7016],[150.8803,-33.6982],[150.8948,-33.6964],[150.8997,-33.6958],[150.9081,-33.6938],[150.9073,-33.6914],[150.9025,-33.6848],[150.8949,-33.6889],[150.8901,-33.6823],[150.8885,-33.6828],[150.8744,-33.6886]]]},"properties":{"SAL_CODE21":"13747","SAL_NAME21":"Tallawong","STE_CODE21":"1","STE_NAME21":"New South Wales","AUS_CODE21":"AUS","AUS_NAME21":"Australia","AREASQKM21":3.6406,"LOCI_URI21":"http://linked.data.gov.au/dataset/asgsed3/SAL/13747","SHAPE_Leng":0.102917255617,"SHAPE_Area":0.000353998359287}},
{"type":"Feature","geometry":{"type":"Polygon","coordinates":[[[151.266,-33.8982],[151.2706,-33.9009],[151.2759,-33.8979],[151.2664,-33.8963],[151.266,-33.8982]]]},"properties":{"SAL_CODE21":"13757","SAL_NAME21":"Tamarama","STE_CODE21":"1","STE_NAME21":"New South Wales","AUS_CODE21":"AUS","AUS_NAME21":"Australia","AREASQKM21":0.3001,"LOCI_URI21":"http://linked.data.gov.au/dataset/asgsed3/SAL/13757","SHAPE_Leng":0.0318206289191,"SHAPE_Area":0.0000292481418674}},
{"type":"Feature","geometry":{"type":"Polygon","coordinates":[[[151.1318,-34.0267],[151.1309,-34.0226],[151.127,-34.0195],[151.1254,-34.0151],[151.128,-34.0117],[151.127,-34.0099],[151.1217,-34.0121],[151.12,-34.0158],[151.1163,-34.0179],[151.1176,-34.0222],[151.1154,-34.024],[151.1179,-34.0268],[151.1205,-34.0265],[151.1212,-34.0229],[151.1291,-34.0241],[151.1318,-34.0267]]]},"properties":{"SAL_CODE21":"13781","SAL_NAME21":"Taren Point","STE_CODE21":"1","STE_NAME21":"New South Wales","AUS_CODE21":"AUS","AUS_NAME21":"Australia","AREASQKM21":1.3586,"LOCI_URI21":"http://linked.data.gov.au/dataset/asgsed3/SAL/13781","SHAPE_Leng":0.078291332888,"SHAPE_Area":0.000132617044361}},
{"type":"Feature","geometry":{"type":"Polygon","coordinates":[[[151.3067,-33.4568],[151.3089,-33.461],[151.3097,-33.4582],[151.3142,-33.4588],[151.3177,-33.4523],[151.3272,-33.4508],[151.3269,-33.4483],[151.3219,-33.4477],[151.3184,-33.4438],[151.3085,-33.4428],[151.3065,-33.4444],[151.3052,-33.4482],[151.3083,-33.4531],[151.3067,-33.4568]]]},"properties":{"SAL_CODE21":"13787","SAL_NAME21":"Tascott","STE_CODE21":"1","STE_NAME21":"New South Wales","AUS_CODE21":"AUS","AUS_NAME21":"Australia","AREASQKM21":2.1292,"LOCI_URI21":"http://linked.data.gov.au/dataset/asgsed3/SAL/13787","SHAPE_Leng":0.073724692629,"SHAPE_Area":0.000206491243226}},
{"type":"Feature","geometry":{"type":"Polygon","coordinates":[[[151.0338,-33.7868],[151.0344,-33.7942],[151.0365,-33.7961],[151.0357,-33.8014],[151.0377,-33.8022],[151.0415,-33.799],[151.0462,-33.798],[151.0452,-33.796],[151.0501,-33.7923],[151.0462,-33.7891],[151.0437,-33.7897],[151.0355,-33.788],[151.0338,-33.7868]]]},"properties":{"SAL_CODE21":"13797","SAL_NAME21":"Telopea","STE_CODE21":"1","STE_NAME21":"New South Wales","AUS_CODE21":"AUS","AUS_NAME21":"Australia","AREASQKM21":1.4648,"LOCI_URI21":"http://linked.data.gov.au/dataset/asgsed3/SAL/13797","SHAPE_Leng":0.0786573949522,"SHAPE_Area":0.000142598837889}},
{"type":"Feature","geometry":{"type":"Polygon","coordinates":[[[151.1605,-33.934],[151.1651,-33.9297],[151.1742,-33.925],[151.1681,-33.9201],[151.1647,-33.9157],[151.1585,-33.9199],[151.1553,-33.9265],[151.1566,-33.9322],[151.1598,-33.9333],[151.1605,-33.934]]]},"properties":{"SAL_CODE21":"13800","SAL_NAME21":"Tempe","STE_CODE21":"1","STE_NAME21":"New South Wales","AUS_CODE21":"AUS","AUS_NAME21":"Australia","AREASQKM21":1.8539,"LOCI_URI21":"http://linked.data.gov.au/dataset/asgsed3/SAL/13800","SHAPE_Leng":0.057457639234,"SHAPE_Area":0.00018075642978}},
{"type":"Feature","geometry":{"type":"Polygon","coordinates":[[[151.0922,-33.3375],[151.0943,-33.327],[151.0969,-33.3139],[151.0936,-33.3108],[151.0835,-33.3094],[151.0824,-33.3149],[151.0785,-33.3143],[151.0746,-33.3343],[151.0745,-33.335],[151.0922,-33.3375]]]},"properties":{"SAL_CODE21":"13801","SAL_NAME21":"Ten Mile Hollow","STE_CODE21":"1","STE_NAME21":"New South Wales","AUS_CODE21":"AUS","AUS_NAME21":"Australia","AREASQKM21":4.6012,"LOCI_URI21":"http://linked.data.gov.au/dataset/asgsed3/SAL/13801","SHAPE_Leng":0.0941832904042,"SHAPE_Area":0.000445556314391}},
{"type":"Feature","geometry":{"type":"Polygon","coordinates":[[[150.7221,-33.5269],[150.7194,-33.5313],[150.7155,-33.5344],[150.7192,-33.5397],[150.7234,-33.5402],[150.7213,-33.5449],[150.7259,-33.5446],[150.7281,-33.5471],[150.7269,-33.5516],[150.7309,-33.5515],[150.7336,-33.5487],[150.74,-33.5497],[150.743,-33.5489],[150.7448,-33.5383],[150.7466,-33.5385],[150.7476,-33.5326],[150.7544,-33.5335],[150.7557,-33.527],[150.761,-33.5257],[150.7654,-33.5263],[150.7661,-33.523],[150.7613,-33.5214],[150.7515,-33.5203],[150.7479,-33.5207],[150.7453,-33.5192],[150.7404,-33.52],[150.7361,-33.5173],[150.7306,-33.5222],[150.7288,-33.5259],[150.7256,-33.525],[150.7221,-33.5269]]]},"properties":{"SAL_CODE21":"13804","SAL_NAME21":"Tennyson (NSW)","STE_CODE21":"1","STE_NAME21":"New South Wales","AUS_CODE21":"AUS","AUS_NAME21":"Australia","AREASQKM21":8.7031,"LOCI_URI21":"http://linked.data.gov.au/dataset/asgsed3/SAL/13804","SHAPE_Leng":0.175185435749,"SHAPE_Area":0.0008447580364}},
{"type":"Feature","geometry":{"type":"Polygon","coordinates":[[[151.1152,-33.8263],[151.1136,-33.8301],[151.1172,-33.8368],[151.1201,-33.833],[151.1202,-33.8296],[151.1152,-33.8263]]]},"properties":{"SAL_CODE21":"13805","SAL_NAME21":"Tennyson Point","STE_CODE21":"1","STE_NAME21":"New South Wales","AUS_CODE21":"AUS","AUS_NAME21":"Australia","AREASQKM21":0.4491,"LOCI_URI21":"http://linked.data.gov.au/dataset/asgsed3/SAL/13805","SHAPE_Leng":0.0320331355059,"SHAPE_Area":0.0000437335864126}},
{"type":"Feature","geometry":{"type":"Polygon","coordinates":[[[151.2295,-33.7094],[151.2316,-33.699],[151.2359,-33.6996],[151.2366,-33.6958],[151.2324,-33.6952],[151.2318,-33.6914],[151.233,-33.6844],[151.2386,-33.6732],[151.2328,-33.6725],[151.2327,-33.676],[151.23,-33.6776],[151.2268,-33.676],[151.2233,-33.6774],[151.216,-33.6766],[151.2128,-33.6744],[151.2053,-33.6731],[151.2052,-33.6754],[151.2001,-33.6767],[151.1955,-33.6833],[151.193,-33.6831],[151.196,-33.6849],[151.2001,-33.6848],[151.2031,-33.6823],[151.206,-33.683],[151.205,-33.6879],[151.2169,-33.6892],[151.2136,-33.6927],[151.2121,-33.6968],[151.2069,-33.698],[151.2101,-33.702],[151.2126,-33.7008],[151.2167,-33.7077],[151.2295,-33.7094]]]},"properties":{"SAL_CODE21":"13819","SAL_NAME21":"Terrey Hills","STE_CODE21":"1","STE_NAME21":"New South Wales","AUS_CODE21":"AUS","AUS_NAME21":"Australia","AREASQKM21":8.4468,"LOCI_URI21":"http://linked.data.gov.au/dataset/asgsed3/SAL/13819","SHAPE_Leng":0.202878338687,"SHAPE_Area":0.000821329886428}},
{"type":"Feature","geometry":{"type":"Polygon","coordinates":[[[151.4263,-33.4548],[151.4299,-33.4534],[151.4307,-33.449],[151.4353,-33.4495],[151.4457,-33.4553],[151.4491,-33.4514],[151.4526,-33.4509],[151.4524,-33.4475],[151.446,-33.4473],[151.4436,-33.4418],[151.4407,-33.4411],[151.4422,-33.437],[151.4386,-33.4307],[151.435,-33.4307],[151.4307,-33.4283],[151.4259,-33.4295],[151.4214,-33.4288],[151.4213,-33.4271],[151.4203,-33.4286],[151.4152,-33.4286],[151.4133,-33.4332],[151.409,-33.4342],[151.4058,-33.4361],[151.4049,-33.441],[151.4068,-33.4418],[151.4061,-33.4452],[151.412,-33.4459],[151.4109,-33.4509],[151.4176,-33.452],[151.4158,-33.4604],[151.414,-33.4637],[151.4194,-33.4645],[151.4233,-33.4594],[151.4261,-33.4588],[151.4263,-33.4548]]]},"properties":{"SAL_CODE21":"13820","SAL_NAME21":"Terrigal","STE_CODE21":"1","STE_NAME21":"New South Wales","AUS_CODE21":"AUS","AUS_NAME21":"Australia","AREASQKM21":9.0626,"LOCI_URI21":"http://linked.data.gov.au/dataset/asgsed3/SAL/13820","SHAPE_Leng":0.189495755045,"SHAPE_Area":0.00087875166693}},
{"type":"Feature","geometry":{"type":"Polygon","coordinates":[[[150.4352,-33.5422],[150.4355,-33.5482],[150.4382,-33.5522],[150.4389,-33.5551],[150.4407,-33.5561],[150.4469,-33.5643],[150.4487,-33.5697],[150.448,-33.5723],[150.4507,-33.574],[150.4581,-33.5731],[150.4623,-33.5758],[150.4678,-33.5806],[150.4686,-33.5838],[150.4763,-33.5828],[150.4825,-33.5794],[150.4854,-33.5799],[150.4879,-33.5831],[150.495,-33.5817],[150.4985,-33.5801],[150.5057,-33.5813],[150.5097,-33.5827],[150.5152,-33.5818],[150.5162,-33.5771],[150.5224,-33.5705],[150.5311,-33.5691],[150.5351,-33.5651],[150.5332,-33.5603],[150.5359,-33.5563],[150.5444,-33.5573],[150.5451,-33.5614],[150.5502,-33.5655],[150.5474,-33.5691],[150.5471,-33.5715],[150.5503,-33.573],[150.5579,-33.571],[150.5623,-33.5716],[150.565,-33.5764],[150.5623,-33.58],[150.5627,-33.5865],[150.5646,-33.5891],[150.5635,-33.5919],[150.5599,-33.5944],[150.5585,-33.5987],[150.5621,-33.609],[150.5669,-33.6118],[150.575,-33.6132],[150.5799,-33.613],[150.5804,-33.6203],[150.5844,-33.6218],[150.5879,-33.618],[150.5926,-33.6179],[150.6022,-33.6143],[150.6079,-33.6175],[150.616,-33.6141],[150.6211,-33.6141],[150.6239,-33.6158],[150.628,-33.615],[150.6289,-33.6115],[150.6239,-33.6106],[150.6189,-33.6109],[150.6166,-33.6078],[150.6182,-33.6044],[150.613,-33.6033],[150.6072,-33.5993],[150.6077,-33.595],[150.6106,-33.593],[150.6076,-33.5894],[150.6094,-33.5852],[150.6083,-33.5814],[150.6038,-33.5779],[150.605,-33.572],[150.6002,-33.5713],[150.601,-33.5675],[150.5971,-33.567],[150.5995,-33.5545],[150.5972,-33.5542],[150.5992,-33.5499],[150.6095,-33.5512],[150.6104,-33.5468],[150.6163,-33.5474],[150.6204,-33.5259],[150.6131,-33.5249],[150.6078,-33.5257],[150.607,-33.5292],[150.6009,-33.5283],[150.6013,-33.5261],[150.5949,-33.5253],[150.5957,-33.5222],[150.5831,-33.5206],[150.577,-33.5213],[150.5733,-33.5193],[150.548,-33.5159],[150.5469,-33.5194],[150.5225,-33.5164],[150.5236,-33.5102],[150.5201,-33.5097],[150.5207,-33.5067],[150.5159,-33.5062],[150.5134,-33.5204],[150.4962,-33.5181],[150.4977,-33.5217],[150.4858,-33.5201],[150.4799,-33.5207],[150.479,-33.5248],[150.4846,-33.5264],[150.484,-33.5294],[150.4783,-33.5286],[150.4763,-33.5384],[150.4675,-33.5373],[150.4661,-33.5444],[150.4401,-33.541],[150.4352,-33.5422]]]},"properties":{"SAL_CODE21":"13833","SAL_NAME21":"The Devils Wilderness","STE_CODE21":"1","STE_NAME21":"New South Wales","AUS_CODE21":"AUS","AUS_NAME21":"Australia","AREASQKM21":107.4684,"LOCI_URI21":"http://linked.data.gov.au/dataset/asgsed3/SAL/13833","SHAPE_Leng":0.738788467059,"SHAPE_Area":0.0104342142681}},
{"type":"Feature","geometry":{"type":"Polygon","coordinates":[[[151.5046,-33.3511],[151.5042,-33.3465],[151.5002,-33.3426],[151.499,-33.339],[151.4948,-33.3366],[151.4903,-33.3385],[151.4903,-33.3432],[151.4876,-33.3486],[151.4909,-33.3506],[151.4972,-33.3511],[151.5046,-33.3511]]]},"properties":{"SAL_CODE21":"13834","SAL_NAME21":"The Entrance","STE_CODE21":"1","STE_NAME21":"New South Wales","AUS_CODE21":"AUS","AUS_NAME21":"Australia","AREASQKM21":1.6549,"LOCI_URI21":"http://linked.data.gov.au/dataset/asgsed3/SAL/13834","SHAPE_Leng":0.0590408390763,"SHAPE_Area":0.000160295784411}},
{"type":"Feature","geometry":{"type":"Polygon","coordinates":[[[151.5112,-33.3236],[151.5081,-33.3265],[151.5035,-33.3265],[151.502,-33.3294],[151.5019,-33.3364],[151.5029,-33.3404],[151.5075,-33.3335],[151.5155,-33.3243],[151.5112,-33.3236]]]},"properties":{"SAL_CODE21":"13835","SAL_NAME21":"The Entrance North","STE_CODE21":"1","STE_NAME21":"New South Wales","AUS_CODE21":"AUS","AUS_NAME21":"Australia","AREASQKM21":1.018,"LOCI_URI21":"http://linked.data.gov.au/dataset/asgsed3/SAL/13835","SHAPE_Leng":0.0572894232231,"SHAPE_Area":0.0000985818548669}},
{"type":"Feature","geometry":{"type":"Polygon","coordinates":[[[150.5302,-34.0926],[150.5287,-34.1027],[150.5504,-34.1054],[150.5495,-34.1091],[150.5518,-34.1098],[150.5511,-34.1131],[150.5471,-34.1212],[150.549,-34.1269],[150.5487,-34.1306],[150.5415,-34.1357],[150.5357,-34.135],[150.5345,-34.1412],[150.5459,-34.1434],[150.552,-34.1438],[150.5529,-34.139],[150.5656,-34.1407],[150.5671,-34.1354],[150.5712,-34.1274],[150.5759,-34.1222],[150.5777,-34.1224],[150.5808,-34.104],[150.5833,-34.0911],[150.5898,-34.0919],[150.5928,-34.0908],[150.5947,-34.086],[150.5928,-34.0818],[150.5939,-34.0795],[150.5909,-34.0782],[150.5877,-34.0719],[150.5891,-34.0671],[150.6013,-34.059],[150.6001,-34.0546],[150.595,-34.0531],[150.5943,-34.0502],[150.5866,-34.048],[150.5806,-34.0491],[150.5772,-34.0506],[150.5766,-34.0553],[150.5721,-34.0556],[150.5726,-34.0525],[150.569,-34.0529],[150.5536,-34.0507],[150.5477,-34.0501],[150.5482,-34.0476],[150.5415,-34.0465],[150.5373,-34.0511],[150.5389,-34.0536],[150.54,-34.0594],[150.5354,-34.0615],[150.5321,-34.0669],[150.5339,-34.068],[150.5338,-34.0741],[150.5359,-34.0769],[150.539,-34.0753],[150.5394,-34.0721],[150.5503,-34.0735],[150.5466,-34.0948],[150.5302,-34.0926]]]},"properties":{"SAL_CODE21":"13847","SAL_NAME21":"The Oaks","STE_CODE21":"1","STE_NAME21":"New South Wales","AUS_CODE21":"AUS","AUS_NAME21":"Australia","AREASQKM21":38.9164,"LOCI_URI21":"http://linked.data.gov.au/dataset/asgsed3/SAL/13847","SHAPE_Leng":0.437380086194,"SHAPE_Area":0.00380155865058}},
{"type":"Feature","geometry":{"type":"Polygon","coordinates":[[[150.917,-33.6919],[150.9081,-33.6938],[150.8997,-33.6958],[150.8948,-33.6964],[150.8952,-33.6988],[150.8932,-33.7129],[150.8979,-33.7152],[150.9027,-33.7147],[150.9065,-33.7192],[150.9108,-33.7192],[150.9168,-33.72],[150.9176,-33.7161],[150.9156,-33.717],[150.9107,-33.7156],[150.9134,-33.7042],[150.9127,-33.6987],[150.9193,-33.6976],[150.917,-33.6919]]]},"properties":{"SAL_CODE21":"13851","SAL_NAME21":"The Ponds","STE_CODE21":"1","STE_NAME21":"New South Wales","AUS_CODE21":"AUS","AUS_NAME21":"Australia","AREASQKM21":4.6534,"LOCI_URI21":"http://linked.data.gov.au/dataset/asgsed3/SAL/13851","SHAPE_Leng":0.115491260785,"SHAPE_Area":0.000452538554989}},
{"type":"Feature","geometry":{"type":"Polygon","coordinates":[[[151.2069,-33.8589],[151.2055,-33.8634],[151.2098,-33.861],[151.2106,-33.8554],[151.2097,-33.8542],[151.2069,-33.8589]]]},"properties":{"SAL_CODE21":"13856","SAL_NAME21":"The Rocks (Sydney - NSW)","STE_CODE21":"1","STE_NAME21":"New South Wales","AUS_CODE21":"AUS","AUS_NAME21":"Australia","AREASQKM21":0.2042,"LOCI_URI21":"http://linked.data.gov.au/dataset/asgsed3/SAL/13856","SHAPE_Leng":0.0276925959223,"SHAPE_Area":0.0000198922189612}},
{"type":"Feature","geometry":{"type":"Polygon","coordinates":[[[150.6919,-33.5288],[150.6902,-33.5343],[150.6962,-33.5378],[150.7008,-33.5426],[150.7053,-33.5417],[150.7113,-33.5388],[150.7155,-33.5344],[150.7194,-33.5313],[150.7221,-33.5269],[150.7155,-33.5247],[150.7061,-33.5234],[150.7035,-33.5256],[150.7028,-33.5286],[150.6985,-33.5278],[150.6919,-33.5288]]]},"properties":{"SAL_CODE21":"13858","SAL_NAME21":"The Slopes","STE_CODE21":"1","STE_NAME21":"New South Wales","AUS_CODE21":"AUS","AUS_NAME21":"Australia","AREASQKM21":3.5039,"LOCI_URI21":"http://linked.data.gov.au/dataset/asgsed3/SAL/13858","SHAPE_Leng":0.0927357530595,"SHAPE_Area":0.000340111442256}},
{"type":"Feature","geometry":{"type":"Polygon","coordinates":[[[150.6572,-34.0223],[150.6559,-34.0198],[150.6516,-34.0161],[150.6501,-34.0113],[150.6511,-34.0068],[150.661,-34],[150.6698,-33.9915],[150.6709,-33.9885],[150.6686,-33.9854],[150.6557,-33.9861],[150.6498,-33.9846],[150.6449,-33.9793],[150.6386,-33.9758],[150.6296,-33.9729],[150.6278,-33.9697],[150.6301,-33.9586],[150.6296,-33.9571],[150.6276,-33.9572],[150.6236,-33.9603],[150.6218,-33.9698],[150.6223,-33.9722],[150.6189,-33.9737],[150.6169,-33.9764],[150.614,-33.9777],[150.6131,-33.9834],[150.6096,-33.9853],[150.6127,-33.9881],[150.61,-33.9954],[150.6096,-34.0014],[150.6182,-34.0057],[150.6194,-34.0092],[150.6261,-34.0064],[150.6351,-34.0079],[150.6364,-34.0059],[150.6467,-34.0126],[150.6476,-34.0162],[150.651,-34.02],[150.6557,-34.0225],[150.6572,-34.0223]]]},"properties":{"SAL_CODE21":"13861","SAL_NAME21":"Theresa Park","STE_CODE21":"1","STE_NAME21":"New South Wales","AUS_CODE21":"AUS","AUS_NAME21":"Australia","AREASQKM21":16.8495,"LOCI_URI21":"http://linked.data.gov.au/dataset/asgsed3/SAL/13861","SHAPE_Leng":0.243387252924,"SHAPE_Area":0.00164409434814}},
{"type":"Feature","geometry":{"type":"Polygon","coordinates":[[[150.5462,-34.2397],[150.5476,-34.2338],[150.5501,-34.2311],[150.5479,-34.2266],[150.551,-34.2251],[150.5605,-34.2267],[150.5622,-34.2194],[150.5731,-34.2209],[150.5763,-34.2165],[150.5857,-34.2156],[150.584,-34.2118],[150.5841,-34.2083],[150.5964,-34.2047],[150.5916,-34.2008],[150.5907,-34.1971],[150.5927,-34.1865],[150.5853,-34.186],[150.5879,-34.1778],[150.5869,-34.1727],[150.5776,-34.1745],[150.5753,-34.1737],[150.5708,-34.1807],[150.5672,-34.175],[150.5639,-34.1721],[150.5612,-34.1732],[150.5589,-34.1726],[150.5572,-34.1683],[150.5541,-34.1689],[150.5528,-34.1719],[150.5494,-34.1715],[150.5484,-34.1771],[150.5448,-34.1766],[150.5432,-34.1829],[150.5471,-34.1855],[150.5468,-34.1887],[150.5438,-34.1901],[150.5425,-34.1934],[150.5348,-34.1992],[150.5346,-34.2015],[150.5301,-34.2079],[150.5238,-34.2089],[150.5217,-34.2078],[150.5152,-34.2089],[150.5092,-34.2072],[150.5039,-34.2096],[150.5057,-34.2146],[150.5096,-34.2177],[150.5159,-34.2207],[150.5224,-34.2263],[150.5247,-34.2262],[150.5233,-34.2367],[150.5258,-34.2371],[150.5239,-34.243],[150.5274,-34.2452],[150.5314,-34.2457],[150.532,-34.2422],[150.5384,-34.243],[150.5387,-34.2413],[150.5327,-34.2406],[150.5332,-34.238],[150.5462,-34.2397]]]},"properties":{"SAL_CODE21":"13863","SAL_NAME21":"Thirlmere","STE_CODE21":"1","STE_NAME21":"New South Wales","AUS_CODE21":"AUS","AUS_NAME21":"Australia","AREASQKM21":32.8287,"LOCI_URI21":"http://linked.data.gov.au/dataset/asgsed3/SAL/13863","SHAPE_Leng":0.394996268964,"SHAPE_Area":0.00321119828901}},
{"type":"Feature","geometry":{"type":"Polygon","coordinates":[[[151.0797,-33.7053],[151.08,-33.7112],[151.0779,-33.7205],[151.0759,-33.7227],[151.0717,-33.7213],[151.0705,-33.7244],[151.0704,-33.729],[151.0769,-33.734],[151.0819,-33.7358],[151.0829,-33.7346],[151.0894,-33.7392],[151.0908,-33.739],[151.09,-33.7354],[151.0926,-33.7332],[151.088,-33.7326],[151.0886,-33.7248],[151.0901,-33.7142],[151.0835,-33.7093],[151.0816,-33.7056],[151.0797,-33.7053]]]},"properties":{"SAL_CODE21":"13866","SAL_NAME21":"Thornleigh","STE_CODE21":"1","STE_NAME21":"New South Wales","AUS_CODE21":"AUS","AUS_NAME21":"Australia","AREASQKM21":3.87,"LOCI_URI21":"http://linked.data.gov.au/dataset/asgsed3/SAL/13866","SHAPE_Leng":0.130438391745,"SHAPE_Area":0.000376466660527}},
{"type":"Feature","geometry":{"type":"Polygon","coordinates":[[[150.9525,-33.7955],[150.9591,-33.7964],[150.9639,-33.7953],[150.9669,-33.7811],[150.9608,-33.7793],[150.9559,-33.7805],[150.9515,-33.7774],[150.9441,-33.7824],[150.9433,-33.7871],[150.9317,-33.7948],[150.9261,-33.7969],[150.928,-33.8025],[150.9308,-33.8056],[150.9339,-33.8071],[150.9377,-33.8007],[150.9389,-33.7945],[150.9519,-33.7906],[150.9525,-33.7955]]]},"properties":{"SAL_CODE21":"13925","SAL_NAME21":"Toongabbie (NSW)","STE_CODE21":"1","STE_NAME21":"New South Wales","AUS_CODE21":"AUS","AUS_NAME21":"Australia","AREASQKM21":4.7334,"LOCI_URI21":"http://linked.data.gov.au/dataset/asgsed3/SAL/13925","SHAPE_Leng":0.137843242343,"SHAPE_Area":0.000460767979955}},
{"type":"Feature","geometry":{"type":"Polygon","coordinates":[[[151.4966,-33.3576],[151.4951,-33.3624],[151.4921,-33.3638],[151.4945,-33.3672],[151.4995,-33.3649],[151.5005,-33.3585],[151.4966,-33.3576]]]},"properties":{"SAL_CODE21":"13934","SAL_NAME21":"Toowoon Bay","STE_CODE21":"1","STE_NAME21":"New South Wales","AUS_CODE21":"AUS","AUS_NAME21":"Australia","AREASQKM21":0.55,"LOCI_URI21":"http://linked.data.gov.au/dataset/asgsed3/SAL/13934","SHAPE_Leng":0.0497835237224,"SHAPE_Area":0.0000532746227499}},
{"type":"Feature","geometry":{"type":"Polygon","coordinates":[[[151.5575,-33.2521],[151.5564,-33.2511],[151.5569,-33.2452],[151.5537,-33.2441],[151.5522,-33.2465],[151.5457,-33.2532],[151.5424,-33.2592],[151.5392,-33.2615],[151.529,-33.2632],[151.5361,-33.2662],[151.5399,-33.2689],[151.5453,-33.2682],[151.5457,-33.2707],[151.5494,-33.2705],[151.5505,-33.263],[151.5531,-33.2628],[151.5576,-33.2655],[151.5596,-33.264],[151.561,-33.2591],[151.5609,-33.2555],[151.5577,-33.2551],[151.5575,-33.2521]]]},"properties":{"SAL_CODE21":"13943","SAL_NAME21":"Toukley","STE_CODE21":"1","STE_NAME21":"New South Wales","AUS_CODE21":"AUS","AUS_NAME21":"Australia","AREASQKM21":3.6825,"LOCI_URI21":"http://linked.data.gov.au/dataset/asgsed3/SAL/13943","SHAPE_Leng":0.137580350335,"SHAPE_Area":0.000356348408456}},
{"type":"Feature","geometry":{"type":"Polygon","coordinates":[[[150.8009,-33.7472],[150.7968,-33.7403],[150.7924,-33.74],[150.79,-33.7373],[150.784,-33.741],[150.7849,-33.7443],[150.7892,-33.7473],[150.789,-33.7513],[150.7922,-33.753],[150.7951,-33.7517],[150.7999,-33.752],[150.8015,-33.749],[150.8009,-33.7472]]]},"properties":{"SAL_CODE21":"13952","SAL_NAME21":"Tregear","STE_CODE21":"1","STE_NAME21":"New South Wales","AUS_CODE21":"AUS","AUS_NAME21":"Australia","AREASQKM21":1.6417,"LOCI_URI21":"http://linked.data.gov.au/dataset/asgsed3/SAL/13952","SHAPE_Leng":0.0577543710394,"SHAPE_Area":0.000159724159532}},
{"type":"Feature","geometry":{"type":"Polygon","coordinates":[[[151.4278,-33.3253],[151.4338,-33.3224],[151.4348,-33.3177],[151.4409,-33.3153],[151.4472,-33.3169],[151.4436,-33.31],[151.4441,-33.3062],[151.4465,-33.3021],[151.4492,-33.3001],[151.4503,-33.2882],[151.4426,-33.2958],[151.4379,-33.2987],[151.4345,-33.297],[151.4333,-33.2917],[151.4292,-33.2926],[151.4234,-33.2904],[151.4187,-33.2905],[151.4156,-33.3069],[151.4023,-33.3048],[151.4008,-33.3086],[151.3996,-33.3114],[151.4053,-33.3122],[151.4111,-33.314],[151.4187,-33.3143],[151.4179,-33.3168],[151.4142,-33.3205],[151.419,-33.3224],[151.426,-33.3228],[151.4278,-33.3253]]]},"properties":{"SAL_CODE21":"13968","SAL_NAME21":"Tuggerah","STE_CODE21":"1","STE_NAME21":"New South Wales","AUS_CODE21":"AUS","AUS_NAME21":"Australia","AREASQKM21":9.3273,"LOCI_URI21":"http://linked.data.gov.au/dataset/asgsed3/SAL/13968","SHAPE_Leng":0.211263294757,"SHAPE_Area":0.000903027654461}},
{"type":"Feature","geometry":{"type":"Polygon","coordinates":[[[151.4719,-33.2936],[151.4719,-33.2908],[151.4744,-33.2873],[151.4739,-33.284],[151.4785,-33.2825],[151.4866,-33.2818],[151.4892,-33.2769],[151.4852,-33.277],[151.4776,-33.276],[151.476,-33.28],[151.463,-33.2823],[151.4702,-33.2915],[151.4719,-33.2936]]]},"properties":{"SAL_CODE21":"13969","SAL_NAME21":"Tuggerawong","STE_CODE21":"1","STE_NAME21":"New South Wales","AUS_CODE21":"AUS","AUS_NAME21":"Australia","AREASQKM21":1.4914,"LOCI_URI21":"http://linked.data.gov.au/dataset/asgsed3/SAL/13969","SHAPE_Leng":0.0794129227342,"SHAPE_Area":0.000144329742448}},
{"type":"Feature","geometry":{"type":"Polygon","coordinates":[[[151.4561,-33.3755],[151.4576,-33.3735],[151.4526,-33.3698],[151.4518,-33.3633],[151.4473,-33.3589],[151.4444,-33.3621],[151.4385,-33.3564],[151.4324,-33.3546],[151.434,-33.3564],[151.4291,-33.3592],[151.4263,-33.3646],[151.4215,-33.37],[151.4116,-33.367],[151.4068,-33.3676],[151.4013,-33.3738],[151.3968,-33.3731],[151.3955,-33.38],[151.3996,-33.3795],[151.4065,-33.3814],[151.4109,-33.384],[151.4141,-33.3831],[151.4228,-33.3843],[151.4285,-33.3824],[151.4325,-33.3839],[151.4356,-33.3847],[151.4409,-33.3898],[151.4465,-33.3848],[151.4498,-33.3871],[151.4523,-33.3923],[151.4517,-33.3963],[151.4562,-33.3969],[151.4554,-33.4008],[151.4593,-33.4025],[151.4623,-33.3989],[151.4629,-33.3958],[151.4576,-33.3873],[151.4598,-33.3842],[151.4564,-33.3814],[151.4539,-33.3771],[151.4561,-33.3755]]]},"properties":{"SAL_CODE21":"13980","SAL_NAME21":"Tumbi Umbi","STE_CODE21":"1","STE_NAME21":"New South Wales","AUS_CODE21":"AUS","AUS_NAME21":"Australia","AREASQKM21":13.1087,"LOCI_URI21":"http://linked.data.gov.au/dataset/asgsed3/SAL/13980","SHAPE_Leng":0.240817863187,"SHAPE_Area":0.00127013203726}},
{"type":"Feature","geometry":{"type":"Polygon","coordinates":[[[151.1434,-33.7164],[151.1317,-33.7165],[151.1294,-33.7206],[151.1298,-33.7245],[151.1287,-33.7285],[151.1238,-33.7302],[151.1157,-33.7375],[151.1127,-33.7366],[151.1076,-33.7412],[151.1049,-33.7424],[151.1071,-33.7456],[151.1121,-33.7449],[151.1172,-33.7503],[151.1181,-33.7529],[151.12,-33.7513],[151.1217,-33.748],[151.1332,-33.7375],[151.1358,-33.7379],[151.1385,-33.7343],[151.1394,-33.7291],[151.1478,-33.7308],[151.1488,-33.7261],[151.151,-33.725],[151.1487,-33.7213],[151.143,-33.7184],[151.1434,-33.7164]]]},"properties":{"SAL_CODE21":"13998","SAL_NAME21":"Turramurra","STE_CODE21":"1","STE_NAME21":"New South Wales","AUS_CODE21":"AUS","AUS_NAME21":"Australia","AREASQKM21":6.0012,"LOCI_URI21":"http://linked.data.gov.au/dataset/asgsed3/SAL/13998","SHAPE_Leng":0.169671149803,"SHAPE_Area":0.00058384441123}},
{"type":"Feature","geometry":{"type":"Polygon","coordinates":[[[151.1487,-33.9307],[151.148,-33.9272],[151.1436,-33.9281],[151.1399,-33.9274],[151.1373,-33.9304],[151.1333,-33.9317],[151.1335,-33.9322],[151.1383,-33.9329],[151.1446,-33.9336],[151.1487,-33.9307]]]},"properties":{"SAL_CODE21":"14000","SAL_NAME21":"Turrella","STE_CODE21":"1","STE_NAME21":"New South Wales","AUS_CODE21":"AUS","AUS_NAME21":"Australia","AREASQKM21":0.6397,"LOCI_URI21":"http://linked.data.gov.au/dataset/asgsed3/SAL/14000","SHAPE_Leng":0.041347419542,"SHAPE_Area":0.0000623750327969}},
{"type":"Feature","geometry":{"type":"Polygon","coordinates":[[[151.2029,-33.8838],[151.1999,-33.8776],[151.1979,-33.8744],[151.194,-33.8761],[151.1949,-33.8844],[151.2029,-33.8838]]]},"properties":{"SAL_CODE21":"14024","SAL_NAME21":"Ultimo","STE_CODE21":"1","STE_NAME21":"New South Wales","AUS_CODE21":"AUS","AUS_NAME21":"Australia","AREASQKM21":0.5588,"LOCI_URI21":"http://linked.data.gov.au/dataset/asgsed3/SAL/14024","SHAPE_Leng":0.0337581642791,"SHAPE_Area":0.0000544172336618}},
{"type":"Feature","geometry":{"type":"Polygon","coordinates":[[[151.3245,-33.5069],[151.3057,-33.5051],[151.3002,-33.5033],[151.2991,-33.5066],[151.3018,-33.5079],[151.2965,-33.5338],[151.3063,-33.5352],[151.3124,-33.5345],[151.3127,-33.5298],[151.3192,-33.5261],[151.3283,-33.5246],[151.3252,-33.5217],[151.3252,-33.5156],[151.327,-33.5077],[151.3245,-33.5069]]]},"properties":{"SAL_CODE21":"14025","SAL_NAME21":"Umina Beach","STE_CODE21":"1","STE_NAME21":"New South Wales","AUS_CODE21":"AUS","AUS_NAME21":"Australia","AREASQKM21":6.9882,"LOCI_URI21":"http://linked.data.gov.au/dataset/asgsed3/SAL/14025","SHAPE_Leng":0.130007216187,"SHAPE_Area":0.000678164499696}},
{"type":"Feature","geometry":{"type":"Polygon","coordinates":[[[150.6626,-33.3906],[150.6624,-33.3977],[150.664,-33.4026],[150.6551,-33.451],[150.6625,-33.4512],[150.6743,-33.4502],[150.6809,-33.4483],[150.6865,-33.4476],[150.6986,-33.4425],[150.7099,-33.4415],[150.7163,-33.4422],[150.7281,-33.4323],[150.7323,-33.4364],[150.7384,-33.4366],[150.7384,-33.4331],[150.7399,-33.43],[150.7458,-33.4261],[150.7463,-33.4234],[150.7576,-33.4146],[150.7617,-33.4121],[150.7653,-33.4116],[150.7725,-33.4076],[150.7773,-33.4072],[150.7779,-33.4037],[150.7755,-33.4013],[150.7681,-33.4026],[150.7635,-33.4017],[150.7591,-33.3972],[150.6812,-33.3782],[150.6603,-33.3807],[150.6621,-33.3863],[150.6626,-33.3906]]]},"properties":{"SAL_CODE21":"14035","SAL_NAME21":"Upper Colo","STE_CODE21":"1","STE_NAME21":"New South Wales","AUS_CODE21":"AUS","AUS_NAME21":"Australia","AREASQKM21":55.7189,"LOCI_URI21":"http://linked.data.gov.au/dataset/asgsed3/SAL/14035","SHAPE_Leng":0.347283472492,"SHAPE_Area":0.00540106663455}},
{"type":"Feature","geometry":{"type":"Polygon","coordinates":[[[150.8519,-33.2232],[150.8537,-33.2265],[150.8594,-33.2259],[150.8618,-33.2274],[150.8657,-33.2265],[150.869,-33.2312],[150.8717,-33.2395],[150.8751,-33.2437],[150.875,-33.2457],[150.8779,-33.2486],[150.8878,-33.2503],[150.8863,-33.2574],[150.8808,-33.2566],[150.8782,-33.2695],[150.8844,-33.2688],[150.8883,-33.2712],[150.8974,-33.2712],[150.9061,-33.273],[150.9124,-33.278],[150.9159,-33.2835],[150.9169,-33.2872],[150.9119,-33.2951],[150.9076,-33.2978],[150.9139,-33.2983],[150.9194,-33.2998],[150.9214,-33.297],[150.9265,-33.2938],[150.9307,-33.2933],[150.9381,-33.2966],[150.9412,-33.2966],[150.9485,-33.2913],[150.9501,-33.2829],[150.9494,-33.2806],[150.9448,-33.28],[150.9456,-33.2762],[150.9537,-33.2698],[150.9538,-33.2654],[150.9581,-33.2622],[150.9616,-33.2623],[150.9684,-33.2606],[150.9685,-33.2542],[150.97,-33.246],[150.9681,-33.2414],[150.959,-33.2381],[150.9567,-33.2349],[150.9563,-33.2313],[150.9306,-33.2271],[150.9297,-33.2256],[150.9242,-33.2239],[150.9218,-33.2201],[150.9126,-33.218],[150.9074,-33.2179],[150.9022,-33.2199],[150.8991,-33.2196],[150.8948,-33.2161],[150.8885,-33.2129],[150.8851,-33.2091],[150.8802,-33.212],[150.878,-33.209],[150.8758,-33.2101],[150.873,-33.2157],[150.8697,-33.2161],[150.8671,-33.2139],[150.8646,-33.2152],[150.8626,-33.2191],[150.8549,-33.2205],[150.8519,-33.2232]]]},"properties":{"SAL_CODE21":"14052","SAL_NAME21":"Upper Macdonald","STE_CODE21":"1","STE_NAME21":"New South Wales","AUS_CODE21":"AUS","AUS_NAME21":"Australia","AREASQKM21":55.6078,"LOCI_URI21":"http://linked.data.gov.au/dataset/asgsed3/SAL/14052","SHAPE_Leng":0.425545249229,"SHAPE_Area":0.00538032850607}},
{"type":"Feature","geometry":{"type":"Polygon","coordinates":[[[151.0992,-33.2473],[151.0985,-33.2499],[151.0997,-33.2532],[151.0982,-33.2571],[151.0946,-33.2619],[151.0942,-33.2639],[151.09,-33.2685],[151.0897,-33.2751],[151.0915,-33.2778],[151.0898,-33.2807],[151.0941,-33.2858],[151.0933,-33.2897],[151.0953,-33.2915],[151.0936,-33.2958],[151.0952,-33.3031],[151.0921,-33.3073],[151.0936,-33.3108],[151.0969,-33.3139],[151.0943,-33.327],[151.1087,-33.3297],[151.1095,-33.3244],[151.1193,-33.325],[151.1191,-33.326],[151.1282,-33.3269],[151.1255,-33.3331],[151.1292,-33.334],[151.1312,-33.3384],[151.1353,-33.3371],[151.1408,-33.3388],[151.1456,-33.3386],[151.1465,-33.3342],[151.1428,-33.3337],[151.1452,-33.3233],[151.1434,-33.3231],[151.1448,-33.3151],[151.147,-33.3123],[151.1504,-33.2954],[151.1533,-33.291],[151.1476,-33.2902],[151.1494,-33.2803],[151.1551,-33.2811],[151.1547,-33.2762],[151.1566,-33.2703],[151.1578,-33.2639],[151.1426,-33.2622],[151.1412,-33.2693],[151.1369,-33.2688],[151.1362,-33.2723],[151.1316,-33.2717],[151.1301,-33.2675],[151.1337,-33.252],[151.1288,-33.2514],[151.1255,-33.2482],[151.0992,-33.2473]]]},"properties":{"SAL_CODE21":"14054","SAL_NAME21":"Upper Mangrove","STE_CODE21":"1","STE_NAME21":"New South Wales","AUS_CODE21":"AUS","AUS_NAME21":"Australia","AREASQKM21":43.7727,"LOCI_URI21":"http://linked.data.gov.au/dataset/asgsed3/SAL/14054","SHAPE_Leng":0.405866892633,"SHAPE_Area":0.00423715888885}},
{"type":"Feature","geometry":{"type":"Polygon","coordinates":[[[150.5898,-33.723],[150.5925,-33.7127],[150.5885,-33.7117],[150.5858,-33.7092],[150.5846,-33.7057],[150.5897,-33.7001],[150.587,-33.6979],[150.5798,-33.7],[150.5756,-33.6998],[150.5752,-33.7055],[150.5798,-33.7061],[150.5793,-33.7088],[150.5827,-33.7093],[150.5807,-33.7199],[150.5856,-33.7206],[150.5852,-33.7224],[150.5898,-33.723]]]},"properties":{"SAL_CODE21":"14087","SAL_NAME21":"Valley Heights","STE_CODE21":"1","STE_NAME21":"New South Wales","AUS_CODE21":"AUS","AUS_NAME21":"Australia","AREASQKM21":2.184,"LOCI_URI21":"http://linked.data.gov.au/dataset/asgsed3/SAL/14087","SHAPE_Leng":0.0867883567518,"SHAPE_Area":0.000212417457407}},
{"type":"Feature","geometry":{"type":"Polygon","coordinates":[[[150.8055,-33.9892],[150.8023,-33.9941],[150.8,-33.9945],[150.7988,-33.9996],[150.7959,-34.0038],[150.7942,-34.008],[150.7964,-34.0096],[150.794,-34.0119],[150.7877,-34.0154],[150.7883,-34.0176],[150.7918,-34.0201],[150.7933,-34.0205],[150.8023,-34.0114],[150.805,-34.014],[150.8106,-34.0106],[150.8264,-34.0114],[150.8276,-34.0123],[150.8325,-34.007],[150.8206,-33.9876],[150.8103,-33.9921],[150.8055,-33.9892]]]},"properties":{"SAL_CODE21":"14088","SAL_NAME21":"Varroville","STE_CODE21":"1","STE_NAME21":"New South Wales","AUS_CODE21":"AUS","AUS_NAME21":"Australia","AREASQKM21":7.2685,"LOCI_URI21":"http://linked.data.gov.au/dataset/asgsed3/SAL/14088","SHAPE_Leng":0.140635442918,"SHAPE_Area":0.000709319029567}},
{"type":"Feature","geometry":{"type":"Polygon","coordinates":[[[151.2839,-33.8654],[151.2829,-33.8627],[151.2863,-33.8577],[151.2863,-33.8525],[151.2878,-33.8502],[151.2872,-33.8472],[151.2812,-33.8462],[151.2746,-33.8486],[151.2714,-33.8516],[151.2696,-33.8478],[151.2643,-33.8517],[151.2674,-33.8573],[151.2691,-33.8635],[151.2749,-33.8655],[151.2789,-33.8647],[151.2839,-33.8654]]]},"properties":{"SAL_CODE21":"14089","SAL_NAME21":"Vaucluse","STE_CODE21":"1","STE_NAME21":"New South Wales","AUS_CODE21":"AUS","AUS_NAME21":"Australia","AREASQKM21":3.1065,"LOCI_URI21":"http://linked.data.gov.au/dataset/asgsed3/SAL/14089","SHAPE_Leng":0.101037650784,"SHAPE_Area":0.000302617479401}},
{"type":"Feature","geometry":{"type":"Polygon","coordinates":[[[150.9924,-33.8884],[150.9944,-33.8765],[150.9936,-33.8736],[150.9887,-33.8725],[150.9814,-33.8761],[150.9761,-33.8766],[150.9754,-33.8806],[150.9669,-33.8823],[150.9696,-33.8889],[150.9778,-33.8915],[150.9869,-33.8934],[150.9909,-33.8963],[150.9924,-33.8884]]]},"properties":{"SAL_CODE21":"14092","SAL_NAME21":"Villawood","STE_CODE21":"1","STE_NAME21":"New South Wales","AUS_CODE21":"AUS","AUS_NAME21":"Australia","AREASQKM21":3.9256,"LOCI_URI21":"http://linked.data.gov.au/dataset/asgsed3/SAL/14092","SHAPE_Leng":0.0882701371159,"SHAPE_Area":0.000382530969635}},
{"type":"Feature","geometry":{"type":"Polygon","coordinates":[[[150.878,-33.6508],[150.8721,-33.6448],[150.8641,-33.6379],[150.8596,-33.6356],[150.8586,-33.6325],[150.8531,-33.63],[150.8483,-33.6255],[150.8463,-33.6192],[150.8433,-33.6213],[150.8444,-33.6239],[150.8416,-33.6252],[150.84,-33.6219],[150.8361,-33.6205],[150.8358,-33.6255],[150.8392,-33.63],[150.8413,-33.635],[150.8262,-33.6424],[150.8269,-33.647],[150.8305,-33.6518],[150.8265,-33.6544],[150.8273,-33.6573],[150.8352,-33.658],[150.851,-33.6501],[150.8523,-33.6599],[150.8577,-33.6573],[150.8666,-33.6526],[150.874,-33.6567],[150.878,-33.6508]]]},"properties":{"SAL_CODE21":"14094","SAL_NAME21":"Vineyard","STE_CODE21":"1","STE_NAME21":"New South Wales","AUS_CODE21":"AUS","AUS_NAME21":"Australia","AREASQKM21":10.6183,"LOCI_URI21":"http://linked.data.gov.au/dataset/asgsed3/SAL/14094","SHAPE_Leng":0.218595047152,"SHAPE_Area":0.00103194344302}},
{"type":"Feature","geometry":{"type":"Polygon","coordinates":[[[150.982,-33.958],[150.9821,-33.9549],[150.9789,-33.9533],[150.9733,-33.9514],[150.9704,-33.9537],[150.966,-33.9546],[150.9685,-33.9645],[150.9741,-33.9653],[150.9808,-33.9642],[150.9806,-33.9602],[150.982,-33.958]]]},"properties":{"SAL_CODE21":"14097","SAL_NAME21":"Voyager Point","STE_CODE21":"1","STE_NAME21":"New South Wales","AUS_CODE21":"AUS","AUS_NAME21":"Australia","AREASQKM21":1.7302,"LOCI_URI21":"http://linked.data.gov.au/dataset/asgsed3/SAL/14097","SHAPE_Leng":0.05267732589,"SHAPE_Area":0.000168751160944}},
{"type":"Feature","geometry":{"type":"Polygon","coordinates":[[[151.457,-33.2617],[151.4556,-33.2631],[151.4545,-33.2714],[151.4516,-33.2761],[151.4581,-33.2776],[151.463,-33.2823],[151.476,-33.28],[151.4776,-33.276],[151.4773,-33.272],[151.472,-33.2701],[151.4731,-33.2642],[151.457,-33.2617]]]},"properties":{"SAL_CODE21":"14098","SAL_NAME21":"Wadalba","STE_CODE21":"1","STE_NAME21":"New South Wales","AUS_CODE21":"AUS","AUS_NAME21":"Australia","AREASQKM21":3.8185,"LOCI_URI21":"http://linked.data.gov.au/dataset/asgsed3/SAL/14098","SHAPE_Leng":0.0877126042541,"SHAPE_Area":0.000369571567738}},
{"type":"Feature","geometry":{"type":"Polygon","coordinates":[[[151.341,-33.5275],[151.3447,-33.5262],[151.3417,-33.5195],[151.3359,-33.5225],[151.3399,-33.5265],[151.341,-33.5275]]]},"properties":{"SAL_CODE21":"14102","SAL_NAME21":"Wagstaffe","STE_CODE21":"1","STE_NAME21":"New South Wales","AUS_CODE21":"AUS","AUS_NAME21":"Australia","AREASQKM21":0.3979,"LOCI_URI21":"http://linked.data.gov.au/dataset/asgsed3/SAL/14102","SHAPE_Leng":0.0268143827725,"SHAPE_Area":0.0000386139250041}},
{"type":"Feature","geometry":{"type":"Polygon","coordinates":[[[151.1133,-33.7043],[151.1094,-33.7127],[151.0999,-33.7153],[151.0999,-33.7169],[151.1042,-33.7193],[151.1028,-33.7295],[151.1006,-33.7304],[151.0937,-33.7295],[151.0926,-33.7332],[151.09,-33.7354],[151.0908,-33.739],[151.0922,-33.7409],[151.0908,-33.7445],[151.0928,-33.7459],[151.1049,-33.7424],[151.1076,-33.7412],[151.1127,-33.7366],[151.117,-33.7315],[151.1166,-33.7283],[151.1197,-33.7283],[151.1214,-33.7238],[151.1199,-33.7211],[151.1227,-33.7192],[151.1294,-33.7206],[151.1317,-33.7165],[151.1434,-33.7164],[151.1445,-33.7118],[151.1441,-33.7087],[151.1375,-33.707],[151.1232,-33.7052],[151.1194,-33.7039],[151.118,-33.7018],[151.114,-33.7011],[151.1133,-33.7043]]]},"properties":{"SAL_CODE21":"14103","SAL_NAME21":"Wahroonga","STE_CODE21":"1","STE_NAME21":"New South Wales","AUS_CODE21":"AUS","AUS_NAME21":"Australia","AREASQKM21":9.7504,"LOCI_URI21":"http://linked.data.gov.au/dataset/asgsed3/SAL/14103","SHAPE_Leng":0.228901542559,"SHAPE_Area":0.000948406598884}},
{"type":"Feature","geometry":{"type":"Polygon","coordinates":[[[151.0999,-33.7153],[151.1094,-33.7127],[151.1133,-33.7043],[151.108,-33.7036],[151.1064,-33.7064],[151.1024,-33.7063],[151.1013,-33.7104],[151.1022,-33.7135],[151.0999,-33.7153]]]},"properties":{"SAL_CODE21":"14104","SAL_NAME21":"Waitara","STE_CODE21":"1","STE_NAME21":"New South Wales","AUS_CODE21":"AUS","AUS_NAME21":"Australia","AREASQKM21":0.7618,"LOCI_URI21":"http://linked.data.gov.au/dataset/asgsed3/SAL/14104","SHAPE_Leng":0.0619574136927,"SHAPE_Area":0.0000740856146236}},
{"type":"Feature","geometry":{"type":"Polygon","coordinates":[[[150.9166,-33.8744],[150.9126,-33.8667],[150.9108,-33.8653],[150.9044,-33.8698],[150.9008,-33.874],[150.9098,-33.8817],[150.9139,-33.8823],[150.9154,-33.8809],[150.9166,-33.8744]]]},"properties":{"SAL_CODE21":"14107","SAL_NAME21":"Wakeley","STE_CODE21":"1","STE_NAME21":"New South Wales","AUS_CODE21":"AUS","AUS_NAME21":"Australia","AREASQKM21":1.6292,"LOCI_URI21":"http://linked.data.gov.au/dataset/asgsed3/SAL/14107","SHAPE_Leng":0.051668344323,"SHAPE_Area":0.000158730345142}},
{"type":"Feature","geometry":{"type":"Polygon","coordinates":[[[150.6117,-33.8727],[150.6101,-33.88],[150.617,-33.8809],[150.6237,-33.878],[150.627,-33.8791],[150.6269,-33.8821],[150.6239,-33.8969],[150.6273,-33.8974],[150.6271,-33.9014],[150.6234,-33.9054],[150.6226,-33.9079],[150.6313,-33.909],[150.6286,-33.9233],[150.6296,-33.9286],[150.6343,-33.929],[150.6389,-33.928],[150.6434,-33.9256],[150.6489,-33.9171],[150.6489,-33.9143],[150.6443,-33.91],[150.6392,-33.9095],[150.6352,-33.9034],[150.6409,-33.9052],[150.6457,-33.9053],[150.6451,-33.9004],[150.6471,-33.8995],[150.6503,-33.895],[150.6579,-33.8928],[150.6606,-33.897],[150.6677,-33.8943],[150.6693,-33.8915],[150.6676,-33.8864],[150.6688,-33.8801],[150.6771,-33.8812],[150.6803,-33.8642],[150.6704,-33.8628],[150.657,-33.861],[150.6572,-33.8598],[150.6456,-33.8582],[150.6438,-33.8593],[150.6372,-33.8587],[150.6347,-33.8558],[150.6311,-33.8607],[150.6252,-33.8622],[150.62,-33.861],[150.6174,-33.8623],[150.6128,-33.8618],[150.6133,-33.8644],[150.6117,-33.8727]]]},"properties":{"SAL_CODE21":"14119","SAL_NAME21":"Wallacia","STE_CODE21":"1","STE_NAME21":"New South Wales","AUS_CODE21":"AUS","AUS_NAME21":"Australia","AREASQKM21":25.5343,"LOCI_URI21":"http://linked.data.gov.au/dataset/asgsed3/SAL/14119","SHAPE_Leng":0.320794444682,"SHAPE_Area":0.00248840075439}},
{"type":"Feature","geometry":{"type":"Polygon","coordinates":[[[151.4504,-33.2175],[151.4455,-33.2419],[151.4488,-33.2425],[151.4577,-33.242],[151.4631,-33.2337],[151.4657,-33.2318],[151.4733,-33.2283],[151.4769,-33.2203],[151.4849,-33.2123],[151.4876,-33.2086],[151.4547,-33.2171],[151.4504,-33.2175]]]},"properties":{"SAL_CODE21":"14127","SAL_NAME21":"Wallarah","STE_CODE21":"1","STE_NAME21":"New South Wales","AUS_CODE21":"AUS","AUS_NAME21":"Australia","AREASQKM21":6.5946,"LOCI_URI21":"http://linked.data.gov.au/dataset/asgsed3/SAL/14127","SHAPE_Leng":0.122753214913,"SHAPE_Area":0.000637879875563}},
{"type":"Feature","geometry":{"type":"Polygon","coordinates":[[[151.4213,-33.4271],[151.4214,-33.4288],[151.4259,-33.4295],[151.4307,-33.4283],[151.435,-33.4307],[151.4386,-33.4307],[151.4422,-33.437],[151.4407,-33.4411],[151.4436,-33.4418],[151.4439,-33.4378],[151.4472,-33.4317],[151.4545,-33.4239],[151.4595,-33.4197],[151.4557,-33.4166],[151.4585,-33.4106],[151.4565,-33.408],[151.4593,-33.4025],[151.4554,-33.4008],[151.4562,-33.3969],[151.4517,-33.3963],[151.4523,-33.3923],[151.4498,-33.3871],[151.4465,-33.3848],[151.4409,-33.3898],[151.4456,-33.3917],[151.4474,-33.3957],[151.4461,-33.4025],[151.4443,-33.4022],[151.4418,-33.4146],[151.4373,-33.4152],[151.4352,-33.4168],[151.426,-33.4163],[151.4231,-33.4184],[151.4224,-33.422],[151.419,-33.423],[151.4213,-33.4271]]]},"properties":{"SAL_CODE21":"14140","SAL_NAME21":"Wamberal","STE_CODE21":"1","STE_NAME21":"New South Wales","AUS_CODE21":"AUS","AUS_NAME21":"Australia","AREASQKM21":8.7685,"LOCI_URI21":"http://linked.data.gov.au/dataset/asgsed3/SAL/14140","SHAPE_Leng":0.205724302357,"SHAPE_Area":0.000849993842058}},
{"type":"Feature","geometry":{"type":"Polygon","coordinates":[[[151.1278,-33.8573],[151.1285,-33.8603],[151.1347,-33.859],[151.1366,-33.8549],[151.1305,-33.8556],[151.1278,-33.8573]]]},"properties":{"SAL_CODE21":"14166","SAL_NAME21":"Wareemba","STE_CODE21":"1","STE_NAME21":"New South Wales","AUS_CODE21":"AUS","AUS_NAME21":"Australia","AREASQKM21":0.317,"LOCI_URI21":"http://linked.data.gov.au/dataset/asgsed3/SAL/14166","SHAPE_Leng":0.0267123785004,"SHAPE_Area":0.0000308670281212}},
{"type":"Feature","geometry":{"type":"Polygon","coordinates":[[[151.4241,-33.2297],[151.4195,-33.2326],[151.4117,-33.2411],[151.4051,-33.2513],[151.4041,-33.2591],[151.4064,-33.2621],[151.4194,-33.2632],[151.4233,-33.2598],[151.4315,-33.2613],[151.4351,-33.2636],[151.4365,-33.2617],[151.4449,-33.2599],[151.4559,-33.2615],[151.4598,-33.2423],[151.4577,-33.242],[151.4488,-33.2425],[151.4455,-33.2419],[151.4399,-33.2399],[151.4324,-33.2329],[151.4241,-33.2297]]]},"properties":{"SAL_CODE21":"14172","SAL_NAME21":"Warnervale","STE_CODE21":"1","STE_NAME21":"New South Wales","AUS_CODE21":"AUS","AUS_NAME21":"Australia","AREASQKM21":12.7254,"LOCI_URI21":"http://linked.data.gov.au/dataset/asgsed3/SAL/14172","SHAPE_Leng":0.157993766942,"SHAPE_Area":0.00123122924807}},
{"type":"Feature","geometry":{"type":"Polygon","coordinates":[[[150.5801,-33.8933],[150.583,-33.8944],[150.5868,-33.9004],[150.5931,-33.9046],[150.6038,-33.9061],[150.5995,-33.901],[150.6003,-33.895],[150.6069,-33.8959],[150.61,-33.8948],[150.6137,-33.8889],[150.613,-33.8827],[150.617,-33.8809],[150.6101,-33.88],[150.6117,-33.8727],[150.6072,-33.8765],[150.5988,-33.8808],[150.5965,-33.8841],[150.5801,-33.8933]]]},"properties":{"SAL_CODE21":"14176","SAL_NAME21":"Warragamba","STE_CODE21":"1","STE_NAME21":"New South Wales","AUS_CODE21":"AUS","AUS_NAME21":"Australia","AREASQKM21":5.1466,"LOCI_URI21":"http://linked.data.gov.au/dataset/asgsed3/SAL/14176","SHAPE_Leng":0.12816583323,"SHAPE_Area":0.000501613167404}},
{"type":"Feature","geometry":{"type":"Polygon","coordinates":[[[151.1294,-33.7206],[151.1227,-33.7192],[151.1199,-33.7211],[151.1214,-33.7238],[151.1197,-33.7283],[151.1166,-33.7283],[151.117,-33.7315],[151.1127,-33.7366],[151.1157,-33.7375],[151.1238,-33.7302],[151.1287,-33.7285],[151.1298,-33.7245],[151.1294,-33.7206]]]},"properties":{"SAL_CODE21":"14183","SAL_NAME21":"Warrawee","STE_CODE21":"1","STE_NAME21":"New South Wales","AUS_CODE21":"AUS","AUS_NAME21":"Australia","AREASQKM21":1.3376,"LOCI_URI21":"http://linked.data.gov.au/dataset/asgsed3/SAL/14183","SHAPE_Leng":0.0835641595272,"SHAPE_Area":0.000130124653079}},
{"type":"Feature","geometry":{"type":"Polygon","coordinates":[[[151.2822,-33.6749],[151.28,-33.6775],[151.2832,-33.6792],[151.2823,-33.6852],[151.2844,-33.6871],[151.2835,-33.6918],[151.2897,-33.694],[151.2919,-33.6964],[151.3008,-33.6977],[151.3068,-33.6999],[151.3102,-33.7032],[151.3091,-33.7007],[151.3121,-33.6947],[151.3088,-33.6918],[151.3092,-33.6889],[151.3027,-33.6886],[151.3021,-33.686],[151.2923,-33.6789],[151.2897,-33.6761],[151.2851,-33.675],[151.2822,-33.6749]]]},"properties":{"SAL_CODE21":"14191","SAL_NAME21":"Warriewood","STE_CODE21":"1","STE_NAME21":"New South Wales","AUS_CODE21":"AUS","AUS_NAME21":"Australia","AREASQKM21":4.136,"LOCI_URI21":"http://linked.data.gov.au/dataset/asgsed3/SAL/14191","SHAPE_Leng":0.131489914229,"SHAPE_Area":0.000402201899413}},
{"type":"Feature","geometry":{"type":"Polygon","coordinates":[[[150.6271,-33.7322],[150.6296,-33.7255],[150.6348,-33.7261],[150.636,-33.7201],[150.6391,-33.7205],[150.6401,-33.7154],[150.6457,-33.7151],[150.6232,-33.7119],[150.6216,-33.7135],[150.6167,-33.7135],[150.6106,-33.7124],[150.5992,-33.7108],[150.5982,-33.7155],[150.5935,-33.7149],[150.5925,-33.7127],[150.5898,-33.723],[150.589,-33.7268],[150.5946,-33.7275],[150.5955,-33.7337],[150.6025,-33.7336],[150.6095,-33.7351],[150.6106,-33.73],[150.6271,-33.7322]]]},"properties":{"SAL_CODE21":"14192","SAL_NAME21":"Warrimoo","STE_CODE21":"1","STE_NAME21":"New South Wales","AUS_CODE21":"AUS","AUS_NAME21":"Australia","AREASQKM21":8.5758,"LOCI_URI21":"http://linked.data.gov.au/dataset/asgsed3/SAL/14192","SHAPE_Leng":0.179825712592,"SHAPE_Area":0.000834221648039}},
{"type":"Feature","geometry":{"type":"Polygon","coordinates":[[[150.918,-33.9039],[150.919,-33.9113],[150.9215,-33.915],[150.9344,-33.9169],[150.9316,-33.9221],[150.9358,-33.9226],[150.9428,-33.9232],[150.9505,-33.9212],[150.9523,-33.9187],[150.9488,-33.9089],[150.9498,-33.9054],[150.9492,-33.9024],[150.9432,-33.905],[150.9415,-33.9029],[150.9342,-33.9048],[150.93,-33.9072],[150.9258,-33.9069],[150.9235,-33.9053],[150.9187,-33.9055],[150.918,-33.9039]]]},"properties":{"SAL_CODE21":"14195","SAL_NAME21":"Warwick Farm","STE_CODE21":"1","STE_NAME21":"New South Wales","AUS_CODE21":"AUS","AUS_NAME21":"Australia","AREASQKM21":4.6126,"LOCI_URI21":"http://linked.data.gov.au/dataset/asgsed3/SAL/14195","SHAPE_Leng":0.127271363218,"SHAPE_Area":0.00044968866285}},
{"type":"Feature","geometry":{"type":"Polygon","coordinates":[[[151.4194,-33.2632],[151.4197,-33.266],[151.4177,-33.2697],[151.422,-33.274],[151.4251,-33.2719],[151.4288,-33.2764],[151.4351,-33.2636],[151.4315,-33.2613],[151.4233,-33.2598],[151.4194,-33.2632]]]},"properties":{"SAL_CODE21":"14199","SAL_NAME21":"Watanobbi","STE_CODE21":"1","STE_NAME21":"New South Wales","AUS_CODE21":"AUS","AUS_NAME21":"Australia","AREASQKM21":1.7419,"LOCI_URI21":"http://linked.data.gov.au/dataset/asgsed3/SAL/14199","SHAPE_Leng":0.0671425231894,"SHAPE_Area":0.000168558020011}},
{"type":"Feature","geometry":{"type":"Polygon","coordinates":[[[150.9754,-34.0975],[150.9711,-34.1001],[150.9659,-34.0958],[150.9622,-34.0976],[150.9608,-34.101],[150.9609,-34.1052],[150.9569,-34.1039],[150.9529,-34.1062],[150.9503,-34.1048],[150.9474,-34.1079],[150.9396,-34.1118],[150.9418,-34.1164],[150.9445,-34.1167],[150.946,-34.1196],[150.9524,-34.1211],[150.9557,-34.1276],[150.9536,-34.1323],[150.9538,-34.1346],[150.9799,-34.1384],[150.9909,-34.1459],[150.9956,-34.1477],[150.9962,-34.1439],[150.9948,-34.1399],[150.9958,-34.1366],[150.9944,-34.1317],[150.9933,-34.1196],[150.9943,-34.1057],[150.9952,-34.102],[150.9892,-34.1027],[150.9853,-34.0997],[150.9754,-34.0975]]]},"properties":{"SAL_CODE21":"14200","SAL_NAME21":"Waterfall","STE_CODE21":"1","STE_NAME21":"New South Wales","AUS_CODE21":"AUS","AUS_NAME21":"Australia","AREASQKM21":17.5829,"LOCI_URI21":"http://linked.data.gov.au/dataset/asgsed3/SAL/14200","SHAPE_Leng":0.213038483005,"SHAPE_Area":0.00171818390267}},
{"type":"Feature","geometry":{"type":"Polygon","coordinates":[[[151.2028,-33.9055],[151.2071,-33.9032],[151.2143,-33.904],[151.2143,-33.9038],[151.2157,-33.8976],[151.1991,-33.8952],[151.2028,-33.9055]]]},"properties":{"SAL_CODE21":"14201","SAL_NAME21":"Waterloo (NSW)","STE_CODE21":"1","STE_NAME21":"New South Wales","AUS_CODE21":"AUS","AUS_NAME21":"Australia","AREASQKM21":1.1339,"LOCI_URI21":"http://linked.data.gov.au/dataset/asgsed3/SAL/14201","SHAPE_Leng":0.0472285859044,"SHAPE_Area":0.000110509770772}},
{"type":"Feature","geometry":{"type":"Polygon","coordinates":[[[151.2872,-33.8472],[151.2846,-33.8432],[151.2852,-33.8415],[151.2824,-33.838],[151.2819,-33.8343],[151.2782,-33.8373],[151.2792,-33.8392],[151.2766,-33.8414],[151.2817,-33.8435],[151.2812,-33.8462],[151.2872,-33.8472]]]},"properties":{"SAL_CODE21":"14205","SAL_NAME21":"Watsons Bay","STE_CODE21":"1","STE_NAME21":"New South Wales","AUS_CODE21":"AUS","AUS_NAME21":"Australia","AREASQKM21":0.6083,"LOCI_URI21":"http://linked.data.gov.au/dataset/asgsed3/SAL/14205","SHAPE_Leng":0.0515819355509,"SHAPE_Area":0.0000592451147688}},
{"type":"Feature","geometry":{"type":"Polygon","coordinates":[[[150.9434,-33.943],[150.9318,-33.9407],[150.9311,-33.9448],[150.9373,-33.9457],[150.9378,-33.9486],[150.9363,-33.955],[150.9319,-33.9616],[150.9316,-33.9646],[150.9469,-33.9637],[150.9461,-33.9619],[150.946,-33.9499],[150.948,-33.9471],[150.9434,-33.943]]]},"properties":{"SAL_CODE21":"14210","SAL_NAME21":"Wattle Grove (NSW)","STE_CODE21":"1","STE_NAME21":"New South Wales","AUS_CODE21":"AUS","AUS_NAME21":"Australia","AREASQKM21":2.5911,"LOCI_URI21":"http://linked.data.gov.au/dataset/asgsed3/SAL/14210","SHAPE_Leng":0.084512186244,"SHAPE_Area":0.000252688091245}},
{"type":"Feature","geometry":{"type":"Polygon","coordinates":[[[151.259,-33.8971],[151.2512,-33.8961],[151.2536,-33.9003],[151.2529,-33.904],[151.2542,-33.9067],[151.2596,-33.9079],[151.2574,-33.9051],[151.2583,-33.8997],[151.2611,-33.8974],[151.259,-33.8971]]]},"properties":{"SAL_CODE21":"14217","SAL_NAME21":"Waverley (NSW)","STE_CODE21":"1","STE_NAME21":"New South Wales","AUS_CODE21":"AUS","AUS_NAME21":"Australia","AREASQKM21":0.6007,"LOCI_URI21":"http://linked.data.gov.au/dataset/asgsed3/SAL/14217","SHAPE_Leng":0.0466673713118,"SHAPE_Area":0.0000585674040122}},
{"type":"Feature","geometry":{"type":"Polygon","coordinates":[[[151.2005,-33.8404],[151.2024,-33.8346],[151.2046,-33.8332],[151.1967,-33.8356],[151.1942,-33.8382],[151.1946,-33.8418],[151.193,-33.8476],[151.1998,-33.8419],[151.2005,-33.8404]]]},"properties":{"SAL_CODE21":"14219","SAL_NAME21":"Waverton","STE_CODE21":"1","STE_NAME21":"New South Wales","AUS_CODE21":"AUS","AUS_NAME21":"Australia","AREASQKM21":0.7025,"LOCI_URI21":"http://linked.data.gov.au/dataset/asgsed3/SAL/14219","SHAPE_Leng":0.057610480315,"SHAPE_Area":0.0000684079403599}},
{"type":"Feature","geometry":{"type":"Polygon","coordinates":[[[150.9513,-33.3161],[150.9328,-33.3134],[150.9279,-33.3104],[150.9242,-33.3068],[150.9224,-33.3024],[150.9194,-33.2998],[150.9139,-33.2983],[150.9076,-33.2978],[150.9119,-33.2951],[150.9169,-33.2872],[150.9159,-33.2835],[150.9124,-33.278],[150.9061,-33.273],[150.8974,-33.2712],[150.8883,-33.2712],[150.8844,-33.2688],[150.8782,-33.2695],[150.8744,-33.2879],[150.8548,-33.2851],[150.8532,-33.2932],[150.8575,-33.2938],[150.8727,-33.296],[150.8683,-33.3171],[150.8529,-33.3844],[150.852,-33.3893],[150.8715,-33.3926],[150.8701,-33.3994],[150.8773,-33.4005],[150.877,-33.4027],[150.8929,-33.4047],[150.8931,-33.4037],[150.9246,-33.4079],[150.9264,-33.4069],[150.9287,-33.4051],[150.9327,-33.405],[150.9374,-33.4076],[150.9435,-33.4047],[150.9528,-33.4122],[150.9528,-33.4134],[150.9611,-33.4122],[150.9686,-33.4068],[150.9724,-33.403],[150.9767,-33.4002],[150.9797,-33.3947],[150.9782,-33.3913],[150.9734,-33.3879],[150.9746,-33.3864],[150.9737,-33.3826],[150.9716,-33.3816],[150.9623,-33.3838],[150.964,-33.3812],[150.9657,-33.3731],[150.9632,-33.3704],[150.9592,-33.3698],[150.9597,-33.3668],[150.9541,-33.3658],[150.953,-33.3707],[150.9486,-33.37],[150.9454,-33.3674],[150.9463,-33.3631],[150.9419,-33.3573],[150.9436,-33.3538],[150.9477,-33.3514],[150.9497,-33.3466],[150.9511,-33.3447],[150.9476,-33.3421],[150.945,-33.3385],[150.9473,-33.3363],[150.9507,-33.3376],[150.955,-33.3301],[150.9568,-33.3297],[150.9581,-33.325],[150.9549,-33.3227],[150.9554,-33.3199],[150.9508,-33.3192],[150.9513,-33.3161]]]},"properties":{"SAL_CODE21":"14225","SAL_NAME21":"Webbs Creek","STE_CODE21":"1","STE_NAME21":"New South Wales","AUS_CODE21":"AUS","AUS_NAME21":"Australia","AREASQKM21":112.5837,"LOCI_URI21":"http://linked.data.gov.au/dataset/asgsed3/SAL/14225","SHAPE_Leng":0.599221787353,"SHAPE_Area":0.0109052484255}},
{"type":"Feature","geometry":{"type":"Polygon","coordinates":[[[150.8166,-34.1732],[150.8154,-34.1668],[150.8195,-34.1648],[150.8221,-34.1623],[150.8274,-34.1642],[150.8289,-34.1667],[150.8349,-34.1665],[150.8358,-34.1645],[150.84,-34.1632],[150.8419,-34.1593],[150.8475,-34.1539],[150.8473,-34.1512],[150.8507,-34.1484],[150.8513,-34.146],[150.8486,-34.1431],[150.8499,-34.1401],[150.8469,-34.1382],[150.8503,-34.136],[150.8496,-34.1315],[150.8529,-34.1275],[150.8517,-34.1238],[150.853,-34.1218],[150.8508,-34.118],[150.8148,-34.113],[150.8125,-34.1135],[150.8102,-34.1166],[150.8096,-34.1195],[150.801,-34.1232],[150.802,-34.1283],[150.7985,-34.129],[150.7996,-34.1324],[150.8001,-34.1399],[150.798,-34.1457],[150.8014,-34.1487],[150.7982,-34.1574],[150.7994,-34.1596],[150.7957,-34.1647],[150.7994,-34.1668],[150.8016,-34.1712],[150.8166,-34.1732]]]},"properties":{"SAL_CODE21":"14226","SAL_NAME21":"Wedderburn (NSW)","STE_CODE21":"1","STE_NAME21":"New South Wales","AUS_CODE21":"AUS","AUS_NAME21":"Australia","AREASQKM21":25.3761,"LOCI_URI21":"http://linked.data.gov.au/dataset/asgsed3/SAL/14226","SHAPE_Leng":0.247745693222,"SHAPE_Area":0.00248037055592}},
{"type":"Feature","geometry":{"type":"Polygon","coordinates":[[[151.1742,-33.4655],[151.1715,-33.4615],[151.1735,-33.4601],[151.1661,-33.4475],[151.1605,-33.4467],[151.1592,-33.4509],[151.1538,-33.4545],[151.1524,-33.4598],[151.1597,-33.4599],[151.1667,-33.4606],[151.1687,-33.4647],[151.1742,-33.4655]]]},"properties":{"SAL_CODE21":"14241","SAL_NAME21":"Wendoree Park","STE_CODE21":"1","STE_NAME21":"New South Wales","AUS_CODE21":"AUS","AUS_NAME21":"Australia","AREASQKM21":2.0912,"LOCI_URI21":"http://linked.data.gov.au/dataset/asgsed3/SAL/14241","SHAPE_Leng":0.0832304831985,"SHAPE_Area":0.000202812882771}},
{"type":"Feature","geometry":{"type":"Polygon","coordinates":[[[150.3964,-33.7302],[150.3975,-33.7201],[150.3994,-33.7172],[150.3995,-33.7155],[150.3881,-33.7138],[150.389,-33.7094],[150.3822,-33.7076],[150.3842,-33.7057],[150.3951,-33.7072],[150.396,-33.7029],[150.4012,-33.7036],[150.404,-33.7016],[150.4055,-33.691],[150.4027,-33.6915],[150.3966,-33.6905],[150.3972,-33.6878],[150.3913,-33.6869],[150.3897,-33.6944],[150.3866,-33.6939],[150.3855,-33.6993],[150.3787,-33.6983],[150.3756,-33.6963],[150.3763,-33.6929],[150.3715,-33.6922],[150.372,-33.69],[150.3655,-33.6891],[150.3613,-33.6868],[150.3597,-33.6944],[150.3571,-33.6941],[150.3546,-33.7],[150.3511,-33.7092],[150.3544,-33.71],[150.3521,-33.7138],[150.3571,-33.7146],[150.3589,-33.7115],[150.364,-33.7138],[150.362,-33.7179],[150.3638,-33.722],[150.3691,-33.7227],[150.3687,-33.7247],[150.3799,-33.7284],[150.3792,-33.7369],[150.3705,-33.7357],[150.3709,-33.7417],[150.3793,-33.7428],[150.3782,-33.7451],[150.3709,-33.744],[150.3684,-33.7577],[150.3733,-33.7583],[150.371,-33.7702],[150.3818,-33.7716],[150.3841,-33.7597],[150.3999,-33.7618],[150.4014,-33.7538],[150.3959,-33.7546],[150.3797,-33.7525],[150.381,-33.7455],[150.3801,-33.7413],[150.3855,-33.7412],[150.3861,-33.7429],[150.392,-33.7437],[150.3964,-33.7302]]]},"properties":{"SAL_CODE21":"14243","SAL_NAME21":"Wentworth Falls","STE_CODE21":"1","STE_NAME21":"New South Wales","AUS_CODE21":"AUS","AUS_NAME21":"Australia","AREASQKM21":21.0358,"LOCI_URI21":"http://linked.data.gov.au/dataset/asgsed3/SAL/14243","SHAPE_Leng":0.450354946613,"SHAPE_Area":0.00204616737773}},
{"type":"Feature","geometry":{"type":"Polygon","coordinates":[[[151.0766,-33.8343],[151.0753,-33.8327],[151.084,-33.8225],[151.0802,-33.8224],[151.0779,-33.8231],[151.0713,-33.8309],[151.0766,-33.8343]]]},"properties":{"SAL_CODE21":"14244","SAL_NAME21":"Wentworth Point","STE_CODE21":"1","STE_NAME21":"New South Wales","AUS_CODE21":"AUS","AUS_NAME21":"Australia","AREASQKM21":0.5739,"LOCI_URI21":"http://linked.data.gov.au/dataset/asgsed3/SAL/14244","SHAPE_Leng":0.0401355286357,"SHAPE_Area":0.000055873188453}},
{"type":"Feature","geometry":{"type":"Polygon","coordinates":[[[150.9664,-33.7965],[150.9647,-33.7986],[150.963,-33.7999],[150.9585,-33.813],[150.9647,-33.8144],[150.9746,-33.8165],[150.978,-33.8167],[150.9796,-33.8086],[150.9749,-33.8079],[150.9763,-33.8053],[150.9809,-33.8003],[150.9792,-33.7995],[150.9739,-33.7961],[150.9711,-33.7984],[150.9664,-33.7965]]]},"properties":{"SAL_CODE21":"14245","SAL_NAME21":"Wentworthville","STE_CODE21":"1","STE_NAME21":"New South Wales","AUS_CODE21":"AUS","AUS_NAME21":"Australia","AREASQKM21":3.1203,"LOCI_URI21":"http://linked.data.gov.au/dataset/asgsed3/SAL/14245","SHAPE_Leng":0.102832841767,"SHAPE_Area":0.000303781220212}},
{"type":"Feature","geometry":{"type":"Polygon","coordinates":[[[150.5518,-34.0158],[150.5497,-34.0142],[150.5504,-34.01],[150.5688,-34.0126],[150.5774,-34.0127],[150.5838,-34.0117],[150.5894,-34.0097],[150.5896,-34.0076],[150.5984,-34.0087],[150.5997,-34.0015],[150.6089,-34.0027],[150.6096,-34.0014],[150.61,-33.9954],[150.6127,-33.9881],[150.6096,-33.9853],[150.6131,-33.9834],[150.614,-33.9777],[150.6169,-33.9764],[150.6189,-33.9737],[150.6223,-33.9722],[150.6218,-33.9698],[150.6236,-33.9603],[150.6215,-33.9596],[150.6129,-33.9582],[150.6122,-33.9618],[150.6051,-33.9621],[150.6031,-33.9718],[150.6,-33.9714],[150.601,-33.966],[150.5991,-33.9652],[150.5761,-33.9618],[150.5701,-33.9614],[150.546,-33.9582],[150.5491,-33.9608],[150.5484,-33.9657],[150.5504,-33.9685],[150.556,-33.9705],[150.5579,-33.9733],[150.5542,-33.9778],[150.5588,-33.981],[150.5538,-33.9853],[150.5487,-33.9873],[150.5481,-33.9954],[150.5455,-33.9988],[150.5469,-34.0008],[150.541,-34.003],[150.5413,-34.0049],[150.5384,-34.012],[150.5404,-34.0151],[150.5495,-34.0168],[150.5518,-34.0158]]]},"properties":{"SAL_CODE21":"14249","SAL_NAME21":"Werombi","STE_CODE21":"1","STE_NAME21":"New South Wales","AUS_CODE21":"AUS","AUS_NAME21":"Australia","AREASQKM21":32.0496,"LOCI_URI21":"http://linked.data.gov.au/dataset/asgsed3/SAL/14249","SHAPE_Leng":0.349324405304,"SHAPE_Area":0.00312703478637}},
{"type":"Feature","geometry":{"type":"Polygon","coordinates":[[[150.7332,-33.7572],[150.7357,-33.7575],[150.735,-33.7622],[150.7459,-33.7652],[150.7622,-33.7693],[150.768,-33.7672],[150.7666,-33.7636],[150.7636,-33.7604],[150.7664,-33.7584],[150.7638,-33.7497],[150.7618,-33.7483],[150.7584,-33.7491],[150.7578,-33.7517],[150.7524,-33.751],[150.7507,-33.7538],[150.7466,-33.7525],[150.7414,-33.7526],[150.7386,-33.7542],[150.7332,-33.7572]]]},"properties":{"SAL_CODE21":"14252","SAL_NAME21":"Werrington","STE_CODE21":"1","STE_NAME21":"New South Wales","AUS_CODE21":"AUS","AUS_NAME21":"Australia","AREASQKM21":4.5068,"LOCI_URI21":"http://linked.data.gov.au/dataset/asgsed3/SAL/14252","SHAPE_Leng":0.110356220353,"SHAPE_Area":0.000438595267847}},
{"type":"Feature","geometry":{"type":"Polygon","coordinates":[[[150.7386,-33.7542],[150.7414,-33.7526],[150.7466,-33.7525],[150.7507,-33.7538],[150.7524,-33.751],[150.7578,-33.7517],[150.7584,-33.7491],[150.7594,-33.7468],[150.7538,-33.7447],[150.7522,-33.7409],[150.7409,-33.7398],[150.7402,-33.746],[150.7384,-33.7458],[150.7377,-33.7529],[150.7386,-33.7542]]]},"properties":{"SAL_CODE21":"14253","SAL_NAME21":"Werrington County","STE_CODE21":"1","STE_NAME21":"New South Wales","AUS_CODE21":"AUS","AUS_NAME21":"Australia","AREASQKM21":2.0898,"LOCI_URI21":"http://linked.data.gov.au/dataset/asgsed3/SAL/14253","SHAPE_Leng":0.0743403569045,"SHAPE_Area":0.000203334339052}},
{"type":"Feature","geometry":{"type":"Polygon","coordinates":[[[150.7232,-33.7436],[150.7384,-33.7458],[150.7402,-33.746],[150.7409,-33.7398],[150.7247,-33.7371],[150.7232,-33.7436]]]},"properties":{"SAL_CODE21":"14254","SAL_NAME21":"Werrington Downs","STE_CODE21":"1","STE_NAME21":"New South Wales","AUS_CODE21":"AUS","AUS_NAME21":"Australia","AREASQKM21":1.1092,"LOCI_URI21":"http://linked.data.gov.au/dataset/asgsed3/SAL/14254","SHAPE_Leng":0.0464922861948,"SHAPE_Area":0.00010789420696}},
{"type":"Feature","geometry":{"type":"Polygon","coordinates":[[[151.3392,-33.4115],[151.318,-33.4085],[151.3163,-33.4151],[151.3129,-33.4146],[151.3109,-33.4238],[151.3083,-33.4288],[151.3147,-33.4304],[151.319,-33.4328],[151.3205,-33.4303],[151.325,-33.4331],[151.329,-33.4314],[151.3311,-33.428],[151.3357,-33.4292],[151.3386,-33.4229],[151.3331,-33.4216],[151.3294,-33.4169],[151.3329,-33.4156],[151.3347,-33.413],[151.3392,-33.4115]]]},"properties":{"SAL_CODE21":"14261","SAL_NAME21":"West Gosford","STE_CODE21":"1","STE_NAME21":"New South Wales","AUS_CODE21":"AUS","AUS_NAME21":"Australia","AREASQKM21":4.7823,"LOCI_URI21":"http://linked.data.gov.au/dataset/asgsed3/SAL/14261","SHAPE_Leng":0.140985330809,"SHAPE_Area":0.000463593895305}},
{"type":"Feature","geometry":{"type":"Polygon","coordinates":[[[150.823,-33.952],[150.8269,-33.9522],[150.8323,-33.9499],[150.8386,-33.9501],[150.8373,-33.9441],[150.8386,-33.942],[150.8411,-33.9396],[150.8461,-33.9313],[150.8484,-33.9244],[150.8489,-33.9235],[150.8339,-33.9214],[150.8358,-33.9114],[150.8308,-33.9107],[150.8292,-33.9136],[150.8285,-33.9181],[150.8296,-33.9206],[150.8254,-33.9258],[150.8212,-33.9284],[150.8224,-33.9345],[150.8195,-33.9368],[150.8217,-33.9397],[150.8194,-33.9459],[150.8217,-33.9475],[150.823,-33.952]]]},"properties":{"SAL_CODE21":"14263","SAL_NAME21":"West Hoxton","STE_CODE21":"1","STE_NAME21":"New South Wales","AUS_CODE21":"AUS","AUS_NAME21":"Australia","AREASQKM21":6.7081,"LOCI_URI21":"http://linked.data.gov.au/dataset/asgsed3/SAL/14263","SHAPE_Leng":0.130253739688,"SHAPE_Area":0.000654110460765}},
{"type":"Feature","geometry":{"type":"Polygon","coordinates":[[[151.0104,-33.7591],[151.0192,-33.7594],[151.0293,-33.7634],[151.035,-33.7622],[151.0349,-33.7609],[151.0489,-33.7586],[151.0477,-33.7542],[151.0499,-33.748],[151.0565,-33.7417],[151.0558,-33.7386],[151.0567,-33.7342],[151.0543,-33.7325],[151.0486,-33.7333],[151.0476,-33.7371],[151.0406,-33.7382],[151.0369,-33.7396],[151.0327,-33.7381],[151.0272,-33.7329],[151.0248,-33.7322],[151.0214,-33.735],[151.0215,-33.7421],[151.012,-33.7502],[151.0093,-33.7553],[151.0104,-33.7591]]]},"properties":{"SAL_CODE21":"14266","SAL_NAME21":"West Pennant Hills","STE_CODE21":"1","STE_NAME21":"New South Wales","AUS_CODE21":"AUS","AUS_NAME21":"Australia","AREASQKM21":9.2916,"LOCI_URI21":"http://linked.data.gov.au/dataset/asgsed3/SAL/14266","SHAPE_Leng":0.159293965126,"SHAPE_Area":0.000904091098411}},
{"type":"Feature","geometry":{"type":"Polygon","coordinates":[[[151.1424,-33.7589],[151.1356,-33.761],[151.1327,-33.7565],[151.1279,-33.7533],[151.1251,-33.7556],[151.12,-33.7513],[151.1181,-33.7529],[151.1206,-33.7562],[151.1174,-33.7588],[151.1188,-33.7625],[151.1202,-33.7673],[151.1223,-33.7702],[151.1265,-33.7728],[151.1321,-33.7728],[151.1339,-33.7749],[151.138,-33.7744],[151.1425,-33.7711],[151.1407,-33.769],[151.1424,-33.7589]]]},"properties":{"SAL_CODE21":"14267","SAL_NAME21":"West Pymble","STE_CODE21":"1","STE_NAME21":"New South Wales","AUS_CODE21":"AUS","AUS_NAME21":"Australia","AREASQKM21":3.6836,"LOCI_URI21":"http://linked.data.gov.au/dataset/asgsed3/SAL/14267","SHAPE_Leng":0.0989773050433,"SHAPE_Area":0.000358490999959}},
{"type":"Feature","geometry":{"type":"Polygon","coordinates":[[[151.0808,-33.803],[151.0752,-33.8038],[151.0733,-33.7988],[151.0704,-33.7996],[151.0682,-33.7963],[151.0654,-33.7968],[151.0661,-33.8025],[151.0705,-33.8071],[151.072,-33.8073],[151.0767,-33.8163],[151.0817,-33.8148],[151.0883,-33.8149],[151.0906,-33.8113],[151.095,-33.8141],[151.103,-33.8073],[151.1023,-33.8042],[151.1,-33.8026],[151.0967,-33.8042],[151.0938,-33.8023],[151.0901,-33.8024],[151.0832,-33.8041],[151.0808,-33.803]]]},"properties":{"SAL_CODE21":"14268","SAL_NAME21":"West Ryde","STE_CODE21":"1","STE_NAME21":"New South Wales","AUS_CODE21":"AUS","AUS_NAME21":"Australia","AREASQKM21":3.566,"LOCI_URI21":"http://linked.data.gov.au/dataset/asgsed3/SAL/14268","SHAPE_Leng":0.11990934675,"SHAPE_Area":0.000347167516425}},
{"type":"Feature","geometry":{"type":"Polygon","coordinates":[[[151.0581,-33.7192],[151.0591,-33.7209],[151.0637,-33.7231],[151.0705,-33.7244],[151.0717,-33.7213],[151.0759,-33.7227],[151.0779,-33.7205],[151.08,-33.7112],[151.0797,-33.7053],[151.0819,-33.6937],[151.0774,-33.6961],[151.0724,-33.7007],[151.0671,-33.704],[151.0671,-33.7094],[151.0626,-33.7122],[151.0581,-33.7192]]]},"properties":{"SAL_CODE21":"14277","SAL_NAME21":"Westleigh","STE_CODE21":"1","STE_NAME21":"New South Wales","AUS_CODE21":"AUS","AUS_NAME21":"Australia","AREASQKM21":3.821,"LOCI_URI21":"http://linked.data.gov.au/dataset/asgsed3/SAL/14277","SHAPE_Leng":0.102506895382,"SHAPE_Area":0.000371625683478}},
{"type":"Feature","geometry":{"type":"Polygon","coordinates":[[[150.9936,-33.8185],[150.994,-33.8151],[150.99,-33.8109],[150.9957,-33.8034],[150.999,-33.804],[150.9957,-33.8008],[150.9962,-33.7989],[150.9896,-33.7991],[150.9809,-33.8003],[150.9763,-33.8053],[150.9749,-33.8079],[150.9796,-33.8086],[150.978,-33.8167],[150.9817,-33.8186],[150.9833,-33.8192],[150.9936,-33.8185]]]},"properties":{"SAL_CODE21":"14278","SAL_NAME21":"Westmead","STE_CODE21":"1","STE_NAME21":"New South Wales","AUS_CODE21":"AUS","AUS_NAME21":"Australia","AREASQKM21":2.9256,"LOCI_URI21":"http://linked.data.gov.au/dataset/asgsed3/SAL/14278","SHAPE_Leng":0.0985770538799,"SHAPE_Area":0.000284913744715}},
{"type":"Feature","geometry":{"type":"Polygon","coordinates":[[[150.8766,-33.8511],[150.8863,-33.8532],[150.8963,-33.8517],[150.8974,-33.8565],[150.9164,-33.8589],[150.9185,-33.8482],[150.9226,-33.8488],[150.9241,-33.8419],[150.9227,-33.8395],[150.9163,-33.8373],[150.9129,-33.8342],[150.9144,-33.8323],[150.9089,-33.8254],[150.8959,-33.8285],[150.8915,-33.8308],[150.8844,-33.8295],[150.8827,-33.8292],[150.8808,-33.8352],[150.8783,-33.8348],[150.8744,-33.8417],[150.8727,-33.8465],[150.8759,-33.8484],[150.8766,-33.8511]]]},"properties":{"SAL_CODE21":"14281","SAL_NAME21":"Wetherill Park","STE_CODE21":"1","STE_NAME21":"New South Wales","AUS_CODE21":"AUS","AUS_NAME21":"Australia","AREASQKM21":11.2144,"LOCI_URI21":"http://linked.data.gov.au/dataset/asgsed3/SAL/14281","SHAPE_Leng":0.165292340637,"SHAPE_Area":0.00109238141584}},
{"type":"Feature","geometry":{"type":"Polygon","coordinates":[[[150.8093,-33.7479],[150.802,-33.7507],[150.8015,-33.749],[150.7999,-33.752],[150.7951,-33.7517],[150.7922,-33.753],[150.7917,-33.7554],[150.7938,-33.7593],[150.801,-33.7603],[150.8011,-33.7614],[150.8137,-33.7635],[150.8156,-33.7536],[150.8093,-33.7479]]]},"properties":{"SAL_CODE21":"14283","SAL_NAME21":"Whalan","STE_CODE21":"1","STE_NAME21":"New South Wales","AUS_CODE21":"AUS","AUS_NAME21":"Australia","AREASQKM21":2.4294,"LOCI_URI21":"http://linked.data.gov.au/dataset/asgsed3/SAL/14283","SHAPE_Leng":0.0723056101542,"SHAPE_Area":0.000236382542124}},
{"type":"Feature","geometry":{"type":"Polygon","coordinates":[[[151.3395,-33.6183],[151.3336,-33.6163],[151.3318,-33.6129],[151.3326,-33.6082],[151.3354,-33.6073],[151.3303,-33.6067],[151.3282,-33.6133],[151.3298,-33.6172],[151.3319,-33.6172],[151.3395,-33.6183]]]},"properties":{"SAL_CODE21":"14284","SAL_NAME21":"Whale Beach","STE_CODE21":"1","STE_NAME21":"New South Wales","AUS_CODE21":"AUS","AUS_NAME21":"Australia","AREASQKM21":0.4973,"LOCI_URI21":"http://linked.data.gov.au/dataset/asgsed3/SAL/14284","SHAPE_Leng":0.0494776737619,"SHAPE_Area":0.0000483091984896}},
{"type":"Feature","geometry":{"type":"Polygon","coordinates":[[[151.2871,-33.7247],[151.2758,-33.723],[151.277,-33.7255],[151.2767,-33.7308],[151.2779,-33.7338],[151.2823,-33.7324],[151.2859,-33.7307],[151.2871,-33.7247]]]},"properties":{"SAL_CODE21":"14285","SAL_NAME21":"Wheeler Heights","STE_CODE21":"1","STE_NAME21":"New South Wales","AUS_CODE21":"AUS","AUS_NAME21":"Australia","AREASQKM21":0.852,"LOCI_URI21":"http://linked.data.gov.au/dataset/asgsed3/SAL/14285","SHAPE_Leng":0.0414630121036,"SHAPE_Area":0.0000828865131217}},
{"type":"Feature","geometry":{"type":"Polygon","coordinates":[[[150.633,-33.4878],[150.6328,-33.4984],[150.6306,-33.5012],[150.6282,-33.5079],[150.6406,-33.5096],[150.6437,-33.4943],[150.6754,-33.4988],[150.6751,-33.5025],[150.6792,-33.5026],[150.6793,-33.4984],[150.6811,-33.4958],[150.6846,-33.4938],[150.6847,-33.492],[150.6897,-33.4871],[150.6893,-33.4831],[150.6926,-33.481],[150.6911,-33.4792],[150.6934,-33.476],[150.697,-33.4741],[150.6939,-33.4696],[150.6952,-33.4667],[150.6983,-33.4653],[150.7024,-33.4606],[150.7082,-33.4587],[150.7128,-33.463],[150.717,-33.4579],[150.717,-33.4554],[150.7247,-33.4523],[150.7283,-33.4541],[150.7369,-33.4566],[150.7414,-33.4595],[150.7436,-33.4637],[150.7489,-33.4598],[150.7517,-33.4601],[150.7511,-33.4635],[150.7567,-33.4643],[150.7586,-33.4684],[150.7601,-33.4717],[150.767,-33.4726],[150.7855,-33.4597],[150.7921,-33.4607],[150.7926,-33.4583],[150.8045,-33.4599],[150.8073,-33.446],[150.8104,-33.4464],[150.812,-33.4383],[150.8152,-33.4382],[150.817,-33.4321],[150.8252,-33.4344],[150.827,-33.4319],[150.8138,-33.425],[150.8094,-33.4246],[150.8071,-33.4279],[150.801,-33.4248],[150.7965,-33.4304],[150.7951,-33.4307],[150.7936,-33.4385],[150.7853,-33.4378],[150.776,-33.4365],[150.777,-33.4293],[150.7726,-33.4263],[150.7684,-33.4267],[150.7687,-33.4291],[150.7618,-33.434],[150.7566,-33.4351],[150.7512,-33.4377],[150.7475,-33.436],[150.7455,-33.4373],[150.7422,-33.4362],[150.7384,-33.4366],[150.7323,-33.4364],[150.7281,-33.4323],[150.7163,-33.4422],[150.7099,-33.4415],[150.6986,-33.4425],[150.6865,-33.4476],[150.6809,-33.4483],[150.6743,-33.4502],[150.6625,-33.4512],[150.6551,-33.451],[150.6498,-33.4805],[150.6426,-33.4819],[150.6394,-33.4851],[150.6326,-33.4857],[150.633,-33.4878]]]},"properties":{"SAL_CODE21":"14286","SAL_NAME21":"Wheeny Creek","STE_CODE21":"1","STE_NAME21":"New South Wales","AUS_CODE21":"AUS","AUS_NAME21":"Australia","AREASQKM21":55.4277,"LOCI_URI21":"http://linked.data.gov.au/dataset/asgsed3/SAL/14286","SHAPE_Leng":0.635286528906,"SHAPE_Area":0.00537555403957}},
{"type":"Feature","geometry":{"type":"Polygon","coordinates":[[[150.8893,-33.5422],[150.8818,-33.5469],[150.8762,-33.5458],[150.8736,-33.544],[150.8702,-33.5452],[150.857,-33.5434],[150.8566,-33.5401],[150.8498,-33.5336],[150.8534,-33.5287],[150.8536,-33.5264],[150.8568,-33.5233],[150.8609,-33.5229],[150.8665,-33.5146],[150.867,-33.5116],[150.8618,-33.5147],[150.8518,-33.5114],[150.8513,-33.5068],[150.847,-33.5045],[150.8351,-33.5023],[150.8334,-33.5114],[150.8251,-33.5113],[150.8231,-33.5121],[150.8232,-33.5155],[150.816,-33.5145],[150.8145,-33.5156],[150.814,-33.5231],[150.8168,-33.5253],[150.8249,-33.5286],[150.8291,-33.5292],[150.8281,-33.5342],[150.825,-33.5354],[150.8176,-33.5361],[150.8165,-33.5419],[150.8197,-33.5424],[150.8209,-33.5453],[150.8198,-33.5507],[150.8217,-33.5602],[150.8255,-33.5608],[150.8295,-33.5634],[150.8274,-33.5654],[150.8278,-33.5688],[150.8317,-33.5693],[150.8304,-33.5734],[150.8317,-33.5853],[150.8315,-33.5887],[150.8299,-33.5917],[150.8194,-33.597],[150.8229,-33.6029],[150.833,-33.5982],[150.8373,-33.5961],[150.8392,-33.5923],[150.8374,-33.5886],[150.8367,-33.5827],[150.8383,-33.5726],[150.8396,-33.5703],[150.8482,-33.5681],[150.8587,-33.5669],[150.8626,-33.5661],[150.8681,-33.5623],[150.8724,-33.5568],[150.8782,-33.5568],[150.8755,-33.5615],[150.8748,-33.5654],[150.876,-33.5678],[150.8812,-33.5682],[150.8887,-33.5666],[150.8906,-33.5651],[150.8888,-33.559],[150.8891,-33.5553],[150.892,-33.5524],[150.8931,-33.5486],[150.8893,-33.5422]]]},"properties":{"SAL_CODE21":"14305","SAL_NAME21":"Wilberforce (NSW)","STE_CODE21":"1","STE_NAME21":"New South Wales","AUS_CODE21":"AUS","AUS_NAME21":"Australia","AREASQKM21":32.1025,"LOCI_URI21":"http://linked.data.gov.au/dataset/asgsed3/SAL/14305","SHAPE_Leng":0.443960098582,"SHAPE_Area":0.00311644142786}},
{"type":"Feature","geometry":{"type":"Polygon","coordinates":[[[151.0651,-33.9175],[151.0603,-33.9227],[151.0643,-33.9311],[151.0759,-33.9287],[151.0718,-33.9215],[151.0705,-33.9211],[151.0675,-33.9157],[151.0651,-33.9175]]]},"properties":{"SAL_CODE21":"14310","SAL_NAME21":"Wiley Park","STE_CODE21":"1","STE_NAME21":"New South Wales","AUS_CODE21":"AUS","AUS_NAME21":"Australia","AREASQKM21":1.3622,"LOCI_URI21":"http://linked.data.gov.au/dataset/asgsed3/SAL/14310","SHAPE_Leng":0.0540956976683,"SHAPE_Area":0.000132792867438}},
{"type":"Feature","geometry":{"type":"Polygon","coordinates":[[[150.7946,-33.7301],[150.8,-33.7248],[150.8013,-33.7222],[150.782,-33.7198],[150.7946,-33.7301]]]},"properties":{"SAL_CODE21":"14319","SAL_NAME21":"Willmot","STE_CODE21":"1","STE_NAME21":"New South Wales","AUS_CODE21":"AUS","AUS_NAME21":"Australia","AREASQKM21":0.9148,"LOCI_URI21":"http://linked.data.gov.au/dataset/asgsed3/SAL/14319","SHAPE_Leng":0.0471353695548,"SHAPE_Area":0.0000889881133912}},
{"type":"Feature","geometry":{"type":"Polygon","coordinates":[[[151.1938,-33.8126],[151.2056,-33.8134],[151.2043,-33.8114],[151.2051,-33.8065],[151.2091,-33.8054],[151.2116,-33.8024],[151.2035,-33.8025],[151.2029,-33.8011],[151.1944,-33.7998],[151.1915,-33.802],[151.1938,-33.8027],[151.1927,-33.8081],[151.1938,-33.8126]]]},"properties":{"SAL_CODE21":"14320","SAL_NAME21":"Willoughby (NSW)","STE_CODE21":"1","STE_NAME21":"New South Wales","AUS_CODE21":"AUS","AUS_NAME21":"Australia","AREASQKM21":1.6277,"LOCI_URI21":"http://linked.data.gov.au/dataset/asgsed3/SAL/14320","SHAPE_Leng":0.0683058851537,"SHAPE_Area":0.00015845607068}},
{"type":"Feature","geometry":{"type":"Polygon","coordinates":[[[151.2095,-33.7976],[151.2082,-33.7947],[151.201,-33.7969],[151.2029,-33.8011],[151.2035,-33.8025],[151.2116,-33.8024],[151.2095,-33.7976]]]},"properties":{"SAL_CODE21":"14321","SAL_NAME21":"Willoughby East","STE_CODE21":"1","STE_NAME21":"New South Wales","AUS_CODE21":"AUS","AUS_NAME21":"Australia","AREASQKM21":0.5612,"LOCI_URI21":"http://linked.data.gov.au/dataset/asgsed3/SAL/14321","SHAPE_Leng":0.0302065741582,"SHAPE_Area":0.0000546334908619}},
{"type":"Feature","geometry":{"type":"Polygon","coordinates":[[[150.731,-34.223],[150.7281,-34.2271],[150.7234,-34.2266],[150.7229,-34.2296],[150.7176,-34.2289],[150.7153,-34.2272],[150.7151,-34.2231],[150.7088,-34.2234],[150.7054,-34.2183],[150.7023,-34.2176],[150.7017,-34.2147],[150.694,-34.2103],[150.6904,-34.2112],[150.6886,-34.2093],[150.6951,-34.2028],[150.6902,-34.2009],[150.6899,-34.1988],[150.6938,-34.1961],[150.6902,-34.1907],[150.6898,-34.1873],[150.6825,-34.1854],[150.6793,-34.1834],[150.6735,-34.1849],[150.6688,-34.1868],[150.6679,-34.1893],[150.6697,-34.1957],[150.6655,-34.2003],[150.6572,-34.2043],[150.6521,-34.2055],[150.6482,-34.2053],[150.6424,-34.2063],[150.6398,-34.2055],[150.635,-34.2016],[150.6301,-34.2027],[150.6297,-34.2058],[150.6316,-34.211],[150.629,-34.2136],[150.625,-34.2105],[150.6226,-34.2116],[150.6203,-34.2169],[150.6208,-34.221],[150.6232,-34.2255],[150.6222,-34.2284],[150.6305,-34.2361],[150.6349,-34.2384],[150.6389,-34.2374],[150.6379,-34.2318],[150.6411,-34.2282],[150.6471,-34.227],[150.6483,-34.2285],[150.6476,-34.2331],[150.6491,-34.2344],[150.6612,-34.2353],[150.666,-34.2428],[150.6671,-34.2458],[150.6639,-34.2496],[150.661,-34.2504],[150.6533,-34.2618],[150.6522,-34.2651],[150.6546,-34.268],[150.6532,-34.2745],[150.6486,-34.2819],[150.6414,-34.2953],[150.6404,-34.3027],[150.6384,-34.3104],[150.6346,-34.3196],[150.7389,-34.3363],[150.7348,-34.2979],[150.7325,-34.2933],[150.7234,-34.2877],[150.7187,-34.2858],[150.7212,-34.2758],[150.727,-34.2679],[150.7255,-34.2633],[150.7256,-34.2595],[150.7272,-34.2548],[150.7309,-34.2511],[150.7284,-34.2483],[150.7323,-34.2445],[150.7397,-34.2322],[150.7428,-34.2316],[150.7435,-34.229],[150.7407,-34.227],[150.731,-34.223]]]},"properties":{"SAL_CODE21":"14329","SAL_NAME21":"Wilton (NSW)","STE_CODE21":"1","STE_NAME21":"New South Wales","AUS_CODE21":"AUS","AUS_NAME21":"Australia","AREASQKM21":109.1432,"LOCI_URI21":"http://linked.data.gov.au/dataset/asgsed3/SAL/14329","SHAPE_Leng":0.631078808779,"SHAPE_Area":0.0106829652425}},
{"type":"Feature","geometry":{"type":"Polygon","coordinates":[[[150.8026,-33.6122],[150.8104,-33.6135],[150.8126,-33.6149],[150.8161,-33.62],[150.8228,-33.625],[150.8229,-33.6159],[150.8244,-33.614],[150.8256,-33.6068],[150.8304,-33.6098],[150.8361,-33.6089],[150.8391,-33.6069],[150.8412,-33.6024],[150.8374,-33.5986],[150.833,-33.5982],[150.8229,-33.6029],[150.8171,-33.6048],[150.8142,-33.604],[150.8104,-33.6071],[150.8045,-33.6022],[150.8011,-33.6053],[150.8032,-33.6073],[150.8026,-33.6122]]]},"properties":{"SAL_CODE21":"14343","SAL_NAME21":"Windsor (NSW)","STE_CODE21":"1","STE_NAME21":"New South Wales","AUS_CODE21":"AUS","AUS_NAME21":"Australia","AREASQKM21":4.134,"LOCI_URI21":"http://linked.data.gov.au/dataset/asgsed3/SAL/14343","SHAPE_Leng":0.134813017397,"SHAPE_Area":0.000401599427852}},
{"type":"Feature","geometry":{"type":"Polygon","coordinates":[[[150.8136,-33.671],[150.8134,-33.6676],[150.8178,-33.662],[150.8239,-33.6597],[150.8273,-33.6573],[150.8265,-33.6544],[150.8305,-33.6518],[150.8269,-33.647],[150.8178,-33.6486],[150.8075,-33.6454],[150.7883,-33.6394],[150.7859,-33.6415],[150.786,-33.6416],[150.7917,-33.6492],[150.7964,-33.6602],[150.8085,-33.6736],[150.8124,-33.6776],[150.8191,-33.6758],[150.8148,-33.6733],[150.8136,-33.671]]]},"properties":{"SAL_CODE21":"14344","SAL_NAME21":"Windsor Downs","STE_CODE21":"1","STE_NAME21":"New South Wales","AUS_CODE21":"AUS","AUS_NAME21":"Australia","AREASQKM21":7.5757,"LOCI_URI21":"http://linked.data.gov.au/dataset/asgsed3/SAL/14344","SHAPE_Leng":0.142858725675,"SHAPE_Area":0.000736329284093}},
{"type":"Feature","geometry":{"type":"Polygon","coordinates":[[[150.6328,-33.6631],[150.6243,-33.6619],[150.6241,-33.6631],[150.616,-33.662],[150.6154,-33.6651],[150.6111,-33.6634],[150.6061,-33.6627],[150.6038,-33.6712],[150.6022,-33.674],[150.5959,-33.6737],[150.5945,-33.6807],[150.5907,-33.6802],[150.5862,-33.6866],[150.5884,-33.6887],[150.5927,-33.6893],[150.5933,-33.6927],[150.6011,-33.6937],[150.608,-33.6942],[150.606,-33.6912],[150.6067,-33.6878],[150.6126,-33.6886],[150.6136,-33.6835],[150.6177,-33.684],[150.6188,-33.6791],[150.6342,-33.6812],[150.6362,-33.6713],[150.6333,-33.6723],[150.635,-33.6635],[150.6328,-33.6631]]]},"properties":{"SAL_CODE21":"14352","SAL_NAME21":"Winmalee","STE_CODE21":"1","STE_NAME21":"New South Wales","AUS_CODE21":"AUS","AUS_NAME21":"Australia","AREASQKM21":9.0576,"LOCI_URI21":"http://linked.data.gov.au/dataset/asgsed3/SAL/14352","SHAPE_Leng":0.177890577284,"SHAPE_Area":0.000880576435683}},
{"type":"Feature","geometry":{"type":"Polygon","coordinates":[[[150.9588,-33.7678],[150.9607,-33.7733],[150.9669,-33.7811],[150.9736,-33.7812],[150.977,-33.7849],[150.9794,-33.7848],[150.9829,-33.7853],[150.9855,-33.7884],[150.9891,-33.7843],[150.9918,-33.7835],[150.9928,-33.7805],[150.9969,-33.7816],[151.0011,-33.7758],[151.001,-33.7712],[150.9976,-33.7723],[150.9951,-33.769],[150.9821,-33.7723],[150.9754,-33.773],[150.9715,-33.7723],[150.9665,-33.7694],[150.9641,-33.7658],[150.9617,-33.7652],[150.9588,-33.7678]]]},"properties":{"SAL_CODE21":"14353","SAL_NAME21":"Winston Hills","STE_CODE21":"1","STE_NAME21":"New South Wales","AUS_CODE21":"AUS","AUS_NAME21":"Australia","AREASQKM21":4.7387,"LOCI_URI21":"http://linked.data.gov.au/dataset/asgsed3/SAL/14353","SHAPE_Leng":0.121685472029,"SHAPE_Area":0.000461302147227}},
{"type":"Feature","geometry":{"type":"Polygon","coordinates":[[[150.9913,-33.3643],[150.9873,-33.3659],[150.9754,-33.3645],[150.9747,-33.3687],[150.9789,-33.3704],[150.9718,-33.3757],[150.9657,-33.3731],[150.964,-33.3812],[150.9623,-33.3838],[150.9716,-33.3816],[150.9737,-33.3826],[150.9746,-33.3864],[150.9734,-33.3879],[150.9782,-33.3913],[150.9797,-33.3947],[150.9767,-33.4002],[150.9724,-33.403],[150.9686,-33.4068],[150.9611,-33.4122],[150.9528,-33.4134],[150.9511,-33.4168],[150.9534,-33.4243],[150.9615,-33.4253],[150.9634,-33.4266],[150.9669,-33.425],[150.968,-33.4199],[150.9717,-33.4205],[150.9727,-33.4175],[150.9799,-33.4116],[150.9793,-33.4095],[150.9931,-33.4115],[150.9962,-33.4096],[150.997,-33.4059],[151.0031,-33.4069],[151.008,-33.4066],[151.0099,-33.4006],[150.9995,-33.4013],[150.9948,-33.3994],[150.9934,-33.3974],[150.9925,-33.3843],[150.9941,-33.3823],[150.9959,-33.374],[150.9918,-33.3733],[150.9937,-33.3647],[150.9913,-33.3643]]]},"properties":{"SAL_CODE21":"14362","SAL_NAME21":"Wisemans Ferry","STE_CODE21":"1","STE_NAME21":"New South Wales","AUS_CODE21":"AUS","AUS_NAME21":"Australia","AREASQKM21":13.4673,"LOCI_URI21":"http://linked.data.gov.au/dataset/asgsed3/SAL/14362","SHAPE_Leng":0.288380645883,"SHAPE_Area":0.00130515284588}},
{"type":"Feature","geometry":{"type":"Polygon","coordinates":[[[151.1598,-33.9333],[151.1566,-33.9322],[151.1553,-33.9265],[151.155,-33.9262],[151.153,-33.9275],[151.148,-33.9272],[151.1487,-33.9307],[151.1558,-33.9357],[151.1598,-33.9333]]]},"properties":{"SAL_CODE21":"14371","SAL_NAME21":"Wolli Creek","STE_CODE21":"1","STE_NAME21":"New South Wales","AUS_CODE21":"AUS","AUS_NAME21":"Australia","AREASQKM21":0.6614,"LOCI_URI21":"http://linked.data.gov.au/dataset/asgsed3/SAL/14371","SHAPE_Leng":0.0444285925357,"SHAPE_Area":0.0000644749228547}},
{"type":"Feature","geometry":{"type":"Polygon","coordinates":[[[151.1979,-33.8253],[151.1927,-33.828],[151.1892,-33.8312],[151.189,-33.8336],[151.1895,-33.8384],[151.1942,-33.8382],[151.1967,-33.8356],[151.2046,-33.8332],[151.2033,-33.8312],[151.1979,-33.8253]]]},"properties":{"SAL_CODE21":"14377","SAL_NAME21":"Wollstonecraft","STE_CODE21":"1","STE_NAME21":"New South Wales","AUS_CODE21":"AUS","AUS_NAME21":"Australia","AREASQKM21":1.2028,"LOCI_URI21":"http://linked.data.gov.au/dataset/asgsed3/SAL/14377","SHAPE_Leng":0.0625291688327,"SHAPE_Area":0.000117188328387}},
{"type":"Feature","geometry":{"type":"Polygon","coordinates":[[[150.8575,-33.2938],[150.8532,-33.2932],[150.8548,-33.2851],[150.8744,-33.2879],[150.8782,-33.2695],[150.8808,-33.2566],[150.8863,-33.2574],[150.8878,-33.2503],[150.8779,-33.2486],[150.875,-33.2457],[150.8751,-33.2437],[150.8717,-33.2395],[150.869,-33.2312],[150.8657,-33.2265],[150.8618,-33.2274],[150.8594,-33.2259],[150.8537,-33.2265],[150.8519,-33.2232],[150.8452,-33.2233],[150.8502,-33.1949],[150.8448,-33.1976],[150.8386,-33.1959],[150.8328,-33.1961],[150.8294,-33.1979],[150.8259,-33.197],[150.8255,-33.1931],[150.8185,-33.1919],[150.8162,-33.1935],[150.8112,-33.1928],[150.8111,-33.1908],[150.8053,-33.1867],[150.7983,-33.1842],[150.7954,-33.1848],[150.7921,-33.1834],[150.7882,-33.1864],[150.7847,-33.1845],[150.7818,-33.1873],[150.7744,-33.1872],[150.7704,-33.19],[150.7667,-33.1891],[150.7653,-33.1848],[150.7616,-33.1839],[150.759,-33.1805],[150.7555,-33.1841],[150.7494,-33.186],[150.745,-33.1844],[150.7398,-33.1869],[150.7393,-33.1892],[150.736,-33.1914],[150.7285,-33.191],[150.7207,-33.1951],[150.7161,-33.1946],[150.7115,-33.1959],[150.7103,-33.2012],[150.7178,-33.2047],[150.7172,-33.2081],[150.7187,-33.2151],[150.7209,-33.2173],[150.7221,-33.2225],[150.7242,-33.2251],[150.7255,-33.2349],[150.7238,-33.2385],[150.7237,-33.2425],[150.7257,-33.2451],[150.7306,-33.246],[150.7362,-33.2482],[150.7473,-33.2578],[150.7568,-33.2649],[150.7571,-33.267],[150.7655,-33.2669],[150.7698,-33.2674],[150.7724,-33.2704],[150.7726,-33.2729],[150.7802,-33.2729],[150.7829,-33.271],[150.7859,-33.2711],[150.7922,-33.2748],[150.7911,-33.2773],[150.7977,-33.2802],[150.802,-33.2805],[150.8077,-33.2791],[150.8122,-33.2857],[150.817,-33.2865],[150.8173,-33.2892],[150.8239,-33.2907],[150.8271,-33.2906],[150.8287,-33.2927],[150.8331,-33.2908],[150.8351,-33.2877],[150.8379,-33.2892],[150.8384,-33.2928],[150.842,-33.2948],[150.8447,-33.2936],[150.8504,-33.2955],[150.8562,-33.2951],[150.8575,-33.2938]]]},"properties":{"SAL_CODE21":"14386","SAL_NAME21":"Womerah","STE_CODE21":"1","STE_NAME21":"New South Wales","AUS_CODE21":"AUS","AUS_NAME21":"Australia","AREASQKM21":128.0637,"LOCI_URI21":"http://linked.data.gov.au/dataset/asgsed3/SAL/14386","SHAPE_Leng":0.600182053914,"SHAPE_Area":0.0123887294035}},
{"type":"Feature","geometry":{"type":"Polygon","coordinates":[[[151.2285,-33.5301],[151.2314,-33.5231],[151.2329,-33.5143],[151.231,-33.5086],[151.24,-33.504],[151.2416,-33.4989],[151.2471,-33.4966],[151.2488,-33.4945],[151.2562,-33.4935],[151.2596,-33.4903],[151.2627,-33.4914],[151.2575,-33.4968],[151.2538,-33.4967],[151.2449,-33.5004],[151.2443,-33.5056],[151.246,-33.5083],[151.2392,-33.5092],[151.2373,-33.5109],[151.2397,-33.5155],[151.2376,-33.5189],[151.2411,-33.523],[151.2374,-33.5256],[151.2379,-33.5286],[151.2502,-33.5296],[151.2508,-33.5258],[151.255,-33.5263],[151.2548,-33.522],[151.257,-33.5176],[151.2573,-33.51],[151.2712,-33.5001],[151.272,-33.4969],[151.2783,-33.4946],[151.2804,-33.4912],[151.2825,-33.4907],[151.2784,-33.4874],[151.2723,-33.4841],[151.2664,-33.4762],[151.2594,-33.4782],[151.2553,-33.4784],[151.2511,-33.4768],[151.2485,-33.4745],[151.2419,-33.4717],[151.2387,-33.4728],[151.2418,-33.472],[151.2474,-33.4768],[151.2477,-33.4794],[151.2418,-33.479],[151.2409,-33.4776],[151.2345,-33.4778],[151.235,-33.4807],[151.2315,-33.4823],[151.2277,-33.4812],[151.2202,-33.4826],[151.2152,-33.478],[151.214,-33.4841],[151.2152,-33.4879],[151.2112,-33.4881],[151.2075,-33.4833],[151.2018,-33.4914],[151.1994,-33.4937],[151.2003,-33.4967],[151.2042,-33.498],[151.2007,-33.5014],[151.2043,-33.5031],[151.2042,-33.5079],[151.2074,-33.5082],[151.2088,-33.5122],[151.2116,-33.5143],[151.2119,-33.519],[151.2104,-33.5212],[151.2121,-33.5207],[151.2182,-33.5223],[151.2191,-33.5172],[151.2276,-33.518],[151.2271,-33.522],[151.2307,-33.5225],[151.2285,-33.5301]]]},"properties":{"SAL_CODE21":"14389","SAL_NAME21":"Wondabyne","STE_CODE21":"1","STE_NAME21":"New South Wales","AUS_CODE21":"AUS","AUS_NAME21":"Australia","AREASQKM21":24.7867,"LOCI_URI21":"http://linked.data.gov.au/dataset/asgsed3/SAL/14389","SHAPE_Leng":0.500418247653,"SHAPE_Area":0.00240496488581}},
{"type":"Feature","geometry":{"type":"Polygon","coordinates":[[[150.8286,-34.0475],[150.8295,-34.0455],[150.8294,-34.0424],[150.8265,-34.0374],[150.8242,-34.0324],[150.8237,-34.0372],[150.8216,-34.043],[150.8154,-34.0498],[150.8082,-34.0533],[150.8116,-34.0571],[150.8183,-34.0553],[150.8208,-34.0523],[150.8259,-34.0484],[150.8286,-34.0475]]]},"properties":{"SAL_CODE21":"14396","SAL_NAME21":"Woodbine (NSW)","STE_CODE21":"1","STE_NAME21":"New South Wales","AUS_CODE21":"AUS","AUS_NAME21":"Australia","AREASQKM21":1.6143,"LOCI_URI21":"http://linked.data.gov.au/dataset/asgsed3/SAL/14396","SHAPE_Leng":0.0763428284947,"SHAPE_Area":0.00015761721432}},
{"type":"Feature","geometry":{"type":"Polygon","coordinates":[[[150.8873,-33.7522],[150.8798,-33.7473],[150.8775,-33.7458],[150.874,-33.7634],[150.8851,-33.7646],[150.8873,-33.7522]]]},"properties":{"SAL_CODE21":"14399","SAL_NAME21":"Woodcroft (NSW)","STE_CODE21":"1","STE_NAME21":"New South Wales","AUS_CODE21":"AUS","AUS_NAME21":"Australia","AREASQKM21":1.693,"LOCI_URI21":"http://linked.data.gov.au/dataset/asgsed3/SAL/14399","SHAPE_Leng":0.0541372719061,"SHAPE_Area":0.000164722226339}},
{"type":"Feature","geometry":{"type":"Polygon","coordinates":[[[150.4984,-33.7254],[150.4888,-33.7235],[150.4861,-33.7231],[150.483,-33.7264],[150.4899,-33.7274],[150.4877,-33.7293],[150.4825,-33.7285],[150.482,-33.7307],[150.4781,-33.7307],[150.4761,-33.7291],[150.4775,-33.7227],[150.472,-33.7219],[150.4705,-33.7281],[150.4625,-33.7317],[150.4599,-33.745],[150.4673,-33.746],[150.4668,-33.7519],[150.4707,-33.7525],[150.4715,-33.7489],[150.4744,-33.7483],[150.4812,-33.7493],[150.4807,-33.7529],[150.4859,-33.7536],[150.4862,-33.7501],[150.4892,-33.7505],[150.4926,-33.7343],[150.4941,-33.7304],[150.4977,-33.7288],[150.4984,-33.7254]]]},"properties":{"SAL_CODE21":"14401","SAL_NAME21":"Woodford (NSW)","STE_CODE21":"1","STE_NAME21":"New South Wales","AUS_CODE21":"AUS","AUS_NAME21":"Australia","AREASQKM21":7.227,"LOCI_URI21":"http://linked.data.gov.au/dataset/asgsed3/SAL/14401","SHAPE_Leng":0.180847192082,"SHAPE_Area":0.000703109210224}},
{"type":"Feature","geometry":{"type":"Polygon","coordinates":[[[150.9659,-33.8411],[150.9617,-33.8386],[150.958,-33.838],[150.9562,-33.8434],[150.9605,-33.8442],[150.9627,-33.8447],[150.9638,-33.8408],[150.9659,-33.8411]]]},"properties":{"SAL_CODE21":"14408","SAL_NAME21":"Woodpark","STE_CODE21":"1","STE_NAME21":"New South Wales","AUS_CODE21":"AUS","AUS_NAME21":"Australia","AREASQKM21":0.3866,"LOCI_URI21":"http://linked.data.gov.au/dataset/asgsed3/SAL/14408","SHAPE_Leng":0.0281397333352,"SHAPE_Area":0.0000376451893755}},
{"type":"Feature","geometry":{"type":"Polygon","coordinates":[[[151.2476,-33.886],[151.2463,-33.8837],[151.2422,-33.8809],[151.2375,-33.883],[151.2376,-33.8848],[151.2337,-33.8896],[151.2373,-33.8907],[151.2409,-33.8899],[151.2482,-33.8905],[151.2562,-33.8894],[151.2564,-33.8876],[151.2476,-33.886]]]},"properties":{"SAL_CODE21":"14422","SAL_NAME21":"Woollahra","STE_CODE21":"1","STE_NAME21":"New South Wales","AUS_CODE21":"AUS","AUS_NAME21":"Australia","AREASQKM21":1.2307,"LOCI_URI21":"http://linked.data.gov.au/dataset/asgsed3/SAL/14422","SHAPE_Leng":0.066493705369,"SHAPE_Area":0.000119929288128}},
{"type":"Feature","geometry":{"type":"Polygon","coordinates":[[[151.2214,-33.8751],[151.2213,-33.8691],[151.22,-33.8659],[151.2184,-33.8702],[151.2145,-33.874],[151.2214,-33.8751]]]},"properties":{"SAL_CODE21":"14424","SAL_NAME21":"Woolloomooloo","STE_CODE21":"1","STE_NAME21":"New South Wales","AUS_CODE21":"AUS","AUS_NAME21":"Australia","AREASQKM21":0.3722,"LOCI_URI21":"http://linked.data.gov.au/dataset/asgsed3/SAL/14424","SHAPE_Leng":0.0389972966195,"SHAPE_Area":0.0000362645352929}},
{"type":"Feature","geometry":{"type":"Polygon","coordinates":[[[151.1443,-34.0522],[151.1455,-34.0405],[151.1479,-34.0389],[151.1479,-34.0388],[151.1374,-34.0369],[151.1368,-34.0362],[151.1344,-34.0385],[151.1329,-34.0457],[151.1331,-34.0502],[151.1361,-34.0523],[151.1404,-34.053],[151.1443,-34.0522]]]},"properties":{"SAL_CODE21":"14428","SAL_NAME21":"Woolooware","STE_CODE21":"1","STE_NAME21":"New South Wales","AUS_CODE21":"AUS","AUS_NAME21":"Australia","AREASQKM21":1.8599,"LOCI_URI21":"http://linked.data.gov.au/dataset/asgsed3/SAL/14428","SHAPE_Leng":0.0757343095933,"SHAPE_Area":0.000181587790154}},
{"type":"Feature","geometry":{"type":"MultiPolygon","coordinates":[[[[151.1658,-33.8427],[151.168,-33.8436],[151.1746,-33.8423],[151.1735,-33.8391],[151.1773,-33.8384],[151.1775,-33.8352],[151.1698,-33.8393],[151.1665,-33.8384],[151.1658,-33.8427]]],[[[151.1741,-33.8459],[151.1693,-33.8466],[151.1694,-33.849],[151.1752,-33.8486],[151.1741,-33.8459]]]]},"properties":{"SAL_CODE21":"14430","SAL_NAME21":"Woolwich","STE_CODE21":"1","STE_NAME21":"New South Wales","AUS_CODE21":"AUS","AUS_NAME21":"Australia","AREASQKM21":0.6987,"LOCI_URI21":"http://linked.data.gov.au/dataset/asgsed3/SAL/14430","SHAPE_Leng":0.0665814842694,"SHAPE_Area":0.000068059883669}},
{"type":"Feature","geometry":{"type":"Polygon","coordinates":[[[151.4733,-33.2283],[151.4657,-33.2318],[151.4631,-33.2337],[151.4577,-33.242],[151.4598,-33.2423],[151.4738,-33.2444],[151.4814,-33.2493],[151.4896,-33.2521],[151.4918,-33.2496],[151.4949,-33.2443],[151.4908,-33.2435],[151.4927,-33.2394],[151.4901,-33.2307],[151.4733,-33.2283]]]},"properties":{"SAL_CODE21":"14433","SAL_NAME21":"Woongarrah","STE_CODE21":"1","STE_NAME21":"New South Wales","AUS_CODE21":"AUS","AUS_NAME21":"Australia","AREASQKM21":5.3232,"LOCI_URI21":"http://linked.data.gov.au/dataset/asgsed3/SAL/14433","SHAPE_Leng":0.101040634645,"SHAPE_Area":0.000514956372449}},
{"type":"Feature","geometry":{"type":"Polygon","coordinates":[[[151.0288,-34.0256],[151.0283,-34.0278],[151.0343,-34.0287],[151.0362,-34.0328],[151.0416,-34.034],[151.0484,-34.0262],[151.0539,-34.0227],[151.0505,-34.02],[151.0498,-34.0206],[151.0477,-34.0142],[151.0456,-34.015],[151.0416,-34.0172],[151.0441,-34.0229],[151.0407,-34.0245],[151.0345,-34.0237],[151.0288,-34.0256]]]},"properties":{"SAL_CODE21":"14438","SAL_NAME21":"Woronora","STE_CODE21":"1","STE_NAME21":"New South Wales","AUS_CODE21":"AUS","AUS_NAME21":"Australia","AREASQKM21":1.8813,"LOCI_URI21":"http://linked.data.gov.au/dataset/asgsed3/SAL/14438","SHAPE_Leng":0.129466399377,"SHAPE_Area":0.000183643103842}},
{"type":"Feature","geometry":{"type":"Polygon","coordinates":[[[151.0211,-34.0281],[151.0181,-34.0327],[151.0201,-34.0358],[151.0163,-34.0379],[151.0139,-34.0409],[151.0247,-34.0424],[151.0303,-34.0393],[151.0342,-34.0388],[151.0378,-34.0361],[151.0404,-34.0361],[151.0426,-34.0353],[151.0416,-34.034],[151.0362,-34.0328],[151.0343,-34.0287],[151.0283,-34.0278],[151.0288,-34.0256],[151.0235,-34.0257],[151.0211,-34.0281]]]},"properties":{"SAL_CODE21":"14440","SAL_NAME21":"Woronora Heights","STE_CODE21":"1","STE_NAME21":"New South Wales","AUS_CODE21":"AUS","AUS_NAME21":"Australia","AREASQKM21":2.5994,"LOCI_URI21":"http://linked.data.gov.au/dataset/asgsed3/SAL/14440","SHAPE_Leng":0.0845989864418,"SHAPE_Area":0.000253758091181}},
{"type":"Feature","geometry":{"type":"Polygon","coordinates":[[[151.3318,-33.5006],[151.3305,-33.4959],[151.332,-33.4923],[151.3364,-33.4858],[151.324,-33.4832],[151.3235,-33.4851],[151.3156,-33.4914],[151.3116,-33.4919],[151.3082,-33.4953],[151.3044,-33.4969],[151.2996,-33.4958],[151.2969,-33.4963],[151.2989,-33.4885],[151.3012,-33.4889],[151.3052,-33.4853],[151.3001,-33.4855],[151.2966,-33.4825],[151.2872,-33.4862],[151.2838,-33.4882],[151.2825,-33.4907],[151.2804,-33.4912],[151.2783,-33.4946],[151.272,-33.4969],[151.2712,-33.5001],[151.2573,-33.51],[151.257,-33.5176],[151.2548,-33.522],[151.255,-33.5263],[151.254,-33.5321],[151.2602,-33.533],[151.2636,-33.5312],[151.2656,-33.5283],[151.2709,-33.5259],[151.2733,-33.5197],[151.2779,-33.5189],[151.2783,-33.5162],[151.2882,-33.5142],[151.2913,-33.5147],[151.2935,-33.5096],[151.2951,-33.5018],[151.3002,-33.5033],[151.3057,-33.5051],[151.3245,-33.5069],[151.326,-33.5009],[151.3318,-33.5006]]]},"properties":{"SAL_CODE21":"14443","SAL_NAME21":"Woy Woy","STE_CODE21":"1","STE_NAME21":"New South Wales","AUS_CODE21":"AUS","AUS_NAME21":"Australia","AREASQKM21":15.9835,"LOCI_URI21":"http://linked.data.gov.au/dataset/asgsed3/SAL/14443","SHAPE_Leng":0.288847290071,"SHAPE_Area":0.00155095999662}},
{"type":"Feature","geometry":{"type":"Polygon","coordinates":[[[151.2838,-33.4882],[151.2872,-33.4862],[151.2966,-33.4825],[151.3001,-33.4855],[151.3052,-33.4853],[151.315,-33.4854],[151.3157,-33.4874],[151.3176,-33.4847],[151.3154,-33.483],[151.3069,-33.4812],[151.3018,-33.4745],[151.3071,-33.4764],[151.3123,-33.4717],[151.3134,-33.4772],[151.3175,-33.4796],[151.3184,-33.4753],[151.3148,-33.4747],[151.3161,-33.4689],[151.3113,-33.4683],[151.3121,-33.4638],[151.3089,-33.461],[151.3067,-33.4568],[151.3053,-33.4575],[151.2964,-33.4569],[151.2909,-33.4529],[151.2862,-33.4555],[151.2812,-33.4618],[151.2864,-33.4638],[151.2861,-33.4665],[151.288,-33.4707],[151.289,-33.476],[151.2857,-33.4758],[151.2815,-33.4779],[151.2831,-33.4829],[151.2824,-33.4875],[151.2838,-33.4882]]]},"properties":{"SAL_CODE21":"14444","SAL_NAME21":"Woy Woy Bay","STE_CODE21":"1","STE_NAME21":"New South Wales","AUS_CODE21":"AUS","AUS_NAME21":"Australia","AREASQKM21":7.7133,"LOCI_URI21":"http://linked.data.gov.au/dataset/asgsed3/SAL/14444","SHAPE_Leng":0.219079948618,"SHAPE_Area":0.000748159292162}},
{"type":"Feature","geometry":{"type":"Polygon","coordinates":[[[151.0016,-33.3503],[151.0124,-33.3492],[151.0152,-33.3535],[151.0184,-33.3536],[151.0238,-33.3513],[151.0243,-33.3498],[151.0312,-33.3508],[151.0395,-33.347],[151.042,-33.3437],[151.0444,-33.3442],[151.0515,-33.3409],[151.0564,-33.3431],[151.0644,-33.3419],[151.0668,-33.3398],[151.0658,-33.3352],[151.07,-33.333],[151.0746,-33.3343],[151.0785,-33.3143],[151.0824,-33.3149],[151.0835,-33.3094],[151.0936,-33.3108],[151.0921,-33.3073],[151.0952,-33.3031],[151.0936,-33.2958],[151.0953,-33.2915],[151.0933,-33.2897],[151.0941,-33.2858],[151.0898,-33.2807],[151.0915,-33.2778],[151.0897,-33.2751],[151.09,-33.2685],[151.0942,-33.2639],[151.0946,-33.2619],[151.0982,-33.2571],[151.0997,-33.2532],[151.0985,-33.2499],[151.0992,-33.2473],[151.1004,-33.2416],[151.1068,-33.2312],[151.089,-33.2329],[151.0761,-33.2429],[151.0389,-33.2756],[151.0243,-33.2795],[151.0059,-33.2938],[150.9988,-33.2976],[150.9921,-33.2967],[150.9918,-33.2984],[150.9872,-33.2995],[150.9855,-33.3079],[150.9719,-33.3059],[150.9707,-33.311],[150.9757,-33.3124],[150.9726,-33.3158],[150.9789,-33.3234],[150.9851,-33.3207],[150.9873,-33.3234],[150.9925,-33.3262],[150.9902,-33.335],[150.9938,-33.3421],[150.9967,-33.3463],[151,-33.3478],[151.0016,-33.3503]]]},"properties":{"SAL_CODE21":"14447","SAL_NAME21":"Wrights Creek (NSW)","STE_CODE21":"1","STE_NAME21":"New South Wales","AUS_CODE21":"AUS","AUS_NAME21":"Australia","AREASQKM21":80.3622,"LOCI_URI21":"http://linked.data.gov.au/dataset/asgsed3/SAL/14447","SHAPE_Leng":0.493661979703,"SHAPE_Area":0.00777991473526}},
{"type":"Feature","geometry":{"type":"Polygon","coordinates":[[[151.5898,-33.1847],[151.5951,-33.1967],[151.5999,-33.1993],[151.6018,-33.2016],[151.6028,-33.2067],[151.6041,-33.2076],[151.6121,-33.2021],[151.6162,-33.2023],[151.622,-33.1975],[151.6253,-33.1977],[151.6218,-33.1971],[151.6198,-33.1944],[151.6153,-33.1926],[151.6067,-33.1825],[151.6068,-33.1785],[151.6006,-33.1783],[151.5924,-33.1825],[151.5898,-33.1847]]]},"properties":{"SAL_CODE21":"14455","SAL_NAME21":"Wybung","STE_CODE21":"1","STE_NAME21":"New South Wales","AUS_CODE21":"AUS","AUS_NAME21":"Australia","AREASQKM21":4.9772,"LOCI_URI21":"http://linked.data.gov.au/dataset/asgsed3/SAL/14455","SHAPE_Leng":0.11007156837,"SHAPE_Area":0.000481252012428}},
{"type":"Feature","geometry":{"type":"Polygon","coordinates":[[[151.3443,-33.4124],[151.3631,-33.415],[151.3687,-33.4181],[151.3724,-33.4187],[151.3734,-33.4148],[151.3788,-33.4156],[151.3821,-33.3996],[151.3808,-33.3993],[151.3789,-33.3988],[151.373,-33.4008],[151.3742,-33.395],[151.37,-33.3924],[151.361,-33.3921],[151.3575,-33.3927],[151.3507,-33.3964],[151.3461,-33.3958],[151.3436,-33.3994],[151.3484,-33.4042],[151.3493,-33.4063],[151.3475,-33.4093],[151.3443,-33.4124]]]},"properties":{"SAL_CODE21":"14463","SAL_NAME21":"Wyoming","STE_CODE21":"1","STE_NAME21":"New South Wales","AUS_CODE21":"AUS","AUS_NAME21":"Australia","AREASQKM21":7.1377,"LOCI_URI21":"http://linked.data.gov.au/dataset/asgsed3/SAL/14463","SHAPE_Leng":0.125340866284,"SHAPE_Area":0.000691851224342}},
{"type":"Feature","geometry":{"type":"Polygon","coordinates":[[[151.4053,-33.2787],[151.4095,-33.2777],[151.4139,-33.2789],[151.4158,-33.2843],[151.4189,-33.2848],[151.4233,-33.2875],[151.4234,-33.2904],[151.4292,-33.2926],[151.4333,-33.2917],[151.4345,-33.297],[151.4379,-33.2987],[151.4426,-33.2958],[151.4503,-33.2882],[151.4529,-33.2855],[151.4552,-33.2865],[151.4528,-33.2845],[151.4488,-33.2866],[151.4464,-33.2794],[151.4516,-33.2761],[151.4545,-33.2714],[151.4556,-33.2631],[151.457,-33.2617],[151.4559,-33.2615],[151.4449,-33.2599],[151.4365,-33.2617],[151.4351,-33.2636],[151.4288,-33.2764],[151.4251,-33.2719],[151.422,-33.274],[151.4177,-33.2697],[151.4197,-33.266],[151.4194,-33.2632],[151.4064,-33.2621],[151.4041,-33.2591],[151.4058,-33.2655],[151.4051,-33.2694],[151.4053,-33.2787]]]},"properties":{"SAL_CODE21":"14464","SAL_NAME21":"Wyong","STE_CODE21":"1","STE_NAME21":"New South Wales","AUS_CODE21":"AUS","AUS_NAME21":"Australia","AREASQKM21":11.4342,"LOCI_URI21":"http://linked.data.gov.au/dataset/asgsed3/SAL/14464","SHAPE_Leng":0.231876602713,"SHAPE_Area":0.00110665831465}},
{"type":"Feature","geometry":{"type":"Polygon","coordinates":[[[151.3936,-33.268],[151.3903,-33.2681],[151.3832,-33.2704],[151.3818,-33.2667],[151.3771,-33.2668],[151.3675,-33.2655],[151.3682,-33.2623],[151.3724,-33.2629],[151.3729,-33.261],[151.3645,-33.2597],[151.3641,-33.2614],[151.3581,-33.2606],[151.3575,-33.2629],[151.3524,-33.2622],[151.3528,-33.26],[151.3451,-33.26],[151.3393,-33.2591],[151.3371,-33.2567],[151.3376,-33.2539],[151.3328,-33.2533],[151.3335,-33.2496],[151.3303,-33.2492],[151.3311,-33.2444],[151.3228,-33.2422],[151.3202,-33.2438],[151.3133,-33.2429],[151.3147,-33.2357],[151.3108,-33.2351],[151.3129,-33.2247],[151.3174,-33.2231],[151.3185,-33.217],[151.3117,-33.216],[151.3119,-33.2148],[151.304,-33.2137],[151.3052,-33.2067],[151.2966,-33.2056],[151.2953,-33.2127],[151.3,-33.2132],[151.2976,-33.2179],[151.2971,-33.2205],[151.3008,-33.2221],[151.297,-33.23],[151.2937,-33.233],[151.2885,-33.232],[151.284,-33.2357],[151.2835,-33.2386],[151.282,-33.2472],[151.2876,-33.2479],[151.2868,-33.2531],[151.3006,-33.2549],[151.3011,-33.252],[151.311,-33.2533],[151.3111,-33.2588],[151.3139,-33.2592],[151.3129,-33.2638],[151.3163,-33.2643],[151.3173,-33.2597],[151.3264,-33.261],[151.3243,-33.2716],[151.3274,-33.272],[151.3267,-33.2755],[151.3243,-33.2767],[151.3189,-33.276],[151.3181,-33.2803],[151.3296,-33.2819],[151.3308,-33.2765],[151.3396,-33.2777],[151.341,-33.2704],[151.343,-33.2696],[151.3493,-33.2704],[151.3486,-33.2741],[151.3454,-33.2737],[151.3438,-33.2769],[151.3469,-33.2774],[151.3462,-33.2809],[151.3586,-33.2827],[151.3593,-33.2793],[151.3635,-33.2781],[151.3721,-33.2791],[151.3734,-33.272],[151.3777,-33.273],[151.377,-33.2776],[151.3822,-33.2796],[151.3804,-33.2894],[151.3767,-33.2889],[151.3752,-33.2967],[151.3788,-33.2972],[151.3812,-33.2941],[151.3919,-33.2902],[151.3937,-33.282],[151.3973,-33.2744],[151.4009,-33.2756],[151.4001,-33.271],[151.3972,-33.2679],[151.3936,-33.268]]]},"properties":{"SAL_CODE21":"14465","SAL_NAME21":"Wyong Creek","STE_CODE21":"1","STE_NAME21":"New South Wales","AUS_CODE21":"AUS","AUS_NAME21":"Australia","AREASQKM21":27.0837,"LOCI_URI21":"http://linked.data.gov.au/dataset/asgsed3/SAL/14465","SHAPE_Leng":0.569516391839,"SHAPE_Area":0.00262064642337}},
{"type":"Feature","geometry":{"type":"Polygon","coordinates":[[[151.4773,-33.272],[151.4776,-33.276],[151.4852,-33.277],[151.4892,-33.2769],[151.491,-33.2766],[151.4913,-33.2687],[151.4939,-33.2643],[151.4886,-33.2641],[151.4874,-33.2694],[151.4845,-33.2694],[151.4838,-33.2728],[151.4773,-33.272]]]},"properties":{"SAL_CODE21":"14466","SAL_NAME21":"Wyongah","STE_CODE21":"1","STE_NAME21":"New South Wales","AUS_CODE21":"AUS","AUS_NAME21":"Australia","AREASQKM21":1.0683,"LOCI_URI21":"http://linked.data.gov.au/dataset/asgsed3/SAL/14466","SHAPE_Leng":0.0584539068106,"SHAPE_Area":0.000103391671067}},
{"type":"Feature","geometry":{"type":"Polygon","coordinates":[[[151.0377,-33.9038],[151.0379,-33.8991],[151.0386,-33.8919],[151.0358,-33.8946],[151.035,-33.8987],[151.0261,-33.8976],[151.0204,-33.8976],[151.0138,-33.8966],[151.0081,-33.8986],[151.0072,-33.8984],[151.0044,-33.9117],[151.0048,-33.9121],[151.0031,-33.9165],[151.0116,-33.9159],[151.0138,-33.9104],[151.0268,-33.9122],[151.0324,-33.9072],[151.037,-33.906],[151.0377,-33.9038]]]},"properties":{"SAL_CODE21":"14471","SAL_NAME21":"Yagoona","STE_CODE21":"1","STE_NAME21":"New South Wales","AUS_CODE21":"AUS","AUS_NAME21":"Australia","AREASQKM21":4.6181,"LOCI_URI21":"http://linked.data.gov.au/dataset/asgsed3/SAL/14471","SHAPE_Leng":0.132517668377,"SHAPE_Area":0.000450084730953}},
{"type":"Feature","geometry":{"type":"Polygon","coordinates":[[[150.5651,-34.3109],[150.5624,-34.3115],[150.5657,-34.3234],[150.5603,-34.3244],[150.5621,-34.3312],[150.581,-34.3175],[150.5834,-34.3143],[150.583,-34.309],[150.5776,-34.3087],[150.5651,-34.3109]]]},"properties":{"SAL_CODE21":"14479","SAL_NAME21":"Yanderra","STE_CODE21":"1","STE_NAME21":"New South Wales","AUS_CODE21":"AUS","AUS_NAME21":"Australia","AREASQKM21":2.7434,"LOCI_URI21":"http://linked.data.gov.au/dataset/asgsed3/SAL/14479","SHAPE_Leng":0.0794067509405,"SHAPE_Area":0.000268705117051}},
{"type":"Feature","geometry":{"type":"Polygon","coordinates":[[[151.2238,-33.1859],[151.2231,-33.1897],[151.2158,-33.1887],[151.2148,-33.194],[151.21,-33.1948],[151.2083,-33.2036],[151.2158,-33.2047],[151.2152,-33.2083],[151.2254,-33.2098],[151.2242,-33.2156],[151.2346,-33.2171],[151.2362,-33.2094],[151.2398,-33.2152],[151.247,-33.2161],[151.2504,-33.2182],[151.2584,-33.2193],[151.255,-33.2352],[151.2748,-33.2378],[151.2835,-33.2386],[151.284,-33.2357],[151.2885,-33.232],[151.2937,-33.233],[151.297,-33.23],[151.3008,-33.2221],[151.2971,-33.2205],[151.2976,-33.2179],[151.2962,-33.2165],[151.2867,-33.2152],[151.2885,-33.2055],[151.2839,-33.2049],[151.2864,-33.1984],[151.2808,-33.1976],[151.2801,-33.1962],[151.2807,-33.2],[151.2702,-33.2],[151.2654,-33.1991],[151.2562,-33.1922],[151.2493,-33.193],[151.244,-33.1923],[151.2448,-33.1874],[151.2402,-33.184],[151.2238,-33.1859]]]},"properties":{"SAL_CODE21":"14493","SAL_NAME21":"Yarramalong","STE_CODE21":"1","STE_NAME21":"New South Wales","AUS_CODE21":"AUS","AUS_NAME21":"Australia","AREASQKM21":25.7939,"LOCI_URI21":"http://linked.data.gov.au/dataset/asgsed3/SAL/14493","SHAPE_Leng":0.306187555524,"SHAPE_Area":0.00249456879429}},
{"type":"Feature","geometry":{"type":"Polygon","coordinates":[[[150.6958,-33.6096],[150.6912,-33.6124],[150.6822,-33.6156],[150.6769,-33.616],[150.6695,-33.6141],[150.6608,-33.6145],[150.652,-33.6169],[150.6444,-33.6199],[150.6409,-33.6203],[150.6358,-33.6191],[150.628,-33.615],[150.6239,-33.6158],[150.6211,-33.6141],[150.616,-33.6141],[150.6068,-33.6594],[150.6061,-33.6627],[150.6111,-33.6634],[150.6154,-33.6651],[150.616,-33.662],[150.6241,-33.6631],[150.6243,-33.6619],[150.6328,-33.6631],[150.6337,-33.6587],[150.6576,-33.6617],[150.6549,-33.6697],[150.6534,-33.6772],[150.6536,-33.6847],[150.659,-33.6855],[150.6579,-33.677],[150.6608,-33.6697],[150.6671,-33.6664],[150.6679,-33.6631],[150.6662,-33.6541],[150.6731,-33.6398],[150.6772,-33.6308],[150.6815,-33.6251],[150.6852,-33.622],[150.6915,-33.6217],[150.6961,-33.6182],[150.6958,-33.6096]]]},"properties":{"SAL_CODE21":"14495","SAL_NAME21":"Yarramundi","STE_CODE21":"1","STE_NAME21":"New South Wales","AUS_CODE21":"AUS","AUS_NAME21":"Australia","AREASQKM21":32.3071,"LOCI_URI21":"http://linked.data.gov.au/dataset/asgsed3/SAL/14495","SHAPE_Leng":0.322274499627,"SHAPE_Area":0.00313965847368}},
{"type":"Feature","geometry":{"type":"Polygon","coordinates":[[[151.0334,-34.0584],[151.04,-34.0558],[151.0377,-34.0517],[151.0362,-34.0467],[151.033,-34.0479],[151.032,-34.0513],[151.0275,-34.0518],[151.0244,-34.0547],[151.026,-34.0599],[151.0334,-34.0584]]]},"properties":{"SAL_CODE21":"14503","SAL_NAME21":"Yarrawarrah","STE_CODE21":"1","STE_NAME21":"New South Wales","AUS_CODE21":"AUS","AUS_NAME21":"Australia","AREASQKM21":1.2438,"LOCI_URI21":"http://linked.data.gov.au/dataset/asgsed3/SAL/14503","SHAPE_Leng":0.0782822197997,"SHAPE_Area":0.000121440382175}},
{"type":"Feature","geometry":{"type":"Polygon","coordinates":[[[151.3599,-33.4666],[151.3591,-33.47],[151.3673,-33.4711],[151.3687,-33.4727],[151.3714,-33.4718],[151.3726,-33.4658],[151.3609,-33.464],[151.3599,-33.4666]]]},"properties":{"SAL_CODE21":"14514","SAL_NAME21":"Yattalunga (NSW)","STE_CODE21":"1","STE_NAME21":"New South Wales","AUS_CODE21":"AUS","AUS_NAME21":"Australia","AREASQKM21":0.7851,"LOCI_URI21":"http://linked.data.gov.au/dataset/asgsed3/SAL/14514","SHAPE_Leng":0.0435556313386,"SHAPE_Area":0.0000761423773903}},
{"type":"Feature","geometry":{"type":"Polygon","coordinates":[[[150.659,-33.6855],[150.6536,-33.6847],[150.6534,-33.6772],[150.6549,-33.6697],[150.6487,-33.6723],[150.6404,-33.6709],[150.6382,-33.6817],[150.6342,-33.6812],[150.6188,-33.6791],[150.6177,-33.684],[150.6136,-33.6835],[150.6126,-33.6886],[150.6067,-33.6878],[150.606,-33.6912],[150.608,-33.6942],[150.6011,-33.6937],[150.5991,-33.6982],[150.5983,-33.7029],[150.6005,-33.7039],[150.6075,-33.7049],[150.6102,-33.7079],[150.6106,-33.7124],[150.6167,-33.7135],[150.6216,-33.7135],[150.6232,-33.7119],[150.6457,-33.7151],[150.652,-33.7164],[150.6554,-33.7169],[150.658,-33.7137],[150.659,-33.7059],[150.6586,-33.7024],[150.6598,-33.6929],[150.659,-33.6855]]]},"properties":{"SAL_CODE21":"14520","SAL_NAME21":"Yellow Rock (Blue Mountains - NSW)","STE_CODE21":"1","STE_NAME21":"New South Wales","AUS_CODE21":"AUS","AUS_NAME21":"Australia","AREASQKM21":18.8096,"LOCI_URI21":"http://linked.data.gov.au/dataset/asgsed3/SAL/14520","SHAPE_Leng":0.227666276906,"SHAPE_Area":0.00182913354647}},
{"type":"Feature","geometry":{"type":"Polygon","coordinates":[[[150.963,-33.8691],[150.9699,-33.8684],[150.9803,-33.8698],[150.9789,-33.866],[150.9793,-33.8601],[150.9754,-33.8614],[150.9767,-33.8568],[150.9708,-33.8557],[150.9599,-33.8535],[150.9551,-33.8543],[150.9548,-33.8556],[150.9595,-33.8618],[150.963,-33.8691]]]},"properties":{"SAL_CODE21":"14524","SAL_NAME21":"Yennora","STE_CODE21":"1","STE_NAME21":"New South Wales","AUS_CODE21":"AUS","AUS_NAME21":"Australia","AREASQKM21":2.7387,"LOCI_URI21":"http://linked.data.gov.au/dataset/asgsed3/SAL/14524","SHAPE_Leng":0.0922362375333,"SHAPE_Area":0.000266857751145}},
{"type":"Feature","geometry":{"type":"Polygon","coordinates":[[[150.2471,-34.2259],[150.2541,-34.2252],[150.2592,-34.2192],[150.261,-34.2151],[150.2662,-34.2126],[150.2696,-34.2142],[150.271,-34.2175],[150.2716,-34.2227],[150.2782,-34.2244],[150.2777,-34.2269],[150.2859,-34.2285],[150.2865,-34.2257],[150.287,-34.2233],[150.2918,-34.224],[150.2927,-34.2199],[150.2974,-34.2206],[150.2999,-34.2085],[150.3198,-34.2114],[150.3229,-34.2074],[150.3377,-34.2096],[150.3405,-34.2078],[150.3412,-34.1989],[150.335,-34.198],[150.3389,-34.1795],[150.3371,-34.1793],[150.3407,-34.1611],[150.3263,-34.1592],[150.3265,-34.1666],[150.3277,-34.1696],[150.3221,-34.1738],[150.3205,-34.1686],[150.3199,-34.1566],[150.3188,-34.1532],[150.3283,-34.1408],[150.3341,-34.1371],[150.3394,-34.1351],[150.345,-34.1285],[150.337,-34.1308],[150.3331,-34.1298],[150.3292,-34.1268],[150.3287,-34.1241],[150.3311,-34.1213],[150.3349,-34.1243],[150.3395,-34.1258],[150.3399,-34.1229],[150.3457,-34.1251],[150.3512,-34.1193],[150.3547,-34.1193],[150.3612,-34.1166],[150.3642,-34.1127],[150.3667,-34.1042],[150.3647,-34.1018],[150.3595,-34.105],[150.3574,-34.1014],[150.3598,-34.1005],[150.3361,-34.0971],[150.3333,-34.1096],[150.3003,-34.1051],[150.3015,-34.0987],[150.2892,-34.0926],[150.2857,-34.0884],[150.2773,-34.0874],[150.2759,-34.0951],[150.269,-34.0942],[150.2695,-34.0915],[150.2637,-34.0908],[150.2522,-34.0864],[150.2468,-34.0833],[150.246,-34.086],[150.2427,-34.0867],[150.2388,-34.0842],[150.2331,-34.09],[150.2287,-34.0889],[150.2256,-34.0916],[150.2264,-34.0955],[150.2237,-34.0963],[150.2136,-34.1056],[150.2089,-34.1061],[150.2061,-34.1097],[150.2032,-34.1099],[150.2017,-34.1191],[150.2041,-34.1179],[150.21,-34.1189],[150.2092,-34.1224],[150.2117,-34.1258],[150.2116,-34.1287],[150.1963,-34.1291],[150.1971,-34.1314],[150.1948,-34.133],[150.1964,-34.1357],[150.192,-34.153],[150.1884,-34.1555],[150.1925,-34.1606],[150.192,-34.1651],[150.1894,-34.1686],[150.1862,-34.1705],[150.1853,-34.1739],[150.1873,-34.1766],[150.1913,-34.1757],[150.1933,-34.1791],[150.2014,-34.1801],[150.2037,-34.1789],[150.2068,-34.1805],[150.2057,-34.1864],[150.2236,-34.1887],[150.2197,-34.1909],[150.2186,-34.1963],[150.2291,-34.1977],[150.2308,-34.1954],[150.2378,-34.1963],[150.2354,-34.2099],[150.2443,-34.2111],[150.2424,-34.2204],[150.2427,-34.2249],[150.2471,-34.2259]]]},"properties":{"SAL_CODE21":"14527","SAL_NAME21":"Yerranderie","STE_CODE21":"1","STE_NAME21":"New South Wales","AUS_CODE21":"AUS","AUS_NAME21":"Australia","AREASQKM21":162.2912,"LOCI_URI21":"http://linked.data.gov.au/dataset/asgsed3/SAL/14527","SHAPE_Leng":1.05770086997,"SHAPE_Area":0.0158651740355}},
{"type":"Feature","geometry":{"type":"Polygon","coordinates":[[[151.0968,-34.047],[151.1013,-34.0516],[151.0999,-34.0567],[151.1065,-34.0544],[151.1087,-34.0465],[151.1052,-34.0421],[151.1013,-34.0415],[151.1002,-34.0438],[151.0964,-34.0435],[151.0968,-34.047]]]},"properties":{"SAL_CODE21":"14537","SAL_NAME21":"Yowie Bay","STE_CODE21":"1","STE_NAME21":"New South Wales","AUS_CODE21":"AUS","AUS_NAME21":"Australia","AREASQKM21":1.2045,"LOCI_URI21":"http://linked.data.gov.au/dataset/asgsed3/SAL/14537","SHAPE_Leng":0.0570561619013,"SHAPE_Area":0.000117603408717}},
{"type":"Feature","geometry":{"type":"Polygon","coordinates":[[[151.2028,-33.9087],[151.2023,-33.9101],[151.2129,-33.9123],[151.2143,-33.904],[151.2071,-33.9032],[151.2028,-33.9055],[151.2028,-33.9087]]]},"properties":{"SAL_CODE21":"14542","SAL_NAME21":"Zetland","STE_CODE21":"1","STE_NAME21":"New South Wales","AUS_CODE21":"AUS","AUS_NAME21":"Australia","AREASQKM21":0.8047,"LOCI_URI21":"http://linked.data.gov.au/dataset/asgsed3/SAL/14542","SHAPE_Leng":0.0364771063188,"SHAPE_Area":0.0000784613710322}}
]}